equipment_id,equipment_type,operation_hours,temperature_celsius,vibration_mm_s,pressure_bar,current_amp,load_percentage,maintenance_days_since_last,failure_history_count,environment_dust_level,shift,failure_next_7_days
EQ-DRILL-RIG-006,drill_rig,4136.9,68.51,5.83,260.98,406.15,78.67,8,0,high,day,0
EQ-CRUSHER-109,crusher,2565.3,95.37,7.14,145.48,590.25,89.06,23,1,high,day,1
EQ-DRILL-RIG-033,drill_rig,3781.1,87.49,5.88,220.49,293.55,71.92,15,2,high,day,0
EQ-CONVEYOR-BELT-107,conveyor_belt,6348.3,71.01,1.56,66.0,187.32,56.88,32,0,medium,night,0
EQ-HAUL-TRUCK-085,haul_truck,1899.7,86.15,5.72,159.75,485.38,78.45,30,0,medium,day,1
EQ-BALL-MILL-031,ball_mill,2542.9,89.48,7.61,147.84,686.61,87.08,7,2,medium,day,0
EQ-DRILL-RIG-071,drill_rig,2094.7,74.64,5.98,225.01,444.25,85.57,21,0,low,day,0
EQ-DRILL-RIG-006,drill_rig,7081.4,81.45,4.43,217.31,450.53,83.72,21,2,high,night,0
EQ-HAUL-TRUCK-106,haul_truck,1861.8,91.33,4.79,187.47,432.76,60.0,44,3,medium,day,0
EQ-CRUSHER-046,crusher,4387.0,83.79,6.36,162.91,490.61,90.92,31,1,medium,day,0
EQ-EXCAVATOR-058,excavator,2106.3,78.86,5.26,236.46,465.82,72.31,19,2,low,day,0
EQ-BALL-MILL-024,ball_mill,4182.4,80.05,8.83,139.06,683.7,83.78,16,3,low,day,1
EQ-CONVEYOR-BELT-055,conveyor_belt,2072.5,64.29,3.47,78.46,178.31,59.81,7,2,high,night,0
EQ-DRILL-RIG-060,drill_rig,3018.7,80.39,5.27,264.04,451.7,81.5,53,0,low,night,0
EQ-CRUSHER-034,crusher,7587.7,87.3,8.19,168.21,537.92,75.02,54,2,low,day,0
EQ-EXCAVATOR-147,excavator,4772.0,78.79,5.16,205.49,362.46,68.41,71,1,medium,night,0
EQ-CONVEYOR-BELT-042,conveyor_belt,4082.1,74.42,0.99,93.24,150.2,85.07,20,1,medium,day,0
EQ-HAUL-TRUCK-028,haul_truck,4624.5,74.28,5.09,146.33,407.1,69.83,85,3,low,night,0
EQ-DRILL-RIG-083,drill_rig,7871.9,70.5,4.95,223.05,361.15,61.77,53,0,low,day,1
EQ-CONVEYOR-BELT-048,conveyor_belt,4205.2,63.59,0.2,105.89,214.33,61.2,58,1,high,day,0
EQ-DRILL-RIG-069,drill_rig,6159.8,82.53,6.49,237.96,355.26,78.47,25,1,high,night,0
EQ-EXCAVATOR-109,excavator,6245.2,66.68,4.36,161.71,361.98,76.41,23,1,medium,night,0
EQ-BALL-MILL-012,ball_mill,5878.2,82.03,7.93,178.09,603.4,104.78,49,2,high,night,1
EQ-BALL-MILL-077,ball_mill,10256.9,96.63,5.4,152.97,613.78,79.88,72,1,medium,night,0
EQ-DRILL-RIG-004,drill_rig,5172.7,88.42,5.26,255.21,309.01,63.59,85,0,medium,night,0
EQ-HAUL-TRUCK-007,haul_truck,5982.5,89.78,4.21,161.52,453.19,52.18,77,0,medium,night,0
EQ-CRUSHER-014,crusher,3044.9,91.5,5.38,166.16,441.93,79.48,44,1,high,day,0
EQ-HAUL-TRUCK-025,haul_truck,3940.3,86.89,4.05,133.86,345.42,60.03,12,1,high,day,0
EQ-HAUL-TRUCK-053,haul_truck,3851.9,81.65,5.02,156.42,389.88,73.12,1,2,medium,night,0
EQ-CONVEYOR-BELT-141,conveyor_belt,2537.3,55.52,1.13,124.71,132.87,62.08,56,1,low,night,0
EQ-CONVEYOR-BELT-136,conveyor_belt,2668.9,68.7,6.19,93.18,194.43,76.99,16,0,high,night,0
EQ-BALL-MILL-016,ball_mill,3823.9,84.8,6.52,184.62,624.81,81.22,104,1,low,day,1
EQ-EXCAVATOR-149,excavator,4300.1,74.08,6.27,206.22,327.17,69.67,76,1,medium,day,1
EQ-EXCAVATOR-096,excavator,7741.1,83.87,3.66,204.68,312.03,81.86,33,1,medium,day,0
EQ-CRUSHER-084,crusher,2534.7,92.67,6.17,201.14,512.67,77.21,36,1,low,night,0
EQ-HAUL-TRUCK-119,haul_truck,2466.8,68.63,4.95,148.86,530.57,81.17,50,0,medium,day,0
EQ-HAUL-TRUCK-073,haul_truck,1927.1,88.68,3.89,172.68,476.89,78.78,35,1,medium,night,0
EQ-CRUSHER-040,crusher,5518.7,92.32,8.16,210.41,493.98,81.79,52,0,high,day,1
EQ-EXCAVATOR-080,excavator,8544.2,60.98,3.76,209.81,168.09,58.7,33,2,low,day,0
EQ-CONVEYOR-BELT-109,conveyor_belt,3721.1,59.3,5.83,82.72,271.49,101.88,23,3,low,night,0
EQ-CRUSHER-103,crusher,4393.2,84.25,6.26,207.06,567.87,82.08,16,1,low,day,1
EQ-DRILL-RIG-026,drill_rig,3758.1,70.44,5.71,187.23,355.98,64.12,24,0,medium,night,0
EQ-CONVEYOR-BELT-141,conveyor_belt,5275.4,62.24,3.63,88.79,42.51,65.22,38,0,medium,day,0
EQ-EXCAVATOR-043,excavator,2292.5,72.14,3.2,197.59,435.09,75.89,15,1,medium,day,1
EQ-DRILL-RIG-123,drill_rig,4779.1,74.33,3.31,230.92,438.06,73.82,62,0,low,night,0
EQ-DRILL-RIG-047,drill_rig,3756.1,87.94,7.27,193.56,376.5,81.96,38,2,high,night,0
EQ-CRUSHER-010,crusher,5608.1,84.38,10.12,164.39,458.96,89.25,28,1,low,day,0
EQ-EXCAVATOR-150,excavator,5517.2,55.87,4.85,175.86,311.03,58.63,15,1,medium,day,0
EQ-CONVEYOR-BELT-089,conveyor_belt,4535.7,65.37,1.88,106.1,146.99,61.49,66,1,high,night,0
EQ-HAUL-TRUCK-033,haul_truck,3479.7,80.78,2.59,151.06,412.81,77.55,83,0,medium,night,0
EQ-HAUL-TRUCK-001,haul_truck,2579.9,82.84,3.85,185.68,430.84,71.52,3,2,medium,night,0
EQ-HAUL-TRUCK-020,haul_truck,5462.8,98.31,5.39,122.02,577.63,90.82,36,1,high,night,0
EQ-DRILL-RIG-026,drill_rig,3998.8,93.33,6.25,265.24,507.92,78.82,73,1,medium,day,1
EQ-CONVEYOR-BELT-139,conveyor_belt,3959.2,57.53,4.41,68.6,63.68,68.07,50,3,low,night,0
EQ-CONVEYOR-BELT-027,conveyor_belt,3228.2,52.07,1.07,75.36,187.01,77.84,8,0,low,night,0
EQ-DRILL-RIG-025,drill_rig,7183.3,91.32,6.77,192.09,358.0,70.22,26,0,high,night,1
EQ-CRUSHER-126,crusher,7330.8,90.43,8.94,217.81,641.16,108.77,13,2,medium,night,1
EQ-CONVEYOR-BELT-132,conveyor_belt,3347.9,74.2,0.58,131.37,93.13,81.38,15,1,high,night,0
EQ-HAUL-TRUCK-032,haul_truck,2752.8,83.28,6.0,171.89,413.66,72.58,34,2,low,night,0
EQ-HAUL-TRUCK-098,haul_truck,3488.3,83.7,1.85,98.73,364.49,61.72,46,3,low,day,0
EQ-CONVEYOR-BELT-081,conveyor_belt,2857.0,71.35,2.74,72.15,213.3,55.9,21,3,high,day,0
EQ-CRUSHER-087,crusher,4730.9,104.82,8.02,156.75,574.27,97.88,32,1,high,night,1
EQ-CONVEYOR-BELT-047,conveyor_belt,3937.9,67.79,3.48,63.21,190.34,89.42,46,0,low,night,0
EQ-DRILL-RIG-113,drill_rig,5346.3,79.52,5.12,184.75,480.64,76.52,9,1,low,day,0
EQ-CONVEYOR-BELT-133,conveyor_belt,3367.0,65.94,3.97,126.94,154.51,76.34,15,3,medium,day,0
EQ-CONVEYOR-BELT-109,conveyor_belt,10618.7,59.44,2.11,99.08,279.38,61.18,17,3,medium,night,0
EQ-CONVEYOR-BELT-136,conveyor_belt,1976.4,68.41,2.29,117.45,162.79,67.44,24,2,medium,night,0
EQ-EXCAVATOR-017,excavator,3874.4,61.94,5.78,192.4,386.47,86.86,27,2,low,night,0
EQ-HAUL-TRUCK-099,haul_truck,9637.0,100.66,4.51,156.96,472.45,93.02,35,3,high,day,1
EQ-CRUSHER-150,crusher,5381.4,100.52,7.75,190.39,553.18,68.11,21,1,low,day,1
EQ-HAUL-TRUCK-081,haul_truck,3618.5,85.18,5.06,185.48,465.27,68.03,48,1,medium,day,0
EQ-CRUSHER-142,crusher,4614.5,94.87,5.45,189.08,470.74,71.76,22,0,medium,night,0
EQ-DRILL-RIG-053,drill_rig,2179.2,90.61,6.4,268.53,460.23,92.96,12,3,low,day,1
EQ-EXCAVATOR-135,excavator,3985.7,81.52,3.61,188.86,307.86,71.11,19,0,medium,night,0
EQ-HAUL-TRUCK-141,haul_truck,2157.8,79.92,5.05,157.08,450.97,74.66,13,1,medium,night,0
EQ-EXCAVATOR-094,excavator,1621.7,70.71,3.9,227.65,355.96,72.2,4,0,medium,night,0
EQ-EXCAVATOR-106,excavator,6969.8,81.81,6.24,210.74,447.62,83.11,97,0,medium,night,0
EQ-CONVEYOR-BELT-079,conveyor_belt,2928.7,59.32,5.79,55.94,235.44,75.17,4,2,low,night,0
EQ-CONVEYOR-BELT-048,conveyor_belt,2083.8,63.41,2.96,122.58,116.06,70.05,23,1,high,night,0
EQ-DRILL-RIG-081,drill_rig,3396.3,74.72,6.23,216.38,358.26,68.86,31,2,medium,day,0
EQ-CONVEYOR-BELT-145,conveyor_belt,5225.7,50.36,2.4,20.0,118.41,68.37,30,1,medium,day,0
EQ-CRUSHER-003,crusher,2163.4,91.28,7.68,218.34,594.81,89.29,4,2,low,night,0
EQ-DRILL-RIG-031,drill_rig,3110.1,88.15,5.34,201.68,294.96,55.41,34,2,medium,day,0
EQ-HAUL-TRUCK-075,haul_truck,5519.1,97.37,5.2,186.26,517.4,88.56,65,1,high,night,1
EQ-HAUL-TRUCK-051,haul_truck,4074.4,84.49,4.07,137.53,375.49,70.61,9,2,medium,day,0
EQ-HAUL-TRUCK-094,haul_truck,7056.5,84.9,4.07,163.4,397.5,90.08,33,3,high,night,0
EQ-CONVEYOR-BELT-055,conveyor_belt,5558.8,68.95,4.14,89.18,218.37,92.83,34,0,low,day,0
EQ-CRUSHER-099,crusher,4963.8,88.86,5.74,196.08,487.06,74.24,28,1,high,night,0
EQ-HAUL-TRUCK-016,haul_truck,5471.1,75.72,5.59,141.38,500.3,79.18,106,0,low,day,1
EQ-CRUSHER-050,crusher,1944.2,89.54,9.23,222.17,601.49,76.29,28,1,medium,night,1
EQ-HAUL-TRUCK-104,haul_truck,3850.6,82.0,5.36,191.98,385.72,83.47,20,0,medium,day,1
EQ-CONVEYOR-BELT-071,conveyor_belt,8995.6,58.16,2.61,127.88,154.79,75.85,6,1,low,night,0
EQ-CRUSHER-108,crusher,3248.9,90.24,10.35,165.86,422.82,71.34,72,0,medium,day,0
EQ-CRUSHER-096,crusher,3882.7,96.29,5.86,203.83,445.93,81.86,13,1,low,night,0
EQ-EXCAVATOR-050,excavator,2954.6,87.32,4.97,226.42,337.82,76.28,37,0,medium,night,1
EQ-CONVEYOR-BELT-065,conveyor_belt,2942.9,72.79,5.61,119.59,134.38,65.0,77,0,high,night,0
EQ-EXCAVATOR-145,excavator,5828.5,77.61,3.95,202.46,472.35,74.06,43,0,medium,night,0
EQ-HAUL-TRUCK-145,haul_truck,8815.3,92.14,4.88,140.76,378.84,80.46,8,1,medium,night,0
EQ-HAUL-TRUCK-006,haul_truck,7478.3,81.59,7.69,137.91,390.57,75.07,50,1,medium,night,1
EQ-BALL-MILL-106,ball_mill,1531.8,78.43,4.09,149.31,557.36,67.71,19,5,high,day,0
EQ-BALL-MILL-074,ball_mill,3764.8,92.4,6.31,155.37,635.85,83.16,47,2,medium,night,1
EQ-CONVEYOR-BELT-001,conveyor_belt,3280.8,54.66,3.6,109.18,161.07,66.12,96,0,medium,day,0
EQ-EXCAVATOR-096,excavator,2270.8,77.39,4.29,197.59,342.65,67.42,44,2,low,night,0
EQ-BALL-MILL-004,ball_mill,5940.8,77.96,7.19,187.83,644.47,77.74,30,1,low,day,1
EQ-DRILL-RIG-048,drill_rig,3393.5,84.59,6.15,197.53,429.19,75.33,2,1,medium,day,0
EQ-CONVEYOR-BELT-104,conveyor_belt,2406.6,60.38,3.03,126.04,175.77,88.99,17,4,medium,night,0
EQ-CRUSHER-122,crusher,4630.8,91.46,6.67,210.07,503.81,69.14,12,1,high,day,0
EQ-EXCAVATOR-062,excavator,2155.7,76.63,6.21,202.03,369.74,71.74,44,0,high,day,0
EQ-HAUL-TRUCK-122,haul_truck,6547.1,85.17,6.95,187.33,422.2,95.05,74,4,medium,day,0
EQ-BALL-MILL-126,ball_mill,6777.7,100.45,7.06,171.03,527.79,72.97,41,0,medium,night,0
EQ-CRUSHER-068,crusher,5421.4,88.18,8.12,196.99,572.87,96.03,33,0,high,day,0
EQ-HAUL-TRUCK-026,haul_truck,4870.1,78.12,5.78,131.79,419.36,86.23,33,3,medium,day,0
EQ-EXCAVATOR-099,excavator,3747.9,81.55,5.9,192.11,401.51,63.34,29,1,medium,night,0
EQ-CONVEYOR-BELT-003,conveyor_belt,4492.6,73.59,2.13,87.57,97.48,73.95,69,0,medium,night,0
EQ-HAUL-TRUCK-134,haul_truck,3705.3,91.97,5.89,141.18,301.8,58.67,52,3,low,day,0
EQ-DRILL-RIG-059,drill_rig,1898.0,88.97,7.13,238.56,371.33,64.59,82,2,medium,night,1
EQ-DRILL-RIG-115,drill_rig,5301.7,95.38,6.16,237.21,367.68,78.94,77,2,medium,day,1
EQ-CONVEYOR-BELT-111,conveyor_belt,7213.9,71.64,0.21,63.95,174.44,58.24,117,3,medium,night,0
EQ-CRUSHER-071,crusher,2959.2,89.18,9.48,166.9,567.05,92.37,59,4,medium,day,1
EQ-CONVEYOR-BELT-146,conveyor_belt,5714.7,70.82,3.47,79.91,167.13,67.44,53,0,low,day,0
EQ-CONVEYOR-BELT-120,conveyor_belt,3934.0,58.81,2.04,61.46,145.65,69.72,30,0,low,day,0
EQ-CONVEYOR-BELT-133,conveyor_belt,3069.8,61.16,0.49,84.98,246.66,58.69,34,2,high,night,0
EQ-HAUL-TRUCK-015,haul_truck,1354.6,77.36,5.76,171.54,503.16,72.86,64,2,high,day,0
EQ-CRUSHER-073,crusher,5380.9,101.48,10.16,179.02,534.11,66.02,25,0,high,night,1
EQ-HAUL-TRUCK-143,haul_truck,4890.7,80.14,4.71,164.35,370.51,86.5,71,0,high,day,0
EQ-CRUSHER-122,crusher,2382.1,94.28,7.75,198.86,475.98,90.68,30,0,low,night,0
EQ-EXCAVATOR-069,excavator,3480.5,77.58,4.88,222.67,393.33,62.95,36,0,low,night,0
EQ-HAUL-TRUCK-011,haul_truck,3920.3,79.38,2.91,143.94,507.37,51.8,92,0,medium,day,0
EQ-HAUL-TRUCK-043,haul_truck,4597.3,74.47,6.13,156.88,463.27,68.79,54,2,medium,day,1
EQ-CONVEYOR-BELT-086,conveyor_belt,6244.2,67.13,1.83,58.15,254.19,88.06,36,1,medium,day,0
EQ-HAUL-TRUCK-097,haul_truck,3642.8,87.18,5.13,198.78,612.3,89.66,108,1,low,night,0
EQ-BALL-MILL-139,ball_mill,1751.6,87.49,7.38,161.68,701.81,91.66,21,3,high,day,1
EQ-CONVEYOR-BELT-014,conveyor_belt,4007.6,54.52,4.74,109.73,123.44,56.25,17,1,medium,night,0
EQ-EXCAVATOR-060,excavator,3249.8,69.33,3.85,169.77,425.69,77.78,16,2,medium,day,0
EQ-CONVEYOR-BELT-041,conveyor_belt,2717.5,64.26,3.22,49.32,200.33,88.14,40,1,high,night,0
EQ-HAUL-TRUCK-145,haul_truck,5809.0,90.27,6.27,137.1,404.98,81.39,35,1,medium,night,1
EQ-BALL-MILL-025,ball_mill,2581.5,77.02,6.95,173.31,618.55,92.21,45,2,high,day,0
EQ-CRUSHER-034,crusher,2056.5,92.29,9.81,201.98,646.61,89.82,7,2,medium,day,1
EQ-DRILL-RIG-045,drill_rig,3135.3,80.73,7.02,242.85,369.05,58.61,8,0,high,night,0
EQ-HAUL-TRUCK-016,haul_truck,3881.2,91.52,5.98,159.43,402.63,72.11,17,2,high,day,1
EQ-CRUSHER-097,crusher,4121.8,91.67,7.91,163.97,543.07,88.41,40,3,medium,night,1
EQ-CRUSHER-079,crusher,6592.1,87.14,7.13,160.02,583.84,85.44,24,1,medium,night,1
EQ-BALL-MILL-084,ball_mill,2865.0,99.75,7.33,184.78,585.55,84.42,13,1,high,day,1
EQ-CONVEYOR-BELT-137,conveyor_belt,5405.0,58.73,3.24,81.13,40.0,57.06,15,1,medium,day,0
EQ-CRUSHER-065,crusher,3138.8,88.59,5.52,213.01,543.73,84.26,56,2,medium,day,0
EQ-EXCAVATOR-047,excavator,1462.8,74.8,3.23,203.27,478.45,59.28,82,1,medium,day,0
EQ-EXCAVATOR-057,excavator,6306.3,86.86,2.73,201.57,411.27,71.64,26,3,low,night,0
EQ-CRUSHER-121,crusher,1889.7,88.12,6.77,206.77,601.35,88.22,13,0,medium,night,1
EQ-CRUSHER-080,crusher,4383.4,87.48,7.43,213.25,714.22,71.93,41,3,high,day,1
EQ-HAUL-TRUCK-026,haul_truck,2001.7,90.32,2.98,152.96,529.65,85.77,100,1,medium,night,0
EQ-DRILL-RIG-104,drill_rig,4776.7,78.63,6.74,225.99,368.29,53.59,37,3,medium,day,1
EQ-BALL-MILL-112,ball_mill,2233.5,87.36,5.79,146.6,563.1,79.13,39,1,low,night,1
EQ-HAUL-TRUCK-038,haul_truck,1707.7,75.09,6.25,181.44,433.5,101.86,31,1,medium,night,0
EQ-CONVEYOR-BELT-084,conveyor_belt,3513.2,74.62,3.56,75.05,131.44,73.31,47,2,medium,day,0
EQ-HAUL-TRUCK-085,haul_truck,1220.3,87.3,7.18,132.31,461.79,67.64,39,0,medium,night,0
EQ-CONVEYOR-BELT-027,conveyor_belt,3661.7,58.95,6.08,82.13,221.86,83.68,6,1,low,night,0
EQ-EXCAVATOR-002,excavator,5392.9,85.39,4.06,203.88,382.34,76.55,46,0,low,day,0
EQ-CONVEYOR-BELT-108,conveyor_belt,8953.0,63.18,2.2,84.67,257.17,68.42,37,2,low,day,0
EQ-CONVEYOR-BELT-093,conveyor_belt,4220.6,54.38,2.86,124.41,118.6,60.95,14,2,low,night,0
EQ-DRILL-RIG-108,drill_rig,3781.9,83.17,3.81,274.76,336.6,67.89,20,2,high,day,0
EQ-HAUL-TRUCK-057,haul_truck,6417.7,96.64,4.45,144.47,404.78,64.45,9,0,high,day,1
EQ-BALL-MILL-078,ball_mill,2140.2,86.47,6.12,155.0,532.13,88.42,51,1,high,day,0
EQ-EXCAVATOR-148,excavator,2598.6,83.46,6.22,219.17,424.92,77.79,61,0,high,night,0
EQ-HAUL-TRUCK-034,haul_truck,5332.4,79.62,5.77,152.03,530.75,96.91,42,1,low,day,1
EQ-CONVEYOR-BELT-098,conveyor_belt,3097.2,74.42,4.59,80.45,160.89,71.67,25,2,high,day,0
EQ-EXCAVATOR-020,excavator,3379.1,58.89,3.73,171.52,270.21,48.68,34,1,medium,day,0
EQ-DRILL-RIG-010,drill_rig,3993.1,92.0,7.88,232.79,432.16,87.33,41,0,high,day,0
EQ-DRILL-RIG-144,drill_rig,2271.8,72.44,5.77,224.95,269.36,69.86,40,0,medium,night,0
EQ-EXCAVATOR-020,excavator,1732.2,84.31,3.71,218.77,363.85,66.69,55,2,medium,day,0
EQ-BALL-MILL-099,ball_mill,2522.7,90.45,6.35,185.01,701.14,96.65,21,3,medium,night,1
EQ-EXCAVATOR-078,excavator,3245.4,66.81,4.13,213.68,509.63,83.03,37,0,low,day,0
EQ-CRUSHER-122,crusher,4778.7,86.86,6.94,225.41,471.32,78.16,17,3,medium,night,0
EQ-EXCAVATOR-082,excavator,3856.0,74.05,4.76,219.53,360.2,80.37,51,2,medium,day,0
EQ-BALL-MILL-105,ball_mill,5248.2,95.99,11.72,143.78,606.34,94.48,18,0,high,night,1
EQ-HAUL-TRUCK-135,haul_truck,3828.1,89.54,6.6,144.27,537.77,89.09,108,2,low,day,1
EQ-HAUL-TRUCK-125,haul_truck,5605.7,84.39,2.84,168.85,402.96,74.82,35,1,medium,night,0
EQ-CRUSHER-109,crusher,3395.9,88.83,11.75,188.53,577.74,99.96,25,3,medium,day,1
EQ-BALL-MILL-025,ball_mill,1292.4,99.31,8.18,198.19,522.58,81.42,21,1,low,day,0
EQ-BALL-MILL-026,ball_mill,2837.4,85.27,10.12,168.46,653.75,90.71,34,2,medium,night,1
EQ-CONVEYOR-BELT-075,conveyor_belt,4043.5,69.05,3.28,64.88,187.27,74.38,93,0,medium,day,0
EQ-BALL-MILL-099,ball_mill,5020.5,81.75,6.29,171.47,541.32,89.08,14,0,medium,day,0
EQ-BALL-MILL-101,ball_mill,2975.8,107.1,6.1,187.8,602.11,100.99,52,2,low,night,1
EQ-CRUSHER-119,crusher,4243.8,92.75,8.05,150.93,529.65,84.3,17,0,low,night,0
EQ-EXCAVATOR-016,excavator,3168.0,79.86,6.74,220.69,410.69,74.48,13,4,medium,night,1
EQ-DRILL-RIG-027,drill_rig,2616.0,93.24,7.33,204.4,345.73,84.51,45,1,high,night,0
EQ-CONVEYOR-BELT-023,conveyor_belt,5021.5,64.09,3.91,99.7,221.55,84.91,26,1,high,day,0
EQ-EXCAVATOR-082,excavator,4583.8,86.64,3.88,204.83,325.2,68.22,33,0,low,day,0
EQ-HAUL-TRUCK-096,haul_truck,10299.2,84.63,2.11,174.72,397.07,78.62,42,2,medium,night,0
EQ-CONVEYOR-BELT-018,conveyor_belt,2978.4,74.06,2.73,87.68,88.25,56.87,93,2,high,day,0
EQ-EXCAVATOR-131,excavator,6707.5,74.27,4.39,213.23,316.63,71.86,51,2,low,day,0
EQ-BALL-MILL-046,ball_mill,1890.4,77.36,5.7,171.85,634.33,102.57,26,3,low,day,0
EQ-EXCAVATOR-100,excavator,6709.9,80.44,3.69,240.03,349.29,78.18,55,0,low,day,0
EQ-HAUL-TRUCK-113,haul_truck,3867.9,73.54,4.9,168.62,386.76,87.3,11,0,low,day,0
EQ-DRILL-RIG-006,drill_rig,3247.2,68.2,6.44,198.06,452.37,75.76,29,1,high,day,1
EQ-HAUL-TRUCK-130,haul_truck,4593.6,85.16,2.92,120.44,377.24,87.32,23,1,high,night,0
EQ-HAUL-TRUCK-146,haul_truck,4750.6,94.48,7.01,151.98,429.7,88.06,121,2,medium,night,1
EQ-CONVEYOR-BELT-144,conveyor_belt,6334.0,75.42,1.89,86.79,88.08,59.89,17,0,medium,night,0
EQ-DRILL-RIG-021,drill_rig,2438.2,86.83,4.71,277.23,341.08,56.96,51,0,high,day,0
EQ-HAUL-TRUCK-059,haul_truck,1879.1,77.54,5.99,153.87,419.62,68.99,22,2,low,day,0
EQ-EXCAVATOR-035,excavator,4606.8,65.55,6.49,171.51,453.55,69.91,16,2,low,night,1
EQ-DRILL-RIG-068,drill_rig,4478.0,71.61,1.82,197.63,437.78,75.75,19,1,low,day,0
EQ-BALL-MILL-147,ball_mill,6284.9,89.87,5.91,136.82,460.17,78.84,37,2,high,day,0
EQ-CRUSHER-115,crusher,3089.4,92.01,7.36,217.03,616.78,86.96,32,1,medium,night,0
EQ-HAUL-TRUCK-116,haul_truck,2806.3,98.77,6.71,134.11,401.4,75.08,25,2,medium,night,0
EQ-HAUL-TRUCK-064,haul_truck,4546.0,82.85,5.27,139.86,498.46,99.41,62,1,medium,day,1
EQ-EXCAVATOR-141,excavator,3967.2,79.22,5.31,241.99,402.94,79.54,28,0,low,night,0
EQ-HAUL-TRUCK-139,haul_truck,4971.2,94.94,6.64,198.26,494.09,85.18,59,0,medium,night,1
EQ-CONVEYOR-BELT-121,conveyor_belt,2724.8,65.4,5.18,82.46,365.35,92.56,33,0,high,night,0
EQ-HAUL-TRUCK-123,haul_truck,6681.6,87.07,5.41,177.03,446.85,96.38,14,1,high,day,0
EQ-CRUSHER-098,crusher,4413.4,90.71,5.84,182.07,615.14,102.08,36,3,medium,night,1
EQ-CONVEYOR-BELT-015,conveyor_belt,6214.7,71.37,2.87,81.91,95.48,72.44,35,0,low,night,0
EQ-CONVEYOR-BELT-043,conveyor_belt,3592.2,66.94,3.92,92.61,259.85,74.56,137,2,high,day,0
EQ-HAUL-TRUCK-116,haul_truck,2658.0,69.3,5.54,132.62,418.72,80.17,77,2,medium,night,1
EQ-DRILL-RIG-050,drill_rig,4672.5,80.32,10.06,204.62,460.25,89.52,86,4,medium,night,1
EQ-CONVEYOR-BELT-026,conveyor_belt,5255.7,52.55,3.75,72.67,217.18,78.1,31,1,low,day,0
EQ-CONVEYOR-BELT-143,conveyor_belt,1744.4,64.63,0.2,106.26,176.74,71.36,21,1,low,day,0
EQ-HAUL-TRUCK-074,haul_truck,8581.6,78.92,7.84,173.61,493.3,72.4,28,2,medium,day,0
EQ-HAUL-TRUCK-130,haul_truck,2793.7,80.45,3.0,172.06,437.35,67.56,27,2,medium,night,0
EQ-BALL-MILL-043,ball_mill,4156.4,81.6,6.19,165.45,642.89,90.7,60,0,low,day,0
EQ-CRUSHER-054,crusher,5126.7,90.54,7.26,223.03,613.46,92.51,22,1,low,day,1
EQ-EXCAVATOR-052,excavator,3950.7,85.16,3.49,258.69,376.24,84.43,55,1,medium,day,0
EQ-CRUSHER-056,crusher,4063.1,83.64,7.28,166.92,565.39,107.55,66,0,medium,night,1
EQ-CONVEYOR-BELT-066,conveyor_belt,4110.3,61.87,3.31,142.19,222.03,83.73,47,0,medium,night,0
EQ-BALL-MILL-045,ball_mill,1426.7,79.57,6.12,174.94,578.73,71.07,12,0,low,day,0
EQ-EXCAVATOR-123,excavator,4229.4,79.77,3.72,229.26,346.37,70.25,45,1,high,night,0
EQ-BALL-MILL-049,ball_mill,3064.0,87.86,6.59,188.01,531.64,85.27,11,4,high,day,1
EQ-HAUL-TRUCK-067,haul_truck,6155.1,79.17,7.29,142.06,419.28,73.44,35,0,medium,day,1
EQ-CONVEYOR-BELT-130,conveyor_belt,5656.6,56.49,3.41,75.93,288.46,77.29,28,0,medium,night,0
EQ-CONVEYOR-BELT-066,conveyor_belt,1934.1,68.57,0.2,87.3,184.95,70.65,49,4,high,day,0
EQ-HAUL-TRUCK-002,haul_truck,1885.9,74.71,2.56,170.08,430.45,91.46,24,0,low,night,0
EQ-HAUL-TRUCK-001,haul_truck,8748.4,81.59,4.94,149.07,489.7,79.18,22,1,high,night,0
EQ-CRUSHER-066,crusher,1032.7,77.35,7.48,206.44,576.01,81.54,25,3,medium,night,0
EQ-BALL-MILL-098,ball_mill,2854.7,81.84,7.63,143.23,717.56,85.16,26,1,medium,day,1
EQ-CONVEYOR-BELT-142,conveyor_belt,2182.7,66.75,1.05,101.16,172.29,53.53,11,1,medium,day,0
EQ-BALL-MILL-020,ball_mill,6592.7,88.63,8.03,149.75,548.25,82.12,68,0,low,day,0
EQ-DRILL-RIG-082,drill_rig,3663.9,82.26,5.14,229.88,461.95,79.24,27,1,high,night,1
EQ-CRUSHER-044,crusher,2787.1,81.68,10.26,162.05,482.81,80.38,56,0,medium,night,1
EQ-DRILL-RIG-068,drill_rig,3995.5,82.03,5.9,264.95,466.15,88.74,44,5,low,night,0
EQ-HAUL-TRUCK-067,haul_truck,8402.0,89.77,5.44,119.26,390.24,62.02,28,1,medium,night,1
EQ-HAUL-TRUCK-047,haul_truck,4879.7,105.39,4.06,149.46,309.9,67.22,23,2,high,day,0
EQ-DRILL-RIG-003,drill_rig,4832.6,86.54,4.37,207.01,453.58,77.62,10,2,high,night,0
EQ-DRILL-RIG-012,drill_rig,1707.5,91.93,4.93,226.09,349.11,89.65,20,1,medium,night,0
EQ-EXCAVATOR-079,excavator,6303.9,74.99,5.94,205.31,368.4,80.19,12,6,low,day,0
EQ-CRUSHER-034,crusher,2419.5,95.35,8.55,217.9,504.29,81.8,15,0,medium,night,0
EQ-CONVEYOR-BELT-050,conveyor_belt,4690.4,77.41,3.05,108.32,295.28,81.27,55,2,low,night,0
EQ-DRILL-RIG-014,drill_rig,2658.4,76.67,5.93,238.87,498.19,79.09,24,0,high,night,0
EQ-CONVEYOR-BELT-008,conveyor_belt,3977.3,67.55,2.88,102.02,276.32,90.67,18,3,high,night,0
EQ-CRUSHER-020,crusher,3879.7,105.12,8.22,151.17,611.08,88.91,24,1,high,day,1
EQ-EXCAVATOR-057,excavator,11435.9,87.76,6.67,210.3,364.27,68.26,12,0,low,night,1
EQ-CRUSHER-025,crusher,3186.7,90.84,7.48,186.63,612.58,94.48,14,1,high,day,1
EQ-CONVEYOR-BELT-035,conveyor_belt,4456.9,59.85,4.7,68.98,113.62,83.35,59,0,high,night,0
EQ-DRILL-RIG-046,drill_rig,3641.7,81.36,4.56,235.3,397.35,58.19,81,2,medium,day,1
EQ-CRUSHER-044,crusher,2121.8,98.36,7.24,182.7,607.56,89.32,32,3,high,night,1
EQ-EXCAVATOR-002,excavator,4687.1,75.5,4.32,232.81,312.63,70.05,7,3,medium,day,0
EQ-EXCAVATOR-018,excavator,5805.8,81.1,6.31,227.44,410.23,80.49,78,1,medium,day,0
EQ-CONVEYOR-BELT-143,conveyor_belt,2272.9,58.86,4.89,53.05,40.0,45.67,103,1,low,day,0
EQ-DRILL-RIG-101,drill_rig,3448.7,81.99,5.15,259.51,516.86,65.44,40,1,low,night,0
EQ-HAUL-TRUCK-019,haul_truck,4028.4,83.43,5.81,135.56,380.35,103.73,19,1,low,day,0
EQ-HAUL-TRUCK-043,haul_truck,5522.5,81.55,5.29,145.89,374.88,68.75,55,1,medium,day,0
EQ-CONVEYOR-BELT-058,conveyor_belt,5624.3,71.38,2.59,57.42,220.63,83.69,31,1,medium,day,0
EQ-HAUL-TRUCK-136,haul_truck,1650.1,64.7,5.87,170.68,388.61,80.91,51,1,low,day,0
EQ-DRILL-RIG-132,drill_rig,8706.6,77.84,6.08,241.74,418.57,88.05,8,1,low,night,0
EQ-EXCAVATOR-116,excavator,4892.0,72.42,6.18,218.36,472.5,95.34,23,0,medium,day,0
EQ-HAUL-TRUCK-016,haul_truck,3924.0,100.86,4.84,170.7,461.42,87.83,12,1,high,day,0
EQ-BALL-MILL-074,ball_mill,5502.2,87.8,8.17,140.06,487.69,90.28,15,1,medium,day,0
EQ-HAUL-TRUCK-073,haul_truck,7061.0,94.46,3.93,167.88,328.29,74.59,8,1,high,day,0
EQ-EXCAVATOR-096,excavator,3616.4,80.54,7.86,187.76,358.3,71.65,16,1,high,day,0
EQ-HAUL-TRUCK-127,haul_truck,3419.6,80.8,4.74,166.33,385.48,51.87,68,1,medium,day,0
EQ-HAUL-TRUCK-049,haul_truck,2140.7,86.17,4.25,136.24,355.48,64.48,17,1,medium,day,0
EQ-HAUL-TRUCK-084,haul_truck,3440.9,80.69,4.8,142.25,472.48,67.55,8,1,medium,day,0
EQ-HAUL-TRUCK-040,haul_truck,5047.6,78.77,4.23,185.3,362.72,62.3,17,1,high,day,0
EQ-HAUL-TRUCK-032,haul_truck,3443.2,82.72,5.51,198.99,518.9,93.69,9,0,medium,night,1
EQ-HAUL-TRUCK-047,haul_truck,3380.2,93.01,4.25,159.66,451.49,86.8,33,2,high,day,0
EQ-CONVEYOR-BELT-111,conveyor_belt,7870.0,78.83,2.09,106.49,150.28,77.43,18,1,medium,night,0
EQ-CONVEYOR-BELT-066,conveyor_belt,4426.5,69.71,3.12,80.79,190.61,70.65,26,1,low,night,0
EQ-CRUSHER-103,crusher,4431.1,81.06,8.25,170.86,509.81,92.55,20,1,medium,night,1
EQ-EXCAVATOR-104,excavator,5082.5,73.62,4.35,242.6,351.0,100.18,26,2,high,day,0
EQ-CRUSHER-055,crusher,5955.9,84.47,8.31,184.78,559.02,74.08,7,1,high,night,1
EQ-DRILL-RIG-144,drill_rig,4075.0,85.87,7.21,282.74,338.95,68.19,16,1,high,night,0
EQ-DRILL-RIG-007,drill_rig,2582.3,80.64,6.61,243.07,464.66,76.09,45,2,medium,night,0
EQ-HAUL-TRUCK-135,haul_truck,4865.5,88.06,4.52,166.46,438.95,91.64,48,0,medium,night,0
EQ-HAUL-TRUCK-002,haul_truck,6312.2,85.48,3.21,206.63,345.91,68.13,28,0,high,day,0
EQ-EXCAVATOR-058,excavator,4830.5,66.64,7.67,224.6,370.04,68.02,29,2,low,night,0
EQ-EXCAVATOR-124,excavator,5481.0,74.17,6.57,220.23,324.94,85.64,6,3,low,night,0
EQ-CONVEYOR-BELT-103,conveyor_belt,3380.6,67.03,4.4,74.47,168.05,55.55,39,0,medium,day,0
EQ-CRUSHER-049,crusher,2790.5,89.89,8.52,168.71,481.24,82.24,67,2,medium,day,1
EQ-HAUL-TRUCK-133,haul_truck,4295.1,90.06,5.12,150.51,387.02,75.39,9,4,medium,night,0
EQ-EXCAVATOR-021,excavator,3099.7,89.32,4.2,233.59,313.0,85.42,53,4,high,day,0
EQ-CRUSHER-101,crusher,7154.5,99.91,9.07,178.56,565.31,94.84,8,2,low,night,0
EQ-HAUL-TRUCK-078,haul_truck,4936.3,84.74,3.89,163.55,535.87,89.26,32,2,high,day,1
EQ-DRILL-RIG-032,drill_rig,3203.1,93.27,4.32,239.02,456.79,79.69,7,2,medium,night,1
EQ-HAUL-TRUCK-139,haul_truck,2341.5,95.7,5.03,145.35,390.52,58.55,10,1,high,day,0
EQ-BALL-MILL-115,ball_mill,6219.0,87.09,11.02,166.73,569.55,82.68,15,2,medium,night,1
EQ-HAUL-TRUCK-002,haul_truck,2518.4,76.66,6.74,113.24,431.84,98.26,13,1,medium,day,1
EQ-DRILL-RIG-014,drill_rig,3976.2,90.87,7.73,202.16,304.1,74.22,63,2,high,night,0
EQ-BALL-MILL-009,ball_mill,4451.6,90.91,6.68,164.33,548.43,80.6,34,0,medium,day,0
EQ-BALL-MILL-063,ball_mill,2534.4,72.73,9.5,150.37,575.76,69.26,14,1,low,day,1
EQ-DRILL-RIG-063,drill_rig,3704.7,82.76,5.02,238.45,387.87,71.11,45,4,low,day,0
EQ-DRILL-RIG-109,drill_rig,6665.5,94.63,3.87,211.44,378.1,81.0,51,2,low,day,1
EQ-CONVEYOR-BELT-102,conveyor_belt,1945.6,62.51,3.03,81.42,257.56,61.61,40,1,medium,night,0
EQ-DRILL-RIG-003,drill_rig,6201.2,79.7,6.36,226.02,372.27,75.15,37,3,medium,day,0
EQ-HAUL-TRUCK-072,haul_truck,4314.1,81.48,7.37,146.87,480.37,90.69,37,0,medium,day,0
EQ-CRUSHER-118,crusher,2938.9,91.87,8.89,188.25,581.01,82.48,13,0,medium,night,1
EQ-CRUSHER-135,crusher,1882.2,77.16,5.52,166.21,528.73,69.63,32,3,low,day,1
EQ-DRILL-RIG-044,drill_rig,3754.6,84.34,5.55,237.13,425.98,85.36,63,1,low,day,0
EQ-CRUSHER-007,crusher,3014.6,91.16,8.29,182.7,634.19,97.51,89,2,high,night,1
EQ-CRUSHER-023,crusher,3732.9,83.88,9.13,200.76,433.69,74.28,29,2,high,day,0
EQ-CONVEYOR-BELT-052,conveyor_belt,5126.5,61.98,4.77,102.42,170.63,75.08,19,2,medium,night,0
EQ-EXCAVATOR-067,excavator,1812.1,81.35,6.45,207.91,436.46,87.77,15,0,medium,night,1
EQ-HAUL-TRUCK-053,haul_truck,4203.0,92.56,4.87,168.17,419.81,82.59,60,2,high,day,0
EQ-CRUSHER-014,crusher,8066.4,96.76,6.91,165.39,512.37,82.51,15,1,high,night,0
EQ-CRUSHER-052,crusher,3208.6,84.89,6.51,187.03,468.46,84.54,26,3,medium,night,1
EQ-EXCAVATOR-044,excavator,4800.7,83.36,4.12,218.63,230.16,69.98,25,1,medium,day,0
EQ-EXCAVATOR-074,excavator,1411.9,69.66,5.69,198.85,389.3,79.69,49,2,low,night,0
EQ-EXCAVATOR-012,excavator,1805.9,92.86,6.13,205.73,420.3,76.01,39,2,medium,day,0
EQ-EXCAVATOR-119,excavator,2837.4,86.24,4.37,223.48,483.73,72.38,103,0,medium,night,1
EQ-EXCAVATOR-063,excavator,6813.4,70.63,7.81,212.15,274.24,73.24,38,1,low,night,0
EQ-CONVEYOR-BELT-048,conveyor_belt,3057.2,65.57,4.62,125.37,158.44,65.2,61,1,low,day,0
EQ-EXCAVATOR-136,excavator,4869.3,77.76,4.98,214.01,316.37,58.88,21,0,high,day,0
EQ-BALL-MILL-112,ball_mill,3040.5,85.86,8.3,173.53,531.65,74.17,38,1,low,day,1
EQ-BALL-MILL-021,ball_mill,2157.3,89.92,8.64,124.11,600.03,90.58,64,0,high,night,1
EQ-CRUSHER-022,crusher,3533.5,101.98,4.81,161.05,476.3,64.3,58,4,high,night,1
EQ-EXCAVATOR-001,excavator,5066.3,67.27,5.33,205.59,322.25,73.24,10,1,medium,day,0
EQ-CRUSHER-085,crusher,6226.3,81.24,6.16,220.83,514.92,72.8,13,5,low,day,1
EQ-DRILL-RIG-054,drill_rig,3758.6,80.7,2.24,242.74,326.08,63.89,39,0,high,night,0
EQ-CONVEYOR-BELT-057,conveyor_belt,4862.8,65.53,4.43,74.5,163.76,92.65,26,2,medium,day,0
EQ-DRILL-RIG-077,drill_rig,4054.0,80.61,5.41,233.9,449.81,70.2,31,3,medium,day,1
EQ-CRUSHER-081,crusher,4226.6,83.53,7.25,194.06,530.2,78.77,25,2,medium,day,0
EQ-CONVEYOR-BELT-001,conveyor_belt,2557.2,52.61,2.8,66.71,136.61,52.42,55,1,low,night,0
EQ-EXCAVATOR-017,excavator,2684.4,66.46,6.33,170.1,386.21,69.49,35,1,medium,day,0
EQ-CONVEYOR-BELT-119,conveyor_belt,2261.8,59.79,1.67,97.55,114.75,68.97,28,3,high,night,0
EQ-HAUL-TRUCK-144,haul_truck,3139.8,90.53,8.7,125.16,383.13,71.15,125,3,medium,night,0
EQ-CONVEYOR-BELT-126,conveyor_belt,5820.7,65.33,3.13,96.84,169.68,52.18,63,2,high,day,0
EQ-DRILL-RIG-136,drill_rig,7561.1,80.17,7.88,207.06,397.91,94.86,72,1,medium,night,0
EQ-HAUL-TRUCK-070,haul_truck,5815.9,82.28,5.54,170.9,382.59,63.41,12,2,high,day,1
EQ-CONVEYOR-BELT-124,conveyor_belt,4757.7,67.41,2.03,78.46,118.21,51.94,131,3,high,day,1
EQ-HAUL-TRUCK-133,haul_truck,4002.5,77.38,5.26,131.44,504.78,85.39,121,0,low,night,0
EQ-CONVEYOR-BELT-134,conveyor_belt,5808.5,62.67,5.4,105.35,135.15,57.52,54,0,high,day,0
EQ-HAUL-TRUCK-023,haul_truck,12709.2,92.09,7.96,146.3,469.7,94.74,34,1,high,night,0
EQ-BALL-MILL-023,ball_mill,4410.0,88.79,7.39,162.03,610.7,74.78,18,2,medium,night,0
EQ-HAUL-TRUCK-061,haul_truck,5039.0,97.03,3.78,155.6,483.46,82.08,58,2,high,day,0
EQ-BALL-MILL-076,ball_mill,4427.4,90.75,7.26,185.65,586.65,86.33,105,2,low,night,0
EQ-DRILL-RIG-144,drill_rig,8496.0,80.94,6.58,206.69,396.61,94.25,35,1,low,night,0
EQ-CONVEYOR-BELT-048,conveyor_belt,3701.0,64.46,4.39,97.56,180.98,50.43,13,3,low,day,0
EQ-DRILL-RIG-125,drill_rig,2671.2,86.18,4.25,204.05,330.4,74.94,32,0,medium,day,0
EQ-DRILL-RIG-134,drill_rig,5333.1,80.23,6.63,242.52,393.82,64.0,22,2,low,night,0
EQ-BALL-MILL-145,ball_mill,2675.6,87.55,9.73,183.95,546.93,85.79,15,2,low,day,0
EQ-EXCAVATOR-029,excavator,4552.2,83.78,6.26,238.6,308.73,71.51,8,0,high,day,0
EQ-CONVEYOR-BELT-037,conveyor_belt,4015.1,65.86,3.1,68.08,191.06,76.08,97,0,medium,day,0
EQ-HAUL-TRUCK-033,haul_truck,4820.7,93.31,5.05,139.57,427.37,85.07,76,2,high,day,0
EQ-CONVEYOR-BELT-111,conveyor_belt,4096.9,64.77,2.9,84.92,204.79,61.18,24,1,low,day,0
EQ-HAUL-TRUCK-104,haul_truck,1603.9,75.22,4.66,160.57,417.85,85.37,4,1,low,night,0
EQ-CONVEYOR-BELT-062,conveyor_belt,5118.5,74.66,0.97,114.03,116.25,57.96,44,0,high,night,0
EQ-CONVEYOR-BELT-014,conveyor_belt,4620.3,57.84,2.52,111.05,220.8,69.62,81,0,medium,night,0
EQ-CRUSHER-079,crusher,6441.8,101.52,9.41,155.69,608.88,94.25,104,1,medium,day,1
EQ-CRUSHER-110,crusher,2803.0,82.99,5.65,225.45,596.43,86.62,43,1,high,day,0
EQ-DRILL-RIG-072,drill_rig,1491.4,83.3,7.19,226.01,362.97,88.04,18,0,medium,day,0
EQ-DRILL-RIG-041,drill_rig,5310.3,76.46,6.85,236.63,487.24,101.53,39,0,medium,day,1
EQ-CRUSHER-089,crusher,5209.0,99.85,9.75,192.96,566.39,110.0,28,0,medium,night,1
EQ-CONVEYOR-BELT-100,conveyor_belt,5067.0,62.87,6.04,94.41,114.27,67.69,25,1,low,day,0
EQ-BALL-MILL-089,ball_mill,1121.7,97.3,9.85,199.82,570.55,70.58,70,0,medium,night,1
EQ-HAUL-TRUCK-131,haul_truck,9146.3,79.29,3.17,157.41,521.1,79.96,45,3,medium,day,0
EQ-HAUL-TRUCK-048,haul_truck,904.2,75.9,6.43,161.45,389.35,83.53,10,0,low,night,0
EQ-HAUL-TRUCK-092,haul_truck,1480.6,95.42,5.66,192.3,454.43,94.87,70,0,medium,night,1
EQ-CONVEYOR-BELT-129,conveyor_belt,2116.8,66.96,3.7,145.66,221.0,67.24,97,0,medium,night,0
EQ-CRUSHER-032,crusher,5574.8,85.18,8.15,165.78,609.11,105.3,17,2,medium,night,0
EQ-DRILL-RIG-043,drill_rig,6671.2,77.4,8.18,204.97,430.42,60.29,44,2,high,night,0
EQ-CONVEYOR-BELT-008,conveyor_belt,4103.3,73.4,2.97,97.61,131.65,65.44,28,3,high,night,0
EQ-EXCAVATOR-057,excavator,5141.3,62.23,6.28,192.21,462.47,60.65,7,4,medium,day,1
EQ-BALL-MILL-007,ball_mill,2717.6,89.05,7.57,191.53,591.82,96.36,39,2,high,day,1
EQ-DRILL-RIG-112,drill_rig,2395.3,84.17,8.2,215.83,395.91,86.18,56,2,high,night,1
EQ-EXCAVATOR-014,excavator,1738.3,76.89,6.21,229.74,308.13,70.68,39,2,low,day,0
EQ-EXCAVATOR-104,excavator,5132.3,72.35,8.34,210.63,380.41,77.15,78,2,low,night,0
EQ-EXCAVATOR-087,excavator,6455.9,79.78,5.44,219.99,382.21,64.17,37,3,low,day,0
EQ-HAUL-TRUCK-149,haul_truck,2002.0,83.07,5.99,141.88,511.21,84.31,7,1,low,night,0
EQ-HAUL-TRUCK-053,haul_truck,2640.0,81.85,5.88,170.38,414.34,79.54,19,1,medium,day,0
EQ-BALL-MILL-052,ball_mill,3108.6,88.96,6.9,174.58,628.55,87.11,65,1,medium,night,1
EQ-CRUSHER-037,crusher,2160.2,85.82,5.51,238.8,625.58,81.38,2,1,high,day,0
EQ-CRUSHER-081,crusher,4593.6,96.2,8.59,181.59,632.37,86.06,20,3,medium,day,1
EQ-CONVEYOR-BELT-033,conveyor_belt,3334.8,63.44,3.86,97.24,125.36,74.09,38,1,low,night,0
EQ-CONVEYOR-BELT-018,conveyor_belt,6955.7,61.07,2.93,83.49,202.0,76.76,65,2,high,day,0
EQ-BALL-MILL-143,ball_mill,2738.0,90.18,6.6,141.82,530.49,82.39,84,0,medium,day,1
EQ-DRILL-RIG-102,drill_rig,5822.6,75.15,7.3,258.02,494.83,82.07,27,2,low,night,1
EQ-CRUSHER-018,crusher,1804.8,89.74,8.39,149.55,519.81,73.82,33,0,low,night,0
EQ-EXCAVATOR-093,excavator,2912.4,78.8,5.61,205.58,405.72,77.56,21,2,medium,day,0
EQ-BALL-MILL-046,ball_mill,4188.0,78.13,7.49,159.16,565.45,82.02,35,1,medium,night,0
EQ-CONVEYOR-BELT-028,conveyor_belt,4612.6,63.57,2.94,85.99,244.24,58.64,12,1,medium,day,0
EQ-BALL-MILL-071,ball_mill,7429.3,100.41,5.07,159.73,568.45,64.21,46,1,high,day,0
EQ-HAUL-TRUCK-119,haul_truck,4533.1,87.42,2.42,143.46,520.15,69.23,3,0,medium,night,0
EQ-DRILL-RIG-001,drill_rig,4566.6,91.02,4.39,222.69,366.11,66.05,43,1,high,day,0
EQ-CONVEYOR-BELT-054,conveyor_belt,2413.3,63.81,3.5,101.07,217.84,88.07,28,1,medium,day,0
EQ-HAUL-TRUCK-139,haul_truck,2581.6,87.31,6.78,160.22,406.7,87.13,67,0,medium,day,1
EQ-CONVEYOR-BELT-060,conveyor_belt,3084.2,63.99,5.63,76.73,180.59,69.83,55,2,low,night,0
EQ-CONVEYOR-BELT-015,conveyor_belt,3876.2,75.6,0.3,105.79,131.28,82.75,25,1,medium,night,0
EQ-HAUL-TRUCK-065,haul_truck,3697.9,81.25,3.91,181.12,473.58,78.96,53,2,medium,day,0
EQ-CRUSHER-103,crusher,4630.3,84.05,7.82,212.27,552.74,75.55,13,1,medium,night,1
EQ-DRILL-RIG-150,drill_rig,7060.2,84.45,6.95,265.58,488.7,86.79,8,0,medium,night,0
EQ-EXCAVATOR-095,excavator,3961.8,68.02,7.17,201.9,358.09,75.27,42,0,medium,day,0
EQ-CRUSHER-008,crusher,5486.4,87.49,8.06,191.62,517.23,74.21,8,2,medium,night,1
EQ-CRUSHER-122,crusher,2566.5,78.79,8.34,215.01,371.57,64.6,89,1,medium,day,0
EQ-EXCAVATOR-118,excavator,7523.9,76.2,5.22,188.84,268.62,70.24,6,1,medium,day,0
EQ-BALL-MILL-098,ball_mill,3898.1,94.67,4.19,197.78,568.17,63.4,63,0,high,day,0
EQ-DRILL-RIG-135,drill_rig,7469.4,78.73,5.98,244.6,424.25,64.8,28,5,medium,day,0
EQ-HAUL-TRUCK-116,haul_truck,3457.3,87.47,6.33,181.75,533.0,79.14,47,2,medium,night,0
EQ-BALL-MILL-035,ball_mill,3199.5,85.76,6.74,191.56,664.16,94.85,35,1,medium,night,1
EQ-DRILL-RIG-064,drill_rig,2878.3,83.56,5.53,219.7,358.22,71.63,20,2,medium,night,0
EQ-EXCAVATOR-077,excavator,2235.8,81.91,3.76,238.93,367.39,80.4,18,1,high,day,0
EQ-DRILL-RIG-074,drill_rig,6032.6,83.79,5.74,255.8,402.91,73.41,49,1,high,day,1
EQ-HAUL-TRUCK-096,haul_truck,2639.5,87.71,3.31,149.8,460.09,84.17,67,2,high,day,0
EQ-BALL-MILL-106,ball_mill,4562.2,88.89,6.17,147.8,533.03,74.58,39,2,high,day,0
EQ-CONVEYOR-BELT-016,conveyor_belt,2114.7,61.47,2.21,106.18,324.44,71.1,46,3,medium,night,0
EQ-CONVEYOR-BELT-086,conveyor_belt,8472.4,70.32,0.2,59.0,130.52,79.08,37,1,high,night,0
EQ-HAUL-TRUCK-006,haul_truck,6097.5,99.99,5.46,179.98,459.78,78.31,10,1,high,night,0
EQ-BALL-MILL-077,ball_mill,5911.5,98.96,5.99,220.86,497.93,74.37,11,0,high,night,0
EQ-HAUL-TRUCK-064,haul_truck,4214.5,87.25,4.14,166.24,491.14,82.26,84,2,high,day,1
EQ-EXCAVATOR-031,excavator,3691.4,78.48,4.77,226.79,304.71,84.68,28,1,medium,day,0
EQ-HAUL-TRUCK-149,haul_truck,2983.1,86.82,5.3,162.68,300.64,80.15,61,2,medium,day,0
EQ-DRILL-RIG-039,drill_rig,7409.6,74.07,2.12,236.19,388.27,63.22,23,3,medium,night,0
EQ-HAUL-TRUCK-009,haul_truck,1782.9,79.59,4.66,166.08,507.27,74.16,16,4,medium,day,0
EQ-BALL-MILL-054,ball_mill,5181.0,83.4,6.96,166.4,638.68,62.85,23,1,medium,day,0
EQ-CONVEYOR-BELT-114,conveyor_belt,2697.3,52.55,2.27,57.03,159.68,53.43,52,0,medium,night,0
EQ-HAUL-TRUCK-002,haul_truck,2109.3,79.68,5.53,159.48,476.06,87.77,18,2,medium,day,1
EQ-HAUL-TRUCK-074,haul_truck,3305.3,88.73,4.12,140.86,380.35,49.54,37,1,medium,night,0
EQ-HAUL-TRUCK-063,haul_truck,3330.2,77.62,4.39,156.95,459.02,84.48,46,0,medium,day,1
EQ-CONVEYOR-BELT-130,conveyor_belt,4675.5,56.16,2.81,83.69,169.35,57.3,33,4,low,day,0
EQ-DRILL-RIG-001,drill_rig,6384.3,79.21,6.43,205.86,352.68,75.44,37,1,medium,day,0
EQ-EXCAVATOR-003,excavator,3632.8,78.78,4.5,220.58,353.44,69.13,37,1,medium,night,0
EQ-DRILL-RIG-085,drill_rig,1525.3,81.35,5.66,231.06,314.25,62.99,17,0,medium,night,0
EQ-HAUL-TRUCK-027,haul_truck,2600.2,84.33,6.5,191.48,300.69,66.79,26,0,low,day,0
EQ-DRILL-RIG-106,drill_rig,3609.4,87.92,3.65,231.47,360.03,70.83,16,1,medium,night,0
EQ-BALL-MILL-042,ball_mill,3145.0,96.24,8.48,156.54,550.41,90.31,25,0,medium,night,1
EQ-DRILL-RIG-085,drill_rig,5184.0,69.39,5.24,213.71,394.03,90.66,55,1,low,night,0
EQ-CONVEYOR-BELT-006,conveyor_belt,4588.2,61.91,3.93,128.98,157.54,63.31,54,0,medium,night,0
EQ-DRILL-RIG-105,drill_rig,5599.9,79.45,2.93,218.65,285.29,84.83,38,1,medium,night,0
EQ-HAUL-TRUCK-078,haul_truck,1161.8,82.32,6.93,146.34,513.15,90.66,32,1,medium,day,0
EQ-HAUL-TRUCK-001,haul_truck,6136.9,91.3,7.25,231.23,415.12,57.84,44,0,high,day,1
EQ-HAUL-TRUCK-040,haul_truck,1600.0,68.31,4.91,143.48,371.91,72.16,36,1,low,day,0
EQ-CRUSHER-009,crusher,5001.7,79.51,7.68,187.84,445.19,72.2,25,0,medium,day,0
EQ-CONVEYOR-BELT-007,conveyor_belt,6845.9,61.01,1.31,130.84,179.47,55.87,31,1,low,night,0
EQ-CONVEYOR-BELT-105,conveyor_belt,1377.9,72.69,2.03,20.0,229.77,72.99,13,1,medium,night,0
EQ-DRILL-RIG-065,drill_rig,1078.8,86.65,7.88,188.89,536.51,83.23,12,1,low,day,0
EQ-HAUL-TRUCK-121,haul_truck,3707.9,93.61,4.92,179.21,468.68,82.42,76,0,low,night,1
EQ-CONVEYOR-BELT-039,conveyor_belt,3155.6,72.61,4.12,95.37,75.53,69.74,52,2,medium,night,0
EQ-HAUL-TRUCK-108,haul_truck,1993.3,72.45,5.07,127.92,463.66,76.48,21,0,medium,day,0
EQ-EXCAVATOR-093,excavator,1082.2,88.08,7.51,227.06,369.14,66.32,31,1,medium,night,1
EQ-CONVEYOR-BELT-100,conveyor_belt,6194.8,50.17,3.68,90.72,247.92,58.91,24,2,medium,day,0
EQ-BALL-MILL-125,ball_mill,2055.6,98.74,7.65,157.49,557.87,83.07,30,0,high,day,1
EQ-CONVEYOR-BELT-107,conveyor_belt,11479.5,62.46,2.88,69.13,148.57,75.89,52,0,medium,day,0
EQ-HAUL-TRUCK-112,haul_truck,2142.5,98.05,3.9,169.18,389.9,70.17,3,2,medium,night,0
EQ-CONVEYOR-BELT-111,conveyor_belt,2229.4,71.01,0.2,86.47,173.72,78.63,43,0,medium,day,0
EQ-HAUL-TRUCK-068,haul_truck,826.5,82.54,3.49,123.45,532.36,90.08,10,1,low,day,0
EQ-BALL-MILL-109,ball_mill,2052.0,83.85,8.15,138.33,617.27,84.62,168,2,low,night,1
EQ-CONVEYOR-BELT-127,conveyor_belt,2430.7,67.24,2.73,75.04,87.41,46.95,60,1,medium,night,0
EQ-HAUL-TRUCK-111,haul_truck,3777.1,85.6,3.98,179.57,399.58,63.51,9,3,low,day,0
EQ-HAUL-TRUCK-092,haul_truck,5004.9,81.69,3.99,160.7,423.81,79.1,9,2,low,day,0
EQ-HAUL-TRUCK-012,haul_truck,2892.1,86.07,5.66,181.89,459.15,71.09,19,2,medium,night,0
EQ-BALL-MILL-066,ball_mill,4976.6,86.14,6.86,153.07,602.48,85.96,30,0,high,night,1
EQ-CRUSHER-010,crusher,7914.9,89.99,9.25,169.51,545.77,100.24,18,0,low,day,1
EQ-DRILL-RIG-016,drill_rig,3378.8,78.54,9.3,232.72,399.33,87.07,20,0,medium,day,0
EQ-CONVEYOR-BELT-055,conveyor_belt,2972.4,66.05,3.68,85.15,140.26,81.27,4,0,high,day,0
EQ-CONVEYOR-BELT-070,conveyor_belt,2230.4,62.26,3.48,86.16,263.98,76.93,125,1,medium,night,0
EQ-HAUL-TRUCK-080,haul_truck,3824.3,78.83,6.25,133.55,406.67,86.43,30,0,medium,night,1
EQ-BALL-MILL-136,ball_mill,7360.8,94.94,7.45,209.83,607.11,86.71,92,0,low,night,1
EQ-EXCAVATOR-115,excavator,3734.7,88.66,4.32,219.74,354.2,80.85,20,1,high,day,0
EQ-CONVEYOR-BELT-064,conveyor_belt,5064.8,42.87,0.58,65.63,126.05,52.54,115,3,low,night,0
EQ-CONVEYOR-BELT-051,conveyor_belt,3839.2,64.11,1.44,84.86,210.19,62.28,46,2,medium,day,0
EQ-CONVEYOR-BELT-107,conveyor_belt,3684.7,56.5,4.27,84.14,213.23,62.62,32,3,high,night,0
EQ-BALL-MILL-042,ball_mill,10541.7,92.6,8.75,193.44,532.04,80.94,82,1,medium,day,1
EQ-HAUL-TRUCK-133,haul_truck,4536.4,86.36,2.15,164.4,397.83,71.65,10,2,low,day,0
EQ-CRUSHER-118,crusher,5824.0,87.31,6.05,158.7,528.93,90.46,31,2,high,day,0
EQ-CRUSHER-103,crusher,4842.9,102.72,7.77,167.91,471.86,62.0,26,1,high,day,0
EQ-CRUSHER-038,crusher,3778.9,84.37,8.09,169.67,487.75,78.77,61,0,medium,day,0
EQ-HAUL-TRUCK-094,haul_truck,1043.9,86.62,3.9,173.53,373.8,78.06,5,1,low,night,0
EQ-HAUL-TRUCK-124,haul_truck,2840.9,88.47,5.49,173.33,420.17,74.66,22,1,medium,night,0
EQ-EXCAVATOR-011,excavator,7277.8,74.56,3.48,185.26,329.78,67.41,4,3,high,night,0
EQ-EXCAVATOR-027,excavator,1466.1,67.64,6.25,223.52,278.17,60.78,23,3,low,night,0
EQ-CRUSHER-078,crusher,2647.3,81.85,9.33,149.5,554.62,92.36,73,0,medium,day,0
EQ-CONVEYOR-BELT-054,conveyor_belt,2672.1,61.95,5.19,105.1,239.71,59.33,23,2,low,night,0
EQ-CONVEYOR-BELT-107,conveyor_belt,6010.8,70.93,4.65,93.75,143.95,86.75,16,1,low,day,0
EQ-CRUSHER-061,crusher,7434.1,88.4,8.49,168.11,510.52,76.45,51,2,medium,day,1
EQ-CRUSHER-150,crusher,1849.2,85.96,7.16,180.99,507.06,87.46,17,1,medium,day,1
EQ-HAUL-TRUCK-045,haul_truck,3515.2,92.48,5.2,140.46,417.1,77.3,67,2,low,day,0
EQ-CONVEYOR-BELT-055,conveyor_belt,5924.1,67.77,2.39,107.32,135.24,64.31,89,1,low,night,0
EQ-EXCAVATOR-001,excavator,2751.7,66.86,8.28,201.12,531.17,81.73,34,1,low,day,0
EQ-HAUL-TRUCK-038,haul_truck,5034.4,72.2,4.75,163.25,447.39,79.65,45,1,low,day,0
EQ-CRUSHER-036,crusher,3427.6,86.22,8.02,178.41,449.41,57.79,70,3,low,night,1
EQ-CRUSHER-115,crusher,9300.7,83.22,6.16,114.32,462.9,65.4,33,0,medium,day,0
EQ-EXCAVATOR-051,excavator,2870.6,75.99,3.17,221.74,386.95,68.18,7,0,low,night,0
EQ-CONVEYOR-BELT-031,conveyor_belt,5431.5,57.63,2.27,100.39,151.41,44.6,75,3,medium,day,0
EQ-CONVEYOR-BELT-048,conveyor_belt,3099.4,66.3,1.74,120.62,228.24,66.56,46,2,medium,night,0
EQ-CONVEYOR-BELT-085,conveyor_belt,4129.9,74.61,3.73,83.32,113.27,63.27,25,1,medium,night,0
EQ-CONVEYOR-BELT-118,conveyor_belt,1958.7,62.1,4.73,110.23,102.34,62.07,10,1,medium,day,0
EQ-CONVEYOR-BELT-147,conveyor_belt,5056.2,71.54,4.34,91.66,222.91,73.5,23,1,high,night,0
EQ-EXCAVATOR-008,excavator,6442.0,79.4,8.32,196.27,313.04,79.66,40,0,medium,day,0
EQ-DRILL-RIG-127,drill_rig,1782.4,85.03,6.61,219.79,507.92,92.31,43,1,low,day,0
EQ-CRUSHER-059,crusher,2571.2,90.43,6.23,160.55,586.48,76.93,55,1,low,night,1
EQ-CRUSHER-122,crusher,6132.0,87.56,7.56,181.26,570.36,84.85,79,3,low,night,1
EQ-CONVEYOR-BELT-006,conveyor_belt,3218.9,69.9,3.79,123.58,149.95,54.39,53,0,high,day,0
EQ-EXCAVATOR-094,excavator,3628.9,90.59,3.68,164.63,278.51,59.44,32,1,medium,day,0
EQ-CRUSHER-140,crusher,2133.9,100.73,6.32,169.95,523.1,87.41,20,0,high,day,0
EQ-CONVEYOR-BELT-006,conveyor_belt,6506.7,69.47,2.52,98.05,182.07,89.53,15,0,high,night,0
EQ-BALL-MILL-119,ball_mill,1960.7,92.86,5.64,174.47,544.26,80.36,58,3,high,night,0
EQ-BALL-MILL-018,ball_mill,3627.7,89.45,7.19,196.77,588.36,77.89,31,2,medium,day,0
EQ-CRUSHER-148,crusher,2844.4,108.97,6.93,196.34,536.15,63.01,13,1,high,night,0
EQ-CRUSHER-112,crusher,5522.6,85.26,8.56,172.08,511.96,83.11,44,1,medium,day,0
EQ-DRILL-RIG-137,drill_rig,10636.6,83.55,5.9,218.43,395.97,57.44,42,2,low,night,0
EQ-EXCAVATOR-135,excavator,1545.0,73.14,2.76,200.23,399.15,76.65,122,1,medium,night,1
EQ-DRILL-RIG-048,drill_rig,2749.1,91.06,4.37,246.46,367.79,79.27,4,4,high,night,0
EQ-CRUSHER-063,crusher,3185.6,91.81,9.12,182.4,547.95,94.17,8,2,high,day,1
EQ-HAUL-TRUCK-104,haul_truck,1917.1,84.57,4.68,148.76,493.81,78.45,4,1,medium,day,0
EQ-HAUL-TRUCK-027,haul_truck,3821.1,76.58,5.47,164.41,472.82,77.35,16,0,high,day,0
EQ-DRILL-RIG-046,drill_rig,5757.6,80.71,7.12,294.21,425.22,65.17,30,1,medium,night,0
EQ-HAUL-TRUCK-015,haul_truck,4327.5,93.68,5.43,123.27,427.76,70.32,25,2,medium,night,0
EQ-EXCAVATOR-134,excavator,5121.7,77.94,3.19,199.76,261.34,74.08,84,1,medium,day,0
EQ-EXCAVATOR-038,excavator,2658.6,74.28,5.52,241.16,342.4,82.91,25,0,low,day,0
EQ-HAUL-TRUCK-062,haul_truck,5149.1,89.12,3.23,192.6,513.04,80.58,5,1,medium,day,0
EQ-EXCAVATOR-068,excavator,4258.3,85.69,4.33,226.88,375.57,54.91,109,1,high,night,0
EQ-CONVEYOR-BELT-057,conveyor_belt,2081.9,66.08,2.75,68.95,96.56,68.59,59,0,high,night,0
EQ-HAUL-TRUCK-117,haul_truck,3923.1,82.35,2.27,146.69,375.34,65.04,56,0,medium,day,0
EQ-DRILL-RIG-138,drill_rig,2850.5,70.34,4.49,220.78,339.33,68.3,11,0,low,night,0
EQ-DRILL-RIG-086,drill_rig,13035.2,77.85,4.88,238.31,480.14,62.32,35,1,low,day,0
EQ-EXCAVATOR-126,excavator,5936.6,81.99,4.89,276.02,391.5,59.73,74,3,high,night,0
EQ-HAUL-TRUCK-017,haul_truck,4138.7,90.22,4.96,170.69,472.67,82.12,65,1,medium,day,1
EQ-CONVEYOR-BELT-145,conveyor_belt,7013.3,79.78,2.51,88.68,123.17,70.36,17,0,medium,day,0
EQ-HAUL-TRUCK-018,haul_truck,5206.9,87.0,6.02,134.45,486.77,77.83,30,0,low,night,0
EQ-EXCAVATOR-010,excavator,2099.1,71.44,4.74,212.34,412.36,87.44,65,2,low,night,1
EQ-BALL-MILL-004,ball_mill,7989.8,88.8,7.0,162.31,589.87,64.67,35,0,high,day,0
EQ-BALL-MILL-037,ball_mill,1842.2,90.42,6.25,180.99,508.39,67.01,24,0,medium,night,1
EQ-DRILL-RIG-126,drill_rig,7522.3,82.54,3.68,253.24,415.81,99.48,12,0,low,day,0
EQ-EXCAVATOR-046,excavator,4310.1,76.93,3.4,208.04,365.35,72.93,30,2,low,day,0
EQ-CONVEYOR-BELT-119,conveyor_belt,3815.2,74.3,4.25,85.65,201.92,65.1,80,2,low,night,0
EQ-CONVEYOR-BELT-064,conveyor_belt,2624.5,64.34,3.54,71.94,276.16,87.11,73,1,low,night,0
EQ-CRUSHER-016,crusher,4419.0,104.87,5.91,193.34,494.19,69.74,41,0,low,day,0
EQ-CONVEYOR-BELT-071,conveyor_belt,5057.6,63.29,4.42,79.72,221.15,62.39,38,1,medium,night,0
EQ-HAUL-TRUCK-035,haul_truck,4861.4,75.11,3.94,123.43,489.17,53.37,54,1,medium,night,1
EQ-HAUL-TRUCK-044,haul_truck,4281.8,88.6,8.09,174.75,449.3,80.12,39,1,medium,day,0
EQ-CRUSHER-078,crusher,3566.6,77.94,4.74,206.24,601.38,83.53,39,2,medium,day,1
EQ-HAUL-TRUCK-119,haul_truck,5345.7,78.01,6.5,174.27,454.71,96.68,8,0,medium,day,0
EQ-HAUL-TRUCK-089,haul_truck,3180.7,86.61,4.33,178.73,435.38,76.92,13,1,medium,night,0
EQ-DRILL-RIG-034,drill_rig,3734.2,93.41,5.84,239.32,317.0,55.24,50,1,high,night,1
EQ-BALL-MILL-108,ball_mill,4698.8,92.6,7.61,184.34,613.69,101.49,36,1,low,day,0
EQ-CONVEYOR-BELT-105,conveyor_belt,3901.5,70.34,3.8,44.0,131.28,72.32,33,2,high,day,0
EQ-DRILL-RIG-036,drill_rig,1856.9,74.89,4.84,231.12,472.71,77.86,24,0,medium,day,0
EQ-BALL-MILL-128,ball_mill,4304.2,94.74,8.58,206.08,613.27,99.43,79,4,low,night,1
EQ-HAUL-TRUCK-127,haul_truck,4315.0,90.08,2.62,167.88,444.59,79.98,51,0,low,night,0
EQ-CRUSHER-091,crusher,4139.8,100.56,6.33,186.2,556.93,85.28,44,0,medium,day,1
EQ-CRUSHER-045,crusher,3593.5,96.28,7.3,146.55,533.35,91.83,12,1,medium,night,1
EQ-HAUL-TRUCK-054,haul_truck,3309.0,87.34,5.88,185.96,383.28,70.14,44,0,high,day,0
EQ-DRILL-RIG-066,drill_rig,3946.0,78.2,3.49,239.28,438.51,94.8,140,0,low,night,0
EQ-CRUSHER-029,crusher,2648.3,79.16,10.93,215.31,620.51,87.4,6,1,medium,night,0
EQ-CRUSHER-046,crusher,7239.0,85.46,6.64,206.81,528.3,83.49,58,1,low,night,0
EQ-HAUL-TRUCK-021,haul_truck,4749.3,81.54,4.3,167.57,492.69,104.11,33,2,low,day,0
EQ-HAUL-TRUCK-024,haul_truck,4511.4,95.45,4.64,139.72,586.16,102.69,32,2,medium,night,1
EQ-BALL-MILL-112,ball_mill,1115.4,93.99,5.4,187.56,510.87,56.52,68,1,low,night,0
EQ-HAUL-TRUCK-020,haul_truck,6379.9,86.74,4.27,212.9,384.59,97.08,17,2,medium,night,1
EQ-EXCAVATOR-071,excavator,2472.7,91.48,5.98,207.26,429.2,61.35,24,1,medium,night,0
EQ-EXCAVATOR-065,excavator,3057.1,79.02,4.59,210.64,316.47,78.43,28,2,medium,night,0
EQ-CRUSHER-007,crusher,2932.9,103.26,10.02,162.37,472.73,80.0,16,4,medium,day,1
EQ-CONVEYOR-BELT-125,conveyor_belt,4613.2,75.92,2.06,77.03,248.45,73.88,27,1,low,day,0
EQ-CRUSHER-148,crusher,2426.2,92.41,8.69,190.65,501.05,83.51,18,1,low,night,0
EQ-HAUL-TRUCK-096,haul_truck,5555.6,82.2,3.63,141.65,352.06,101.09,34,1,medium,day,0
EQ-EXCAVATOR-101,excavator,4549.6,89.12,6.75,213.05,319.06,68.42,60,2,low,night,0
EQ-DRILL-RIG-035,drill_rig,2845.8,79.84,4.18,237.08,488.78,75.2,15,0,medium,night,0
EQ-CONVEYOR-BELT-127,conveyor_belt,1972.9,67.91,1.05,105.02,245.18,67.52,37,1,medium,night,0
EQ-CONVEYOR-BELT-118,conveyor_belt,4490.2,73.05,6.07,102.24,213.63,76.22,31,1,medium,night,0
EQ-CONVEYOR-BELT-066,conveyor_belt,1607.5,59.81,2.78,78.71,207.21,79.57,30,1,medium,night,0
EQ-DRILL-RIG-106,drill_rig,2726.1,92.08,8.16,218.47,292.16,46.56,14,2,low,night,0
EQ-HAUL-TRUCK-144,haul_truck,3685.0,74.42,4.08,178.54,333.02,68.31,69,0,medium,night,0
EQ-EXCAVATOR-091,excavator,3558.0,77.22,6.08,196.03,444.35,66.18,69,1,medium,day,1
EQ-CRUSHER-030,crusher,2885.8,83.57,7.93,164.36,493.69,103.64,30,2,low,day,0
EQ-EXCAVATOR-050,excavator,5401.4,89.29,5.09,206.05,401.01,92.19,56,2,high,day,0
EQ-DRILL-RIG-028,drill_rig,2554.9,81.57,7.84,246.5,569.0,100.52,20,1,medium,night,0
EQ-CRUSHER-050,crusher,2866.9,80.67,7.2,173.47,473.02,70.96,60,0,low,day,0
EQ-DRILL-RIG-134,drill_rig,4102.7,87.59,7.71,232.7,384.82,97.96,15,0,high,night,1
EQ-DRILL-RIG-029,drill_rig,4108.2,82.4,3.03,229.37,407.6,64.51,13,0,medium,day,0
EQ-CRUSHER-134,crusher,2138.4,75.78,9.09,200.45,490.21,72.17,35,1,low,day,1
EQ-BALL-MILL-043,ball_mill,4012.0,91.3,8.4,138.85,530.87,86.78,99,1,high,night,1
EQ-CONVEYOR-BELT-075,conveyor_belt,3026.5,67.58,3.5,98.04,229.88,78.04,12,2,medium,day,0
EQ-DRILL-RIG-080,drill_rig,2934.7,69.95,6.69,224.42,389.41,88.07,6,1,high,night,0
EQ-EXCAVATOR-019,excavator,4431.9,76.91,4.44,197.68,386.49,68.94,60,0,high,day,0
EQ-CRUSHER-028,crusher,2409.4,91.83,6.9,189.19,482.47,86.32,36,0,medium,day,0
EQ-CRUSHER-046,crusher,3462.1,95.94,10.07,192.11,468.03,69.19,39,2,low,day,1
EQ-HAUL-TRUCK-009,haul_truck,3780.4,85.67,3.98,170.97,356.2,64.04,25,0,medium,night,0
EQ-CRUSHER-114,crusher,4463.1,91.99,8.21,194.49,448.32,68.11,47,0,low,day,0
EQ-BALL-MILL-082,ball_mill,2786.1,81.39,7.83,199.78,580.37,68.75,56,1,medium,night,1
EQ-CONVEYOR-BELT-127,conveyor_belt,4889.4,79.61,5.62,117.9,91.7,68.85,10,0,high,night,0
EQ-HAUL-TRUCK-130,haul_truck,5492.0,86.89,4.37,183.35,436.76,109.21,8,0,low,day,0
EQ-EXCAVATOR-053,excavator,5435.9,84.39,1.88,210.99,328.46,52.06,13,2,high,day,0
EQ-HAUL-TRUCK-123,haul_truck,2076.1,94.46,4.06,157.94,388.67,76.23,19,0,medium,day,0
EQ-HAUL-TRUCK-010,haul_truck,5368.8,72.56,7.31,167.4,360.86,68.89,28,4,low,night,0
EQ-BALL-MILL-065,ball_mill,5472.9,108.25,4.9,165.53,584.74,107.29,35,2,high,night,0
EQ-CRUSHER-100,crusher,7910.6,89.39,7.7,215.82,645.38,110.0,51,1,medium,day,1
EQ-EXCAVATOR-070,excavator,2209.9,87.44,6.37,248.37,514.74,70.22,19,4,medium,night,1
EQ-CONVEYOR-BELT-111,conveyor_belt,6843.1,71.32,3.86,73.81,76.09,67.14,58,1,medium,day,0
EQ-HAUL-TRUCK-129,haul_truck,1587.6,86.64,6.07,146.2,472.3,83.1,36,0,low,night,1
EQ-EXCAVATOR-064,excavator,5558.5,81.85,5.36,236.96,321.2,65.15,40,2,low,day,0
EQ-CONVEYOR-BELT-042,conveyor_belt,6045.6,73.3,1.78,57.93,178.4,71.46,10,2,medium,day,0
EQ-CONVEYOR-BELT-088,conveyor_belt,5452.0,65.78,3.2,90.45,162.73,65.54,16,3,high,day,0
EQ-BALL-MILL-131,ball_mill,1828.1,81.43,5.52,156.15,608.06,69.92,23,0,medium,night,0
EQ-CONVEYOR-BELT-149,conveyor_belt,6644.1,65.12,5.06,119.43,40.0,58.43,172,1,high,night,0
EQ-CRUSHER-123,crusher,10191.0,95.38,7.91,199.59,453.07,85.5,57,2,high,day,1
EQ-DRILL-RIG-037,drill_rig,2353.1,81.0,7.03,243.45,407.8,79.77,29,1,low,day,0
EQ-BALL-MILL-031,ball_mill,3358.4,94.22,8.23,112.01,554.05,87.51,20,0,high,night,1
EQ-CONVEYOR-BELT-086,conveyor_belt,2753.0,74.37,3.72,118.08,195.01,71.73,102,1,high,day,0
EQ-BALL-MILL-061,ball_mill,5050.9,89.67,9.36,132.78,685.42,82.3,37,2,medium,night,1
EQ-DRILL-RIG-092,drill_rig,3132.5,80.02,7.11,227.12,441.42,60.85,16,1,medium,day,0
EQ-DRILL-RIG-139,drill_rig,5186.4,73.6,6.19,261.08,383.55,87.56,13,2,medium,day,0
EQ-HAUL-TRUCK-083,haul_truck,3590.6,93.32,4.54,172.77,359.02,65.7,45,1,high,night,1
EQ-CONVEYOR-BELT-054,conveyor_belt,4121.8,62.24,8.21,85.71,266.92,86.19,29,0,high,day,0
EQ-CRUSHER-131,crusher,3861.4,89.55,9.34,185.54,481.46,89.47,66,1,medium,night,0
EQ-CONVEYOR-BELT-066,conveyor_belt,1613.2,77.65,0.47,106.38,265.64,75.58,12,1,high,day,0
EQ-CONVEYOR-BELT-091,conveyor_belt,4027.8,71.23,2.39,89.57,167.14,55.38,58,4,medium,day,0
EQ-BALL-MILL-021,ball_mill,1856.1,103.87,7.5,177.47,624.2,88.64,62,1,high,day,1
EQ-BALL-MILL-077,ball_mill,2001.5,97.7,7.29,156.21,532.91,93.7,75,3,medium,day,0
EQ-EXCAVATOR-064,excavator,6704.5,94.96,5.46,278.54,367.3,47.86,18,0,high,night,1
EQ-CONVEYOR-BELT-019,conveyor_belt,5003.2,82.2,1.31,133.62,152.96,70.96,58,1,high,night,0
EQ-CONVEYOR-BELT-032,conveyor_belt,4822.5,62.31,4.39,102.07,267.43,80.09,24,1,medium,night,0
EQ-EXCAVATOR-106,excavator,4057.5,100.64,4.11,214.3,286.54,81.21,15,1,high,day,1
EQ-HAUL-TRUCK-028,haul_truck,9336.5,81.04,2.61,131.76,379.41,80.91,30,1,medium,day,1
EQ-HAUL-TRUCK-020,haul_truck,4010.9,93.62,5.54,187.94,310.14,68.91,4,0,low,day,0
EQ-DRILL-RIG-009,drill_rig,3699.2,95.53,6.22,212.4,487.77,70.35,40,3,low,night,1
EQ-CRUSHER-004,crusher,3640.0,93.86,10.13,177.61,539.2,82.57,30,2,medium,day,1
EQ-BALL-MILL-066,ball_mill,6209.2,70.5,6.61,147.05,557.53,70.58,9,1,low,day,1
EQ-CRUSHER-074,crusher,3923.6,78.23,8.4,181.39,470.66,93.68,41,0,low,night,1
EQ-BALL-MILL-094,ball_mill,4437.7,75.89,8.41,175.78,612.3,98.57,56,1,medium,day,0
EQ-CRUSHER-086,crusher,6424.4,80.37,7.07,177.71,552.96,86.97,28,1,low,night,1
EQ-DRILL-RIG-081,drill_rig,4874.2,91.41,6.54,235.05,445.83,76.93,22,4,medium,day,1
EQ-HAUL-TRUCK-150,haul_truck,7032.5,82.63,7.69,211.72,512.45,87.96,46,3,high,night,1
EQ-CONVEYOR-BELT-038,conveyor_belt,5722.5,56.94,1.37,55.92,241.24,68.12,82,1,low,night,0
EQ-DRILL-RIG-107,drill_rig,2743.0,83.16,7.85,278.03,316.24,83.88,27,3,medium,day,1
EQ-BALL-MILL-012,ball_mill,2221.9,97.12,5.76,170.05,558.43,74.35,109,1,low,night,1
EQ-DRILL-RIG-128,drill_rig,7319.9,86.58,5.44,227.58,395.83,81.83,69,1,high,night,0
EQ-HAUL-TRUCK-055,haul_truck,5635.5,96.82,7.19,184.23,490.31,68.4,23,0,medium,day,1
EQ-EXCAVATOR-052,excavator,5105.4,72.04,5.53,239.82,412.88,87.7,17,0,high,night,0
EQ-HAUL-TRUCK-021,haul_truck,4573.0,86.47,4.52,114.39,423.42,64.96,48,1,medium,night,0
EQ-HAUL-TRUCK-077,haul_truck,3893.4,93.89,5.24,148.3,422.09,67.66,12,1,high,night,0
EQ-CONVEYOR-BELT-060,conveyor_belt,2792.4,70.46,2.14,81.43,194.03,71.95,12,1,medium,night,0
EQ-CONVEYOR-BELT-147,conveyor_belt,2748.6,66.01,3.05,91.67,300.76,109.1,24,0,medium,day,0
EQ-DRILL-RIG-027,drill_rig,2201.1,89.64,6.53,201.87,422.76,82.35,23,1,low,day,0
EQ-DRILL-RIG-063,drill_rig,1872.0,88.89,8.76,245.98,386.02,63.24,96,0,medium,day,1
EQ-CONVEYOR-BELT-136,conveyor_belt,2532.3,57.49,3.82,68.64,263.02,90.57,61,1,medium,day,0
EQ-DRILL-RIG-122,drill_rig,3274.6,78.93,5.89,205.94,284.82,45.91,62,0,medium,day,0
EQ-HAUL-TRUCK-115,haul_truck,7294.3,79.15,3.46,181.61,480.78,81.7,46,0,low,day,0
EQ-EXCAVATOR-079,excavator,1832.9,69.92,3.59,205.35,440.36,77.75,24,1,medium,day,0
EQ-CONVEYOR-BELT-131,conveyor_belt,4124.8,71.26,2.94,95.35,296.17,70.14,28,1,medium,night,0
EQ-DRILL-RIG-034,drill_rig,7617.4,81.98,5.94,265.93,351.57,67.79,44,1,medium,day,0
EQ-HAUL-TRUCK-122,haul_truck,6187.2,73.26,5.19,135.43,467.3,71.21,14,0,medium,day,0
EQ-CRUSHER-088,crusher,3933.1,86.42,7.83,186.85,452.04,72.98,14,0,medium,night,0
EQ-CONVEYOR-BELT-053,conveyor_belt,2835.5,77.92,4.71,78.84,40.0,78.14,57,1,medium,night,0
EQ-HAUL-TRUCK-033,haul_truck,1400.0,83.28,6.08,130.37,393.59,87.67,50,0,medium,day,0
EQ-CRUSHER-079,crusher,4181.4,84.13,6.18,156.09,572.48,88.37,13,1,high,night,0
EQ-BALL-MILL-001,ball_mill,5306.1,98.25,7.47,162.49,633.35,62.96,13,1,high,night,0
EQ-CONVEYOR-BELT-108,conveyor_belt,2867.3,78.12,1.66,104.45,222.02,67.7,14,0,medium,night,0
EQ-EXCAVATOR-036,excavator,6382.5,67.9,3.78,223.08,413.44,71.94,56,1,medium,day,0
EQ-DRILL-RIG-059,drill_rig,3722.3,85.56,9.01,225.23,354.72,85.74,67,0,medium,day,0
EQ-EXCAVATOR-029,excavator,4491.6,96.0,7.02,206.22,387.17,68.84,15,2,high,night,1
EQ-DRILL-RIG-070,drill_rig,3936.0,74.26,5.97,226.04,458.95,62.59,37,1,low,day,0
EQ-EXCAVATOR-056,excavator,6343.9,75.23,4.73,259.56,407.94,71.67,14,0,medium,night,0
EQ-CONVEYOR-BELT-029,conveyor_belt,6435.2,65.04,3.71,67.72,162.8,66.94,77,2,medium,night,0
EQ-CRUSHER-134,crusher,4957.3,105.52,8.59,185.49,489.88,76.74,7,2,high,night,0
EQ-EXCAVATOR-114,excavator,3431.1,75.07,5.22,209.79,352.08,83.27,40,0,low,night,0
EQ-BALL-MILL-059,ball_mill,3867.0,87.38,6.43,125.14,668.29,76.75,24,1,high,night,1
EQ-HAUL-TRUCK-009,haul_truck,9529.9,90.03,5.65,163.05,422.39,77.65,15,2,medium,night,0
EQ-HAUL-TRUCK-127,haul_truck,7820.5,84.71,6.71,149.48,504.85,84.75,9,2,high,night,0
EQ-EXCAVATOR-105,excavator,4029.4,84.66,2.77,197.77,364.8,50.77,12,2,high,day,0
EQ-CONVEYOR-BELT-084,conveyor_belt,2267.5,56.81,3.1,84.19,206.18,80.87,27,1,medium,night,0
EQ-DRILL-RIG-091,drill_rig,5875.6,100.34,7.74,225.94,303.45,74.73,19,1,medium,night,0
EQ-BALL-MILL-002,ball_mill,3144.1,91.55,4.83,157.0,562.7,80.31,36,0,medium,night,0
EQ-EXCAVATOR-072,excavator,7135.7,80.7,3.89,217.59,477.0,73.49,99,1,high,day,0
EQ-CRUSHER-029,crusher,2851.8,87.08,6.7,212.38,505.23,80.09,59,2,medium,day,0
EQ-HAUL-TRUCK-098,haul_truck,3162.2,81.54,5.68,148.24,385.1,67.61,56,2,low,night,1
EQ-CONVEYOR-BELT-140,conveyor_belt,2149.9,62.68,0.68,116.62,246.09,80.64,55,1,high,day,0
EQ-BALL-MILL-080,ball_mill,8465.9,85.51,6.21,141.76,696.27,95.05,45,3,low,night,1
EQ-CONVEYOR-BELT-091,conveyor_belt,2481.3,62.08,4.89,92.14,196.88,77.66,66,1,high,night,0
EQ-CONVEYOR-BELT-101,conveyor_belt,5663.9,58.68,2.13,95.07,190.27,67.98,21,2,medium,day,0
EQ-CRUSHER-140,crusher,3621.2,89.35,6.91,185.66,562.33,77.03,45,0,medium,day,0
EQ-BALL-MILL-006,ball_mill,3184.6,90.66,6.56,177.89,568.8,88.9,7,1,high,night,0
EQ-CRUSHER-047,crusher,3099.1,96.1,8.64,183.8,504.25,66.39,56,1,medium,day,1
EQ-HAUL-TRUCK-041,haul_truck,7068.3,86.08,2.63,129.28,441.69,76.2,35,1,medium,night,0
EQ-EXCAVATOR-108,excavator,11983.5,82.0,3.87,200.93,357.48,85.33,31,2,medium,night,0
EQ-HAUL-TRUCK-068,haul_truck,6716.9,74.87,4.4,197.28,502.79,77.68,13,3,medium,night,0
EQ-HAUL-TRUCK-116,haul_truck,1579.4,80.01,6.18,138.5,549.69,69.1,10,1,low,day,0
EQ-HAUL-TRUCK-071,haul_truck,5676.5,85.47,2.56,150.52,479.51,72.53,23,0,medium,day,0
EQ-CRUSHER-147,crusher,3634.1,86.54,9.04,147.25,462.51,91.48,35,1,medium,night,1
EQ-CONVEYOR-BELT-116,conveyor_belt,3737.4,63.71,3.78,69.21,212.64,90.66,60,2,low,day,0
EQ-EXCAVATOR-003,excavator,2502.4,73.81,4.57,257.15,428.74,59.1,66,2,medium,day,0
EQ-CRUSHER-149,crusher,4329.6,83.57,6.19,154.05,509.74,68.11,61,2,high,night,1
EQ-BALL-MILL-143,ball_mill,3954.7,94.44,5.79,155.53,536.57,87.87,47,2,high,day,1
EQ-DRILL-RIG-007,drill_rig,4964.1,86.85,8.23,220.49,313.75,79.09,10,2,medium,day,0
EQ-CRUSHER-059,crusher,3556.8,88.44,8.03,156.43,525.92,84.37,31,2,high,night,0
EQ-EXCAVATOR-146,excavator,5941.1,88.1,4.55,219.09,396.82,83.9,83,1,medium,day,1
EQ-BALL-MILL-126,ball_mill,4090.4,91.58,9.46,151.94,621.95,74.17,99,5,medium,day,1
EQ-EXCAVATOR-071,excavator,4129.7,70.31,5.09,257.22,428.74,91.49,10,1,medium,day,0
EQ-EXCAVATOR-082,excavator,3921.1,81.77,5.89,216.79,219.59,67.43,24,2,high,night,0
EQ-BALL-MILL-005,ball_mill,5667.4,87.6,6.79,215.2,583.96,94.78,86,1,medium,night,1
EQ-CRUSHER-085,crusher,3282.4,85.52,7.34,177.2,465.77,58.05,68,3,low,night,1
EQ-CONVEYOR-BELT-100,conveyor_belt,4971.6,62.81,1.7,83.17,184.71,58.35,33,1,high,night,0
EQ-CONVEYOR-BELT-054,conveyor_belt,4185.8,52.33,7.17,78.25,205.92,71.53,41,0,medium,day,0
EQ-CONVEYOR-BELT-047,conveyor_belt,7118.8,61.88,5.25,87.0,102.05,57.78,46,0,high,night,0
EQ-EXCAVATOR-125,excavator,3381.4,79.85,7.0,216.86,270.47,58.9,69,2,medium,day,0
EQ-EXCAVATOR-068,excavator,5997.7,84.11,5.78,217.57,351.63,66.98,68,2,medium,night,0
EQ-EXCAVATOR-040,excavator,4574.7,80.19,3.86,217.49,440.68,77.67,26,0,low,night,1
EQ-HAUL-TRUCK-057,haul_truck,6872.9,83.29,5.12,169.22,376.3,82.4,82,0,high,day,0
EQ-DRILL-RIG-074,drill_rig,4121.9,77.39,5.58,226.06,353.43,74.9,89,0,low,night,0
EQ-EXCAVATOR-039,excavator,3229.9,75.3,3.91,226.24,396.2,101.17,29,0,low,night,0
EQ-CONVEYOR-BELT-085,conveyor_belt,3215.5,77.4,2.55,141.6,210.07,71.7,86,0,high,day,0
EQ-DRILL-RIG-130,drill_rig,4376.6,112.6,7.03,223.39,401.19,90.66,28,4,low,night,1
EQ-DRILL-RIG-112,drill_rig,3967.0,77.12,5.96,228.09,354.21,69.94,54,3,low,night,0
EQ-CRUSHER-035,crusher,3323.9,91.61,7.0,176.13,536.01,94.99,94,1,medium,day,0
EQ-CRUSHER-071,crusher,4420.6,86.13,8.01,173.76,491.84,85.0,75,0,high,day,0
EQ-BALL-MILL-082,ball_mill,1046.8,89.45,5.53,152.28,629.43,86.94,19,0,high,night,1
EQ-CONVEYOR-BELT-103,conveyor_belt,3654.5,67.22,3.53,105.45,215.32,67.24,45,1,low,day,0
EQ-DRILL-RIG-114,drill_rig,4026.2,88.36,4.59,239.12,386.29,74.53,50,2,medium,day,1
EQ-BALL-MILL-073,ball_mill,1750.2,86.0,8.74,180.53,619.49,87.78,40,3,medium,night,1
EQ-DRILL-RIG-048,drill_rig,2406.8,79.18,4.72,224.57,471.25,78.71,21,1,medium,night,0
EQ-HAUL-TRUCK-099,haul_truck,2482.6,90.68,4.01,154.97,359.4,59.34,20,2,low,day,0
EQ-CONVEYOR-BELT-019,conveyor_belt,3867.5,56.71,3.88,96.47,227.19,85.49,30,1,medium,day,0
EQ-HAUL-TRUCK-102,haul_truck,3531.3,87.08,3.12,149.46,493.12,73.07,10,2,medium,night,0
EQ-CONVEYOR-BELT-135,conveyor_belt,3554.1,65.77,1.24,80.97,247.22,70.45,49,2,low,day,0
EQ-BALL-MILL-107,ball_mill,1763.6,88.71,5.73,128.29,585.32,96.75,5,2,high,night,0
EQ-CRUSHER-066,crusher,6240.5,90.35,7.61,185.98,545.53,81.27,105,3,medium,night,1
EQ-CRUSHER-124,crusher,6980.5,93.31,7.32,210.33,501.89,83.4,33,0,high,day,0
EQ-HAUL-TRUCK-080,haul_truck,2005.0,70.57,6.24,180.64,392.84,76.62,20,0,medium,night,0
EQ-BALL-MILL-082,ball_mill,3443.1,81.31,4.81,173.23,602.03,76.63,12,3,medium,night,0
EQ-HAUL-TRUCK-128,haul_truck,3517.2,84.92,3.59,168.07,454.75,63.74,71,0,high,night,0
EQ-HAUL-TRUCK-029,haul_truck,4741.1,77.14,7.5,167.11,483.74,55.26,45,1,low,day,0
EQ-EXCAVATOR-117,excavator,3211.4,73.05,3.69,222.63,310.3,65.29,40,0,medium,day,0
EQ-HAUL-TRUCK-102,haul_truck,5971.9,79.5,4.63,150.72,493.7,77.12,46,2,medium,night,0
EQ-CRUSHER-080,crusher,2324.3,92.6,9.01,198.86,644.42,87.28,46,1,high,night,1
EQ-CRUSHER-012,crusher,5321.7,105.51,5.96,221.18,645.72,89.88,50,1,high,night,0
EQ-EXCAVATOR-115,excavator,4675.7,90.2,5.33,195.2,324.77,65.84,43,1,medium,day,0
EQ-HAUL-TRUCK-033,haul_truck,2125.7,99.26,6.25,131.11,512.31,67.0,55,1,high,night,1
EQ-HAUL-TRUCK-135,haul_truck,3372.2,86.37,6.95,185.18,334.53,59.13,47,2,low,day,0
EQ-CRUSHER-119,crusher,2243.6,91.97,7.27,149.39,554.28,92.82,6,1,low,night,1
EQ-HAUL-TRUCK-055,haul_truck,8724.6,80.83,5.24,144.05,310.77,68.78,18,3,low,night,0
EQ-CONVEYOR-BELT-066,conveyor_belt,3672.1,68.62,4.38,78.24,207.3,85.85,18,1,high,night,0
EQ-HAUL-TRUCK-004,haul_truck,3167.2,80.71,5.11,129.94,399.29,80.73,20,1,medium,day,0
EQ-EXCAVATOR-075,excavator,1612.1,70.35,6.65,212.69,479.72,72.62,14,0,medium,night,0
EQ-CRUSHER-009,crusher,4553.6,91.03,7.06,189.84,611.01,96.49,42,0,medium,day,0
EQ-CRUSHER-149,crusher,3340.8,95.95,6.22,178.73,569.28,105.03,57,1,low,day,1
EQ-HAUL-TRUCK-097,haul_truck,5293.0,81.27,6.1,151.9,446.11,82.31,8,2,low,night,1
EQ-HAUL-TRUCK-036,haul_truck,7521.6,79.41,7.21,158.39,380.94,75.32,15,1,low,night,0
EQ-DRILL-RIG-121,drill_rig,5626.1,77.33,7.14,296.57,359.01,77.74,10,0,low,night,1
EQ-HAUL-TRUCK-003,haul_truck,2418.9,80.62,5.62,128.88,420.04,90.43,5,1,medium,night,0
EQ-CRUSHER-083,crusher,3184.6,93.18,7.95,198.74,519.37,86.21,35,1,medium,day,1
EQ-CRUSHER-017,crusher,2029.1,76.15,6.3,169.11,523.06,75.99,6,0,high,day,1
EQ-EXCAVATOR-009,excavator,2831.6,88.34,6.63,205.67,427.92,75.29,34,2,high,night,0
EQ-CRUSHER-037,crusher,6116.3,103.55,6.84,187.67,489.49,84.79,40,3,high,night,0
EQ-DRILL-RIG-045,drill_rig,2931.7,82.14,6.77,233.51,334.56,59.23,33,0,low,day,0
EQ-DRILL-RIG-109,drill_rig,5318.5,82.0,7.26,249.89,474.21,92.05,33,0,medium,day,0
EQ-EXCAVATOR-134,excavator,3095.7,67.32,8.17,200.96,355.21,73.72,30,2,low,day,0
EQ-EXCAVATOR-117,excavator,5575.2,80.71,4.78,177.11,330.6,55.57,60,2,low,night,0
EQ-EXCAVATOR-111,excavator,2391.9,84.65,4.27,181.99,220.18,60.43,89,0,medium,day,0
EQ-CRUSHER-085,crusher,2177.4,84.03,8.14,174.49,438.59,58.91,42,0,medium,night,0
EQ-CONVEYOR-BELT-056,conveyor_belt,8688.6,62.13,3.23,92.77,123.2,68.47,19,1,medium,day,0
EQ-EXCAVATOR-039,excavator,2501.8,71.56,5.34,203.91,331.98,82.84,15,2,high,day,0
EQ-EXCAVATOR-142,excavator,6185.9,80.7,2.97,204.69,343.53,88.08,6,1,low,day,0
EQ-BALL-MILL-079,ball_mill,4923.1,98.08,9.45,181.58,710.64,101.48,78,3,high,day,1
EQ-HAUL-TRUCK-085,haul_truck,2780.7,87.04,4.1,150.08,444.35,85.35,27,0,low,night,0
EQ-CRUSHER-003,crusher,2797.6,93.28,5.2,194.22,619.83,70.01,29,3,high,day,1
EQ-CONVEYOR-BELT-069,conveyor_belt,3430.3,61.92,4.62,102.85,177.0,65.15,35,0,medium,day,0
EQ-HAUL-TRUCK-103,haul_truck,6245.1,69.05,2.69,159.55,383.12,64.58,23,0,low,night,0
EQ-HAUL-TRUCK-075,haul_truck,3153.7,87.63,5.31,131.49,468.79,71.4,39,2,medium,day,0
EQ-HAUL-TRUCK-093,haul_truck,5303.1,73.32,3.11,184.37,388.3,54.53,41,1,medium,day,0
EQ-BALL-MILL-122,ball_mill,4653.0,110.11,6.34,151.19,589.73,89.27,45,1,high,day,1
EQ-HAUL-TRUCK-004,haul_truck,4719.4,85.58,6.51,131.3,435.31,92.83,10,6,low,day,0
EQ-HAUL-TRUCK-136,haul_truck,8826.5,94.46,6.61,174.19,478.03,72.65,4,2,high,day,0
EQ-HAUL-TRUCK-123,haul_truck,5110.0,78.21,6.19,163.29,644.17,101.91,58,0,medium,night,1
EQ-HAUL-TRUCK-063,haul_truck,4688.2,81.88,4.77,215.84,451.52,72.96,28,2,high,day,0
EQ-CONVEYOR-BELT-115,conveyor_belt,1614.3,75.03,3.08,92.47,188.71,75.19,17,5,medium,night,0
EQ-EXCAVATOR-010,excavator,6973.7,74.98,4.98,242.81,324.26,59.31,63,1,medium,night,0
EQ-CONVEYOR-BELT-047,conveyor_belt,5636.7,60.8,1.18,75.44,53.79,47.39,18,1,high,day,0
EQ-CONVEYOR-BELT-017,conveyor_belt,4607.2,64.91,2.07,93.3,211.81,66.77,16,1,low,night,0
EQ-DRILL-RIG-096,drill_rig,3418.3,79.44,6.23,213.49,513.79,87.22,21,0,low,day,1
EQ-HAUL-TRUCK-129,haul_truck,1658.6,90.82,5.77,161.28,402.54,75.74,19,1,medium,day,0
EQ-DRILL-RIG-091,drill_rig,5055.9,84.24,4.57,226.74,425.91,66.25,19,0,medium,night,0
EQ-CONVEYOR-BELT-107,conveyor_belt,3992.9,63.79,1.55,106.07,295.97,72.92,54,0,high,day,0
EQ-HAUL-TRUCK-022,haul_truck,8517.2,83.31,5.1,129.09,358.5,84.23,81,2,medium,night,0
EQ-DRILL-RIG-141,drill_rig,5316.8,92.12,9.17,221.04,294.88,82.07,14,3,high,night,0
EQ-DRILL-RIG-029,drill_rig,4233.7,92.88,4.94,271.98,397.45,71.83,34,0,high,day,0
EQ-EXCAVATOR-079,excavator,9724.0,64.75,5.0,198.77,465.69,87.34,19,3,high,day,0
EQ-BALL-MILL-103,ball_mill,3983.9,86.74,8.42,167.02,627.6,92.24,67,1,low,night,1
EQ-CRUSHER-129,crusher,8179.6,80.85,8.48,212.22,540.65,86.34,42,2,low,day,0
EQ-CONVEYOR-BELT-141,conveyor_belt,1470.7,58.23,3.87,117.09,231.01,95.52,34,3,high,day,0
EQ-BALL-MILL-090,ball_mill,10613.9,87.38,9.38,169.12,557.66,85.24,53,2,medium,day,1
EQ-EXCAVATOR-087,excavator,6228.4,83.6,3.11,178.44,297.47,48.39,63,2,medium,day,0
EQ-DRILL-RIG-063,drill_rig,2630.9,108.76,6.93,238.68,494.27,85.6,52,0,high,night,1
EQ-EXCAVATOR-086,excavator,9238.4,68.56,7.12,183.29,311.18,76.85,50,5,low,day,0
EQ-DRILL-RIG-102,drill_rig,1264.9,92.3,5.46,218.58,324.76,92.51,88,2,high,day,0
EQ-CONVEYOR-BELT-098,conveyor_belt,2209.1,72.76,4.34,114.28,161.82,77.58,44,3,medium,night,0
EQ-HAUL-TRUCK-089,haul_truck,4979.6,83.03,4.93,132.06,462.58,97.49,17,0,high,night,0
EQ-CRUSHER-067,crusher,6995.8,96.44,9.57,140.56,555.1,78.01,37,0,high,night,0
EQ-EXCAVATOR-030,excavator,4635.7,74.72,4.16,208.95,338.89,70.26,24,1,medium,night,0
EQ-HAUL-TRUCK-009,haul_truck,1720.0,76.93,4.71,152.95,415.52,99.24,84,1,low,day,0
EQ-HAUL-TRUCK-064,haul_truck,2762.9,103.92,5.11,105.07,464.22,77.99,25,1,high,day,0
EQ-EXCAVATOR-060,excavator,3123.4,72.13,4.64,228.58,359.44,77.81,26,1,high,night,1
EQ-HAUL-TRUCK-092,haul_truck,4876.0,80.53,4.95,130.25,526.74,77.02,29,2,medium,day,0
EQ-HAUL-TRUCK-136,haul_truck,3776.3,92.05,6.57,173.7,375.35,71.39,40,0,high,night,1
EQ-CONVEYOR-BELT-106,conveyor_belt,7480.2,72.98,0.86,81.15,40.0,50.69,20,0,medium,day,0
EQ-CONVEYOR-BELT-121,conveyor_belt,6740.7,66.16,3.61,31.93,186.89,63.09,20,3,medium,night,0
EQ-CONVEYOR-BELT-087,conveyor_belt,1655.9,74.85,4.0,63.54,207.37,58.16,16,1,high,night,0
EQ-EXCAVATOR-140,excavator,5331.6,74.46,2.82,232.62,326.89,58.97,79,1,medium,night,0
EQ-BALL-MILL-141,ball_mill,2218.8,111.44,4.68,180.83,617.71,78.47,49,2,high,day,1
EQ-CONVEYOR-BELT-023,conveyor_belt,7580.5,65.07,3.93,62.85,173.45,75.58,28,3,high,night,0
EQ-HAUL-TRUCK-096,haul_truck,5361.3,90.06,6.12,207.58,447.35,98.45,22,2,medium,night,1
EQ-HAUL-TRUCK-076,haul_truck,3778.3,96.45,3.22,157.73,491.38,85.35,16,0,medium,night,0
EQ-CONVEYOR-BELT-146,conveyor_belt,3356.9,73.79,1.49,94.04,195.02,80.8,25,3,high,night,0
EQ-HAUL-TRUCK-088,haul_truck,4772.9,97.52,5.52,136.66,381.94,71.13,28,1,medium,day,1
EQ-CRUSHER-003,crusher,6645.1,83.18,8.21,176.05,591.7,90.14,68,1,medium,day,0
EQ-BALL-MILL-032,ball_mill,4664.8,77.1,6.28,183.5,576.33,106.85,15,1,medium,day,0
EQ-HAUL-TRUCK-020,haul_truck,3766.9,70.33,5.27,182.63,361.77,88.32,39,1,low,night,0
EQ-HAUL-TRUCK-031,haul_truck,2502.4,93.66,5.48,188.7,517.28,85.32,47,2,low,night,0
EQ-BALL-MILL-015,ball_mill,3687.5,83.52,6.91,179.93,601.56,81.67,19,6,medium,day,1
EQ-CONVEYOR-BELT-118,conveyor_belt,6666.7,68.32,5.29,67.39,51.12,54.11,8,1,high,night,0
EQ-HAUL-TRUCK-075,haul_truck,5741.6,84.98,4.47,150.01,343.42,70.39,38,4,medium,day,0
EQ-BALL-MILL-101,ball_mill,7082.8,89.95,8.57,172.82,528.35,74.62,15,1,low,night,1
EQ-BALL-MILL-150,ball_mill,2435.3,86.81,7.69,153.24,543.27,71.49,42,0,medium,day,1
EQ-CRUSHER-098,crusher,1708.3,92.95,8.74,222.63,486.7,82.06,38,3,high,day,1
EQ-CONVEYOR-BELT-072,conveyor_belt,5505.0,56.91,3.93,74.31,222.38,83.27,59,1,low,day,1
EQ-EXCAVATOR-041,excavator,1938.4,89.34,5.64,207.19,381.97,82.79,62,2,medium,night,0
EQ-HAUL-TRUCK-114,haul_truck,7079.2,78.31,4.9,173.73,419.01,72.19,9,0,medium,night,0
EQ-CONVEYOR-BELT-077,conveyor_belt,5585.2,63.15,0.79,81.76,97.23,60.63,47,0,medium,day,0
EQ-EXCAVATOR-114,excavator,4600.1,90.42,7.93,254.32,387.89,70.44,41,2,medium,day,0
EQ-CONVEYOR-BELT-004,conveyor_belt,2268.9,68.51,2.23,159.51,192.25,60.86,40,1,high,night,0
EQ-DRILL-RIG-025,drill_rig,4001.2,77.37,5.17,195.04,365.7,58.13,63,2,low,day,0
EQ-HAUL-TRUCK-020,haul_truck,3689.8,90.35,7.02,188.72,401.3,65.07,16,0,low,night,0
EQ-CONVEYOR-BELT-103,conveyor_belt,4693.4,65.39,2.12,124.32,160.4,57.22,62,2,low,day,0
EQ-EXCAVATOR-078,excavator,8073.6,73.56,5.4,199.64,294.6,65.38,47,2,medium,night,0
EQ-DRILL-RIG-048,drill_rig,2457.5,81.05,5.77,244.31,426.65,95.78,8,0,high,night,0
EQ-EXCAVATOR-047,excavator,3417.8,76.65,6.7,184.51,436.84,68.81,22,2,medium,day,0
EQ-CONVEYOR-BELT-092,conveyor_belt,3816.7,51.84,2.76,81.71,156.18,64.2,33,1,high,night,0
EQ-CONVEYOR-BELT-145,conveyor_belt,7281.9,61.11,5.26,130.47,245.74,70.75,8,0,medium,day,0
EQ-CRUSHER-150,crusher,4199.1,97.39,11.37,206.66,465.01,85.24,46,3,medium,night,1
EQ-CONVEYOR-BELT-071,conveyor_belt,5342.4,74.03,3.79,92.8,146.24,83.63,63,0,medium,night,0
EQ-CONVEYOR-BELT-101,conveyor_belt,7553.8,63.28,2.75,73.8,250.88,56.35,56,1,medium,day,0
EQ-CONVEYOR-BELT-013,conveyor_belt,4592.8,56.59,5.17,99.76,178.11,56.88,52,1,medium,night,0
EQ-DRILL-RIG-142,drill_rig,3439.4,87.38,6.53,241.03,556.44,94.22,23,2,medium,day,1
EQ-BALL-MILL-003,ball_mill,6855.4,84.67,7.74,138.89,527.0,102.66,46,2,medium,night,0
EQ-CRUSHER-052,crusher,7940.5,82.97,7.93,197.42,617.81,79.87,86,1,medium,night,1
EQ-CRUSHER-109,crusher,5152.2,84.72,8.32,166.0,560.52,88.61,12,2,medium,night,0
EQ-HAUL-TRUCK-146,haul_truck,2901.1,79.18,4.66,167.27,438.8,90.59,11,2,medium,night,0
EQ-DRILL-RIG-026,drill_rig,3278.5,80.91,6.65,256.39,399.69,65.38,16,3,medium,night,1
EQ-CRUSHER-100,crusher,7903.3,82.6,9.03,168.57,526.63,77.67,32,0,high,day,1
EQ-CRUSHER-029,crusher,5577.7,100.75,6.71,187.92,530.56,69.21,15,3,medium,day,1
EQ-HAUL-TRUCK-008,haul_truck,3542.7,97.56,3.95,144.81,456.54,71.97,53,3,high,night,1
EQ-BALL-MILL-064,ball_mill,1580.9,102.37,7.92,215.11,545.35,89.95,34,1,medium,day,1
EQ-CRUSHER-087,crusher,5632.9,88.27,6.85,182.21,585.46,95.26,33,3,medium,day,1
EQ-CONVEYOR-BELT-040,conveyor_belt,5166.6,74.11,4.07,69.09,200.77,80.37,63,1,high,day,0
EQ-HAUL-TRUCK-146,haul_truck,5584.5,85.83,3.73,148.5,323.67,64.59,9,0,high,night,0
EQ-BALL-MILL-093,ball_mill,2692.6,99.17,5.82,178.13,474.61,68.76,41,0,high,night,1
EQ-HAUL-TRUCK-066,haul_truck,3447.5,89.54,3.75,132.86,489.21,94.14,42,0,low,day,0
EQ-HAUL-TRUCK-073,haul_truck,6450.3,89.19,5.85,142.74,395.96,81.46,77,1,medium,day,1
EQ-DRILL-RIG-070,drill_rig,1029.9,80.17,6.77,223.99,379.35,49.56,116,0,high,night,0
EQ-BALL-MILL-017,ball_mill,3428.5,94.3,7.89,145.28,551.08,79.99,12,3,high,day,1
EQ-HAUL-TRUCK-091,haul_truck,1855.0,77.05,6.17,173.7,388.52,54.23,22,2,medium,night,0
EQ-CRUSHER-118,crusher,2531.0,87.6,7.74,159.44,606.93,89.85,6,1,low,night,0
EQ-CONVEYOR-BELT-064,conveyor_belt,6010.5,69.62,6.1,46.83,143.03,66.88,14,4,medium,night,0
EQ-DRILL-RIG-064,drill_rig,3742.6,70.19,4.08,237.86,467.21,76.49,80,3,low,day,1
EQ-EXCAVATOR-137,excavator,2298.2,81.28,4.48,201.72,338.01,81.95,55,1,medium,night,0
EQ-CRUSHER-092,crusher,4974.4,84.72,7.36,174.38,599.34,89.96,28,0,medium,night,1
EQ-CONVEYOR-BELT-045,conveyor_belt,3018.8,56.53,3.23,44.28,216.67,62.99,31,1,low,day,0
EQ-CONVEYOR-BELT-001,conveyor_belt,3672.2,56.12,5.51,114.65,160.69,72.99,11,0,medium,night,0
EQ-DRILL-RIG-124,drill_rig,4360.4,79.63,4.17,247.54,257.59,79.73,13,1,medium,day,0
EQ-CONVEYOR-BELT-094,conveyor_belt,7101.9,70.49,0.2,86.63,235.0,64.4,32,1,medium,night,0
EQ-HAUL-TRUCK-094,haul_truck,4360.4,75.63,4.26,155.13,406.36,85.72,21,0,medium,night,1
EQ-BALL-MILL-043,ball_mill,3317.7,98.05,6.76,207.69,600.73,81.22,53,1,high,day,1
EQ-DRILL-RIG-028,drill_rig,4847.8,70.49,5.29,209.51,410.18,64.95,60,0,medium,day,0
EQ-DRILL-RIG-075,drill_rig,4996.0,88.58,5.88,256.64,340.32,66.31,22,0,high,day,0
EQ-HAUL-TRUCK-114,haul_truck,3170.9,85.18,5.3,126.5,396.76,56.48,42,0,medium,day,0
EQ-HAUL-TRUCK-045,haul_truck,3741.7,82.1,6.24,167.51,462.17,68.9,31,0,medium,night,0
EQ-CONVEYOR-BELT-080,conveyor_belt,3938.8,64.43,4.07,65.97,234.9,60.17,30,2,high,day,0
EQ-HAUL-TRUCK-150,haul_truck,6555.5,88.14,5.35,184.25,436.59,82.8,78,2,low,night,1
EQ-BALL-MILL-033,ball_mill,1078.0,90.43,7.76,141.46,518.91,73.99,10,1,medium,day,0
EQ-EXCAVATOR-035,excavator,4725.3,75.02,6.17,185.35,388.46,73.13,77,2,high,night,0
EQ-CONVEYOR-BELT-036,conveyor_belt,5807.9,44.99,2.9,97.94,127.9,67.1,56,1,medium,night,0
EQ-BALL-MILL-137,ball_mill,6463.4,95.65,6.37,169.08,537.36,89.96,41,2,medium,night,1
EQ-CRUSHER-080,crusher,1781.2,89.71,6.32,237.89,580.25,103.68,52,0,high,night,0
EQ-EXCAVATOR-138,excavator,1750.9,81.86,4.27,201.96,317.42,77.43,30,1,low,night,0
EQ-CONVEYOR-BELT-143,conveyor_belt,2948.8,57.02,3.65,57.2,213.51,73.0,22,4,medium,night,0
EQ-CONVEYOR-BELT-064,conveyor_belt,5393.1,65.89,3.59,65.94,73.84,58.12,16,0,high,night,0
EQ-CRUSHER-009,crusher,6111.3,78.78,5.63,193.99,513.24,71.37,57,1,high,day,1
EQ-CONVEYOR-BELT-046,conveyor_belt,1619.5,76.59,4.33,99.7,263.68,81.44,38,2,medium,day,0
EQ-BALL-MILL-082,ball_mill,4411.7,91.57,7.03,162.42,545.75,80.66,94,0,low,day,0
EQ-CRUSHER-058,crusher,5959.3,98.22,5.92,150.93,635.13,94.11,54,1,high,night,1
EQ-HAUL-TRUCK-001,haul_truck,3244.3,86.86,5.05,156.09,427.33,82.47,41,0,high,night,0
EQ-EXCAVATOR-149,excavator,4575.7,87.38,3.92,205.12,328.44,81.45,21,2,low,night,0
EQ-CRUSHER-046,crusher,2119.8,84.65,6.98,222.02,458.99,86.17,24,3,medium,night,1
EQ-HAUL-TRUCK-093,haul_truck,5144.9,77.92,3.87,158.18,373.7,69.42,19,0,medium,day,0
EQ-HAUL-TRUCK-143,haul_truck,3641.2,85.92,5.55,192.35,410.01,63.23,45,1,low,night,0
EQ-CONVEYOR-BELT-082,conveyor_belt,3462.7,72.04,5.48,131.33,198.99,68.58,29,1,high,day,0
EQ-EXCAVATOR-105,excavator,4483.9,72.35,5.72,246.29,413.28,65.9,21,1,high,day,0
EQ-BALL-MILL-006,ball_mill,1486.8,76.49,5.86,186.51,600.67,82.48,99,2,medium,night,1
EQ-EXCAVATOR-105,excavator,2999.0,90.46,7.11,188.43,396.79,66.9,67,1,high,day,1
EQ-HAUL-TRUCK-128,haul_truck,5961.5,73.98,4.97,185.85,531.4,97.65,33,0,high,night,1
EQ-DRILL-RIG-138,drill_rig,1610.0,74.07,5.16,194.42,355.92,83.27,35,2,medium,night,0
EQ-BALL-MILL-013,ball_mill,1713.1,92.38,7.12,166.42,485.73,70.28,56,4,high,night,1
EQ-EXCAVATOR-035,excavator,3156.7,69.5,4.56,255.44,494.69,102.32,30,1,medium,day,0
EQ-HAUL-TRUCK-008,haul_truck,3921.1,77.7,6.08,172.02,465.49,94.29,12,1,high,day,0
EQ-HAUL-TRUCK-138,haul_truck,4364.0,74.74,4.17,191.33,505.24,74.65,20,0,low,day,0
EQ-CRUSHER-042,crusher,8485.6,89.77,5.83,171.84,508.09,66.5,36,2,medium,day,1
EQ-CRUSHER-080,crusher,4438.1,92.25,8.5,225.43,480.76,86.65,35,1,medium,day,0
EQ-EXCAVATOR-072,excavator,4708.0,73.87,5.44,218.33,395.18,59.09,8,0,low,day,0
EQ-HAUL-TRUCK-104,haul_truck,6475.5,68.73,5.39,185.84,419.76,77.22,55,1,medium,night,1
EQ-CRUSHER-135,crusher,2610.4,107.23,9.79,205.8,462.78,91.04,8,1,medium,night,0
EQ-BALL-MILL-049,ball_mill,4788.2,89.39,6.52,160.97,552.2,75.91,15,1,medium,night,0
EQ-CONVEYOR-BELT-119,conveyor_belt,5364.2,53.06,3.97,60.42,167.64,68.29,59,0,medium,day,0
EQ-CRUSHER-044,crusher,5024.8,79.91,8.14,120.55,474.12,72.34,28,1,low,night,1
EQ-HAUL-TRUCK-030,haul_truck,4368.4,84.54,6.32,157.43,523.74,69.74,71,0,low,day,0
EQ-EXCAVATOR-016,excavator,4224.0,93.46,2.08,253.18,211.07,50.36,64,0,low,day,0
EQ-EXCAVATOR-056,excavator,2301.7,94.01,3.59,230.03,380.22,65.16,12,2,high,day,0
EQ-DRILL-RIG-085,drill_rig,3327.5,91.6,6.56,242.01,379.69,75.89,25,5,high,night,0
EQ-DRILL-RIG-118,drill_rig,7550.6,92.05,5.81,220.23,372.78,67.87,21,0,medium,night,0
EQ-BALL-MILL-128,ball_mill,2963.7,81.22,6.18,188.88,638.77,71.1,23,0,medium,day,0
EQ-BALL-MILL-080,ball_mill,4038.7,85.08,7.61,147.98,623.82,110.0,20,1,medium,night,1
EQ-BALL-MILL-062,ball_mill,3914.8,87.87,3.99,153.78,568.69,53.23,14,2,medium,night,0
EQ-BALL-MILL-027,ball_mill,4790.7,85.29,8.36,159.9,508.96,74.95,67,2,low,day,1
EQ-HAUL-TRUCK-138,haul_truck,3899.4,79.52,5.56,168.53,320.64,74.53,15,0,medium,night,0
EQ-HAUL-TRUCK-060,haul_truck,3601.6,85.65,4.05,162.68,405.23,77.77,27,0,medium,day,0
EQ-EXCAVATOR-115,excavator,5872.1,71.39,8.84,198.55,370.0,70.34,14,3,high,day,0
EQ-CONVEYOR-BELT-094,conveyor_belt,4434.3,58.46,3.11,65.53,61.27,63.84,37,1,low,night,0
EQ-HAUL-TRUCK-140,haul_truck,4227.4,89.22,3.56,203.55,407.41,86.11,27,1,medium,day,0
EQ-DRILL-RIG-146,drill_rig,3062.5,81.32,5.12,224.44,438.07,84.24,22,1,medium,night,0
EQ-CONVEYOR-BELT-107,conveyor_belt,3371.7,74.06,3.84,85.71,204.67,65.74,67,3,medium,day,0
EQ-CRUSHER-100,crusher,4517.2,94.98,6.54,139.08,464.35,77.82,29,2,high,night,0
EQ-HAUL-TRUCK-021,haul_truck,6134.4,94.37,4.71,169.49,390.77,59.17,32,0,medium,night,0
EQ-EXCAVATOR-003,excavator,7068.8,83.33,4.74,203.54,326.95,81.89,8,1,low,night,0
EQ-HAUL-TRUCK-082,haul_truck,4687.2,91.09,6.96,167.81,477.18,82.16,35,3,medium,night,0
EQ-DRILL-RIG-106,drill_rig,9185.1,66.68,7.38,247.45,451.76,76.78,53,2,low,night,1
EQ-CONVEYOR-BELT-112,conveyor_belt,3507.8,53.92,1.81,103.88,162.73,61.88,17,1,low,day,0
EQ-CONVEYOR-BELT-038,conveyor_belt,3496.7,69.03,6.13,96.89,146.67,82.65,27,4,medium,day,0
EQ-EXCAVATOR-076,excavator,6678.6,68.15,4.25,207.37,312.42,66.48,76,1,low,night,0
EQ-EXCAVATOR-130,excavator,4314.7,79.59,6.29,202.78,328.0,82.26,21,2,low,day,0
EQ-CRUSHER-015,crusher,3109.6,86.87,10.58,184.41,561.22,79.52,48,1,medium,day,1
EQ-DRILL-RIG-058,drill_rig,3980.6,95.37,7.18,259.71,532.58,97.95,28,1,medium,night,1
EQ-DRILL-RIG-142,drill_rig,2453.4,84.34,7.02,237.02,411.39,100.89,68,0,high,day,1
EQ-HAUL-TRUCK-030,haul_truck,3703.1,72.78,6.35,201.18,612.94,94.75,40,0,medium,day,0
EQ-BALL-MILL-048,ball_mill,2315.1,100.63,5.47,165.61,668.15,82.01,19,2,medium,night,0
EQ-HAUL-TRUCK-071,haul_truck,2451.5,79.18,7.64,163.83,433.18,73.78,11,1,medium,night,0
EQ-BALL-MILL-104,ball_mill,4494.8,99.29,6.07,122.13,450.36,76.52,86,0,high,night,1
EQ-HAUL-TRUCK-039,haul_truck,1254.5,71.83,8.58,152.65,459.58,66.65,45,0,medium,day,0
EQ-EXCAVATOR-119,excavator,2328.8,75.16,3.67,245.79,383.95,68.47,39,2,medium,day,0
EQ-DRILL-RIG-036,drill_rig,2771.8,88.45,5.72,225.15,407.27,78.88,24,2,medium,night,0
EQ-HAUL-TRUCK-056,haul_truck,3309.9,77.58,5.01,112.49,416.37,89.68,9,0,medium,day,0
EQ-CRUSHER-086,crusher,5162.9,75.06,6.64,195.02,411.37,73.37,41,1,low,night,0
EQ-CRUSHER-002,crusher,3255.2,107.56,7.23,198.41,623.97,93.1,40,2,medium,day,1
EQ-EXCAVATOR-116,excavator,7426.7,82.26,6.23,202.61,436.1,79.41,48,1,medium,day,0
EQ-CONVEYOR-BELT-101,conveyor_belt,2946.4,57.96,2.33,79.74,199.21,71.89,72,0,medium,day,0
EQ-DRILL-RIG-126,drill_rig,1313.3,72.17,5.15,215.52,251.77,74.65,38,0,medium,day,0
EQ-DRILL-RIG-042,drill_rig,2399.9,89.96,7.73,199.42,355.13,76.74,8,0,low,day,0
EQ-EXCAVATOR-060,excavator,4465.2,79.77,6.36,169.29,395.0,85.94,50,1,low,night,0
EQ-CRUSHER-135,crusher,2447.3,84.11,7.59,207.16,555.0,101.45,88,3,medium,night,0
EQ-EXCAVATOR-011,excavator,2908.5,82.69,4.66,205.21,251.71,66.86,31,3,high,day,0
EQ-EXCAVATOR-074,excavator,6653.9,81.11,7.46,205.31,376.48,83.1,30,0,high,night,0
EQ-HAUL-TRUCK-073,haul_truck,7568.8,94.26,5.61,150.57,393.35,65.47,28,1,medium,day,0
EQ-BALL-MILL-068,ball_mill,1955.7,86.16,6.09,175.58,457.23,84.96,34,0,medium,day,0
EQ-BALL-MILL-066,ball_mill,3584.6,100.6,4.24,159.53,588.58,72.77,41,0,high,night,1
EQ-DRILL-RIG-113,drill_rig,4417.0,67.24,6.09,217.08,409.84,68.48,47,2,medium,night,0
EQ-CRUSHER-030,crusher,5993.3,91.81,8.9,181.04,571.74,78.35,21,2,medium,night,0
EQ-CRUSHER-134,crusher,3238.1,87.6,6.49,152.41,499.44,82.14,22,1,low,day,0
EQ-CRUSHER-135,crusher,4400.6,89.94,10.09,176.45,504.47,86.97,2,1,low,day,0
EQ-CRUSHER-027,crusher,6471.8,118.09,5.22,142.5,543.88,96.12,8,1,medium,night,1
EQ-CRUSHER-147,crusher,4037.3,96.18,6.38,177.21,480.66,67.11,26,0,high,night,0
EQ-HAUL-TRUCK-040,haul_truck,953.9,90.59,4.67,164.23,442.75,63.07,42,3,high,night,0
EQ-HAUL-TRUCK-008,haul_truck,3567.9,90.46,3.81,181.64,309.93,57.32,24,1,low,night,0
EQ-BALL-MILL-060,ball_mill,2670.0,85.79,8.3,217.37,578.26,85.64,53,0,medium,day,0
EQ-CRUSHER-120,crusher,2760.3,92.72,8.96,211.55,524.22,86.15,20,0,high,night,0
EQ-BALL-MILL-127,ball_mill,2867.5,77.64,7.34,132.16,616.34,95.87,21,0,high,night,0
EQ-HAUL-TRUCK-097,haul_truck,1237.3,74.65,5.65,159.86,384.49,83.06,64,2,medium,day,0
EQ-CONVEYOR-BELT-122,conveyor_belt,7333.8,61.29,4.24,86.51,248.06,64.81,41,2,medium,day,0
EQ-HAUL-TRUCK-040,haul_truck,6166.9,87.06,5.04,141.02,410.87,63.58,58,1,high,night,0
EQ-EXCAVATOR-132,excavator,7841.7,93.68,2.81,204.98,253.11,61.03,42,1,medium,day,0
EQ-HAUL-TRUCK-096,haul_truck,9510.3,89.68,4.53,168.75,387.56,58.86,35,0,medium,night,0
EQ-HAUL-TRUCK-021,haul_truck,4328.5,76.45,4.47,121.15,450.95,79.06,41,1,low,night,0
EQ-BALL-MILL-020,ball_mill,3088.4,86.41,6.71,154.74,500.05,60.13,13,0,medium,day,1
EQ-EXCAVATOR-041,excavator,4890.0,74.07,4.76,211.88,495.79,74.5,5,0,low,night,0
EQ-CONVEYOR-BELT-011,conveyor_belt,4987.2,52.88,4.8,94.74,245.53,60.8,12,1,medium,night,0
EQ-CRUSHER-043,crusher,3082.8,95.45,10.94,218.22,478.42,76.4,8,3,high,day,1
EQ-CRUSHER-150,crusher,3041.3,91.78,9.87,174.3,533.29,83.84,40,2,medium,night,1
EQ-CRUSHER-037,crusher,3817.9,99.94,8.49,193.87,548.37,82.18,65,0,high,day,0
EQ-HAUL-TRUCK-096,haul_truck,2934.8,86.93,4.91,188.57,318.26,65.63,13,0,high,night,0
EQ-BALL-MILL-147,ball_mill,5011.0,99.38,9.59,133.89,607.69,76.23,39,0,high,day,1
EQ-DRILL-RIG-038,drill_rig,2148.7,70.48,4.52,243.27,455.01,80.84,80,2,medium,day,0
EQ-CONVEYOR-BELT-105,conveyor_belt,5516.1,66.5,3.96,128.27,156.05,64.96,56,0,high,night,0
EQ-CRUSHER-068,crusher,6982.8,97.32,6.69,154.36,581.03,92.24,43,0,medium,day,1
EQ-HAUL-TRUCK-043,haul_truck,10258.4,88.62,4.54,191.53,430.89,84.12,33,1,low,day,0
EQ-BALL-MILL-143,ball_mill,7628.6,103.68,6.04,174.59,493.43,77.05,41,6,high,day,1
EQ-EXCAVATOR-099,excavator,10186.5,74.85,7.15,216.24,429.87,75.87,36,2,medium,night,1
EQ-HAUL-TRUCK-066,haul_truck,5047.5,95.51,4.85,121.45,433.52,83.14,29,1,high,night,0
EQ-EXCAVATOR-122,excavator,1962.1,88.97,6.6,243.92,420.65,75.21,15,1,medium,day,0
EQ-DRILL-RIG-136,drill_rig,4182.9,90.69,7.06,240.11,531.62,66.24,21,0,medium,day,0
EQ-CONVEYOR-BELT-118,conveyor_belt,9151.1,64.88,2.44,109.4,126.59,75.45,39,4,high,day,0
EQ-DRILL-RIG-131,drill_rig,7520.2,74.67,9.13,226.51,396.22,78.63,61,1,medium,night,1
EQ-DRILL-RIG-049,drill_rig,3475.2,87.33,4.94,224.9,341.96,68.26,13,4,medium,day,0
EQ-HAUL-TRUCK-052,haul_truck,1408.3,92.2,3.41,141.43,448.12,78.35,105,1,high,night,0
EQ-BALL-MILL-035,ball_mill,4928.8,89.14,4.85,189.58,678.65,99.02,7,1,medium,day,1
EQ-CRUSHER-105,crusher,1899.5,89.55,6.86,205.58,612.78,87.32,17,1,low,night,1
EQ-CONVEYOR-BELT-121,conveyor_belt,4865.6,62.81,2.16,71.64,227.75,66.14,40,0,medium,night,0
EQ-HAUL-TRUCK-100,haul_truck,5133.8,81.72,3.65,167.78,464.23,68.88,50,2,low,day,0
EQ-BALL-MILL-090,ball_mill,7351.9,88.14,7.73,198.89,704.41,85.25,21,3,medium,night,0
EQ-EXCAVATOR-116,excavator,1490.0,68.7,4.66,222.33,290.74,76.46,34,0,low,day,1
EQ-HAUL-TRUCK-028,haul_truck,6020.8,84.27,4.34,198.77,456.9,86.38,29,1,low,night,0
EQ-CRUSHER-055,crusher,3834.7,97.1,8.68,167.93,534.57,78.89,26,1,high,day,0
EQ-HAUL-TRUCK-107,haul_truck,8236.7,74.18,4.93,158.86,342.35,61.78,16,4,low,day,0
EQ-HAUL-TRUCK-008,haul_truck,5838.6,100.15,5.28,168.6,480.03,90.1,39,1,high,day,0
EQ-CONVEYOR-BELT-137,conveyor_belt,4344.2,77.91,4.78,56.5,98.82,67.59,41,0,medium,day,0
EQ-CRUSHER-026,crusher,2627.5,99.38,8.74,175.85,567.47,81.07,33,3,low,night,0
EQ-BALL-MILL-119,ball_mill,4016.8,92.16,7.71,193.29,457.55,72.49,53,0,high,night,1
EQ-EXCAVATOR-093,excavator,6687.7,83.1,4.36,163.5,426.84,75.98,39,1,low,day,0
EQ-CONVEYOR-BELT-128,conveyor_belt,4029.2,71.36,3.8,104.11,130.36,71.36,19,1,medium,night,0
EQ-CRUSHER-117,crusher,3967.1,94.35,7.19,199.44,627.13,88.67,81,1,high,night,1
EQ-CONVEYOR-BELT-078,conveyor_belt,4064.6,61.0,2.48,62.0,207.6,63.88,46,1,high,day,0
EQ-CONVEYOR-BELT-114,conveyor_belt,3090.9,57.19,2.06,99.04,244.83,68.89,26,3,medium,day,0
EQ-CRUSHER-052,crusher,2488.8,101.23,6.91,175.4,474.68,73.36,24,3,high,night,0
EQ-BALL-MILL-088,ball_mill,2681.4,87.63,3.85,157.14,623.1,83.28,23,1,high,day,0
EQ-EXCAVATOR-138,excavator,13193.3,77.29,4.99,185.58,311.74,40.55,14,0,medium,night,0
EQ-HAUL-TRUCK-013,haul_truck,4236.9,74.99,4.06,165.59,333.89,74.88,20,3,medium,day,0
EQ-CONVEYOR-BELT-054,conveyor_belt,6152.2,69.76,2.71,106.25,264.71,92.63,36,0,medium,day,0
EQ-DRILL-RIG-003,drill_rig,4508.8,86.86,6.07,255.13,377.18,67.25,47,2,medium,night,1
EQ-HAUL-TRUCK-081,haul_truck,6747.9,94.57,4.22,125.85,438.83,76.41,75,1,medium,night,0
EQ-CRUSHER-118,crusher,7581.4,87.25,9.37,195.3,592.49,92.97,27,0,low,night,1
EQ-BALL-MILL-006,ball_mill,9427.2,87.01,4.48,172.2,653.94,65.95,39,2,medium,day,1
EQ-CONVEYOR-BELT-083,conveyor_belt,9037.4,55.76,3.51,112.73,172.52,72.05,38,1,low,night,0
EQ-BALL-MILL-063,ball_mill,2029.4,80.72,8.14,148.64,640.5,99.17,20,2,low,night,1
EQ-CRUSHER-118,crusher,5307.0,94.37,8.47,177.01,462.29,65.83,44,1,medium,night,0
EQ-CONVEYOR-BELT-034,conveyor_belt,3340.9,60.31,6.63,65.8,222.1,72.45,11,1,low,night,0
EQ-EXCAVATOR-025,excavator,2742.4,73.52,2.53,202.64,360.59,75.7,31,0,medium,night,0
EQ-BALL-MILL-015,ball_mill,3697.2,80.73,6.87,199.47,568.26,86.46,27,2,medium,night,0
EQ-EXCAVATOR-062,excavator,7960.4,85.48,4.96,225.29,353.46,55.45,21,2,low,night,0
EQ-CONVEYOR-BELT-074,conveyor_belt,6702.9,70.69,1.36,107.74,227.21,61.92,41,3,low,night,0
EQ-CRUSHER-138,crusher,4257.8,79.57,8.68,194.14,555.41,109.57,75,1,low,day,1
EQ-CONVEYOR-BELT-070,conveyor_belt,5704.4,62.5,0.2,114.0,228.8,79.55,58,2,medium,night,0
EQ-CONVEYOR-BELT-026,conveyor_belt,4977.3,60.64,3.12,84.49,50.5,62.91,37,1,medium,night,0
EQ-CRUSHER-105,crusher,3701.2,83.11,6.97,184.75,576.95,100.09,55,0,medium,day,1
EQ-BALL-MILL-010,ball_mill,2926.8,86.55,8.15,166.53,533.06,81.07,89,3,medium,day,1
EQ-CRUSHER-052,crusher,4014.7,100.65,8.31,209.9,383.34,85.06,19,0,medium,day,1
EQ-CONVEYOR-BELT-099,conveyor_belt,5877.2,58.6,2.4,70.11,155.06,73.62,31,1,low,night,0
EQ-EXCAVATOR-039,excavator,8384.8,80.14,5.54,217.66,229.89,67.18,44,0,medium,day,0
EQ-CRUSHER-090,crusher,5333.6,91.19,7.16,168.07,535.6,89.53,46,4,medium,day,1
EQ-CRUSHER-068,crusher,3192.9,89.19,7.57,201.49,488.33,79.88,27,2,medium,day,0
EQ-HAUL-TRUCK-143,haul_truck,2561.8,73.52,5.3,152.52,470.78,81.55,38,1,high,day,0
EQ-HAUL-TRUCK-044,haul_truck,4895.7,81.59,4.52,143.32,462.11,91.73,28,0,low,night,0
EQ-CONVEYOR-BELT-136,conveyor_belt,1516.1,57.83,2.29,89.6,185.42,47.22,32,1,medium,day,0
EQ-CONVEYOR-BELT-094,conveyor_belt,11889.6,74.4,1.46,92.01,125.58,61.25,8,3,high,day,0
EQ-CONVEYOR-BELT-113,conveyor_belt,5285.6,68.26,4.89,110.66,219.45,63.88,75,1,high,day,0
EQ-HAUL-TRUCK-026,haul_truck,7323.5,88.14,3.66,165.18,478.78,80.86,7,1,medium,night,1
EQ-EXCAVATOR-003,excavator,6510.2,79.99,4.35,187.13,394.48,82.59,22,1,medium,night,0
EQ-HAUL-TRUCK-110,haul_truck,5243.3,76.89,5.8,144.98,352.54,72.5,47,1,low,day,0
EQ-DRILL-RIG-073,drill_rig,5089.5,89.4,5.91,245.5,379.76,70.65,62,2,high,day,0
EQ-DRILL-RIG-047,drill_rig,6025.9,91.32,7.05,238.76,334.22,70.9,28,0,medium,night,0
EQ-EXCAVATOR-135,excavator,3544.1,80.81,5.35,224.33,361.06,79.29,51,1,medium,night,0
EQ-CONVEYOR-BELT-049,conveyor_belt,4292.7,63.5,2.47,91.38,197.26,66.63,31,4,medium,night,0
EQ-HAUL-TRUCK-066,haul_truck,6186.5,73.47,3.14,160.72,574.01,83.97,40,0,medium,day,0
EQ-EXCAVATOR-109,excavator,2026.6,84.33,5.56,223.39,365.37,89.84,23,3,medium,night,1
EQ-HAUL-TRUCK-145,haul_truck,4224.2,77.72,3.71,158.86,411.26,90.03,48,2,low,night,0
EQ-EXCAVATOR-135,excavator,3986.4,67.85,3.25,234.13,326.25,78.0,13,3,medium,day,0
EQ-CONVEYOR-BELT-098,conveyor_belt,1465.0,62.3,3.8,96.68,190.37,65.46,103,2,low,night,0
EQ-BALL-MILL-017,ball_mill,5486.8,90.86,7.18,201.89,611.1,85.53,20,2,high,night,1
EQ-HAUL-TRUCK-017,haul_truck,4680.0,81.74,6.71,160.67,316.19,88.84,14,4,low,night,0
EQ-CRUSHER-104,crusher,4220.5,103.54,7.94,184.27,454.31,82.12,32,1,high,night,0
EQ-CONVEYOR-BELT-077,conveyor_belt,6732.6,68.93,5.64,104.87,276.12,83.35,26,0,medium,day,0
EQ-BALL-MILL-020,ball_mill,6231.9,79.78,7.36,167.46,612.09,79.05,74,1,medium,day,1
EQ-CONVEYOR-BELT-105,conveyor_belt,6454.7,60.43,2.87,86.15,166.24,69.27,92,2,medium,day,0
EQ-EXCAVATOR-142,excavator,4011.8,87.12,5.01,199.54,323.57,65.08,21,2,medium,night,0
EQ-CONVEYOR-BELT-010,conveyor_belt,3494.0,63.93,2.3,92.46,249.85,83.44,44,3,medium,day,0
EQ-EXCAVATOR-124,excavator,4629.5,65.94,3.02,225.88,318.12,59.28,41,2,medium,day,0
EQ-BALL-MILL-052,ball_mill,5220.9,87.92,7.45,179.97,504.75,70.9,43,1,low,night,1
EQ-CRUSHER-060,crusher,5810.6,94.53,8.58,194.24,585.3,88.38,16,3,medium,day,1
EQ-CONVEYOR-BELT-108,conveyor_belt,2739.3,61.92,2.83,70.47,150.31,59.7,16,0,high,night,0
EQ-HAUL-TRUCK-038,haul_truck,5061.7,83.16,3.36,183.5,370.4,79.92,35,1,low,day,0
EQ-CRUSHER-024,crusher,7092.8,92.12,4.89,169.21,495.18,82.2,41,1,high,day,0
EQ-DRILL-RIG-145,drill_rig,2916.1,76.55,6.2,202.87,437.03,79.92,12,0,high,day,0
EQ-CONVEYOR-BELT-053,conveyor_belt,1423.4,74.94,2.82,90.18,174.16,56.62,23,1,medium,day,0
EQ-CRUSHER-026,crusher,1029.3,84.96,9.04,219.12,556.38,78.93,30,1,low,day,1
EQ-BALL-MILL-104,ball_mill,3475.6,89.83,7.05,157.32,620.49,76.62,64,2,medium,day,1
EQ-DRILL-RIG-033,drill_rig,2490.2,97.99,5.46,224.68,337.29,80.45,54,0,high,night,0
EQ-EXCAVATOR-117,excavator,5379.2,70.34,4.57,216.04,420.42,86.75,73,2,medium,day,0
EQ-CRUSHER-011,crusher,4969.6,94.23,9.19,196.12,599.58,92.95,32,0,medium,day,0
EQ-CRUSHER-078,crusher,1611.4,94.25,8.65,157.08,579.31,80.96,24,1,medium,day,1
EQ-CONVEYOR-BELT-061,conveyor_belt,6942.1,66.92,4.24,85.36,267.35,86.46,70,1,medium,day,0
EQ-EXCAVATOR-144,excavator,3041.2,81.25,4.32,176.5,323.72,61.74,32,3,low,day,0
EQ-EXCAVATOR-079,excavator,2657.4,83.17,7.15,228.58,179.89,60.69,48,0,low,day,0
EQ-BALL-MILL-139,ball_mill,4851.8,94.27,6.83,175.09,620.48,93.92,6,1,medium,night,1
EQ-BALL-MILL-038,ball_mill,3350.3,72.88,6.03,187.14,460.49,82.3,31,1,medium,night,0
EQ-DRILL-RIG-072,drill_rig,4650.6,79.72,7.13,262.44,429.21,76.41,32,3,low,night,0
EQ-BALL-MILL-123,ball_mill,3922.0,94.7,8.44,163.43,621.26,85.89,31,1,high,night,0
EQ-CONVEYOR-BELT-025,conveyor_belt,7309.4,56.41,3.03,87.19,113.24,60.05,34,0,medium,night,0
EQ-DRILL-RIG-140,drill_rig,4699.6,84.47,6.81,239.83,416.42,78.66,69,2,low,day,0
EQ-DRILL-RIG-116,drill_rig,3703.9,91.99,8.15,188.32,431.45,81.51,23,0,low,day,1
EQ-CRUSHER-102,crusher,4153.8,93.63,8.22,204.89,669.5,84.6,53,2,medium,night,1
EQ-CRUSHER-037,crusher,6601.8,104.94,5.83,227.92,500.19,81.83,10,0,medium,day,0
EQ-EXCAVATOR-123,excavator,2754.8,72.24,6.48,211.57,337.17,74.25,11,4,low,day,0
EQ-CONVEYOR-BELT-127,conveyor_belt,5514.5,64.41,3.39,65.52,199.93,73.12,17,0,high,night,0
EQ-EXCAVATOR-044,excavator,4264.7,86.91,7.64,224.09,388.7,86.73,20,4,high,day,1
EQ-EXCAVATOR-089,excavator,4328.6,75.68,4.43,161.58,364.96,74.32,53,2,medium,day,0
EQ-CONVEYOR-BELT-010,conveyor_belt,2497.7,63.93,2.5,89.21,116.66,67.15,35,1,high,night,0
EQ-CRUSHER-060,crusher,3486.4,84.58,9.02,163.73,474.94,84.44,8,1,medium,day,1
EQ-HAUL-TRUCK-023,haul_truck,3156.1,86.14,7.08,168.5,602.78,80.22,37,2,high,day,0
EQ-DRILL-RIG-084,drill_rig,4254.1,81.98,7.87,233.21,421.01,66.71,37,3,medium,day,0
EQ-DRILL-RIG-083,drill_rig,2072.5,99.03,5.92,248.35,487.47,77.15,2,0,medium,day,0
EQ-HAUL-TRUCK-080,haul_truck,1353.0,84.37,3.39,154.63,505.12,81.98,73,0,low,night,0
EQ-HAUL-TRUCK-102,haul_truck,3339.0,85.83,3.76,170.94,386.01,87.01,18,0,low,night,0
EQ-EXCAVATOR-139,excavator,6663.0,69.5,4.8,206.81,458.25,70.1,53,1,high,day,0
EQ-DRILL-RIG-030,drill_rig,5286.2,66.99,7.35,222.29,399.96,73.26,45,0,medium,day,0
EQ-DRILL-RIG-033,drill_rig,4050.7,94.09,7.19,238.27,388.65,68.0,14,2,medium,day,1
EQ-HAUL-TRUCK-033,haul_truck,2585.3,88.19,3.44,148.1,497.66,76.22,65,0,low,night,0
EQ-DRILL-RIG-140,drill_rig,978.3,80.93,7.99,281.82,442.82,86.12,41,3,high,day,1
EQ-HAUL-TRUCK-014,haul_truck,3030.2,80.76,3.14,136.33,510.54,79.63,64,2,medium,day,1
EQ-CRUSHER-005,crusher,3789.5,92.22,6.91,163.84,657.15,84.2,85,0,low,night,1
EQ-BALL-MILL-025,ball_mill,2332.0,96.28,9.95,156.25,501.65,94.44,16,1,medium,night,1
EQ-HAUL-TRUCK-116,haul_truck,5104.4,85.87,6.92,183.62,359.68,79.31,39,0,low,night,0
EQ-HAUL-TRUCK-087,haul_truck,5045.4,77.26,6.34,145.53,470.93,62.3,10,1,medium,night,0
EQ-CRUSHER-138,crusher,3311.9,89.65,6.5,216.68,496.49,71.24,64,2,medium,night,0
EQ-CONVEYOR-BELT-031,conveyor_belt,3898.1,67.07,3.26,74.9,133.71,57.52,8,1,high,night,0
EQ-BALL-MILL-060,ball_mill,3859.6,96.88,8.42,165.94,576.3,91.21,13,0,high,night,1
EQ-BALL-MILL-084,ball_mill,4887.4,89.77,5.87,159.33,639.63,76.2,22,2,low,day,1
EQ-HAUL-TRUCK-011,haul_truck,2713.7,72.73,2.87,137.75,399.33,70.96,32,1,medium,day,0
EQ-HAUL-TRUCK-138,haul_truck,11436.5,83.74,7.34,193.42,497.95,88.84,54,0,high,day,1
EQ-DRILL-RIG-121,drill_rig,2065.6,74.14,6.75,196.73,427.41,96.82,9,0,medium,night,0
EQ-EXCAVATOR-022,excavator,2732.8,75.04,5.48,196.36,298.3,65.3,39,2,medium,night,0
EQ-BALL-MILL-127,ball_mill,4559.0,88.05,5.71,179.0,619.49,90.89,21,0,medium,night,0
EQ-CONVEYOR-BELT-068,conveyor_belt,8444.8,79.8,3.39,87.79,123.87,54.94,31,2,high,day,0
EQ-HAUL-TRUCK-051,haul_truck,3187.3,107.24,3.62,179.34,534.72,99.48,71,0,medium,night,0
EQ-DRILL-RIG-142,drill_rig,2540.1,104.02,4.23,202.12,493.73,88.94,34,1,high,day,1
EQ-HAUL-TRUCK-078,haul_truck,3626.9,83.91,9.11,155.95,489.8,78.68,45,1,medium,day,1
EQ-CRUSHER-035,crusher,5587.4,87.58,9.98,170.57,476.1,59.24,6,1,medium,night,0
EQ-CONVEYOR-BELT-122,conveyor_belt,5718.1,60.21,3.81,91.87,124.14,60.94,18,1,low,night,0
EQ-CRUSHER-108,crusher,5273.9,88.81,7.98,206.13,577.36,79.35,32,1,medium,night,1
EQ-CONVEYOR-BELT-029,conveyor_belt,8868.0,62.62,0.78,128.38,221.46,65.19,11,1,medium,day,0
EQ-CONVEYOR-BELT-102,conveyor_belt,5731.7,56.77,1.62,77.07,190.69,74.54,8,4,low,day,0
EQ-BALL-MILL-095,ball_mill,6256.9,82.99,5.1,211.66,546.77,83.85,19,1,medium,day,0
EQ-BALL-MILL-042,ball_mill,6541.6,86.52,6.66,128.91,601.62,72.4,32,1,low,day,0
EQ-CRUSHER-065,crusher,2393.6,96.67,7.47,190.27,553.64,91.89,52,1,high,night,0
EQ-HAUL-TRUCK-126,haul_truck,3831.0,92.88,4.72,179.64,422.74,76.57,52,2,high,day,1
EQ-CONVEYOR-BELT-027,conveyor_belt,2757.1,64.88,1.23,73.23,324.3,70.77,29,0,medium,day,0
EQ-BALL-MILL-109,ball_mill,2881.0,91.55,7.28,140.39,574.93,89.79,35,1,medium,day,1
EQ-EXCAVATOR-125,excavator,3460.8,69.74,5.47,236.23,295.95,77.76,10,1,medium,night,0
EQ-CRUSHER-141,crusher,4832.9,86.25,7.16,174.93,544.96,92.36,97,2,medium,night,1
EQ-CRUSHER-049,crusher,8255.1,82.6,7.94,186.11,590.83,85.02,77,2,low,day,0
EQ-HAUL-TRUCK-040,haul_truck,5480.4,92.3,4.0,149.78,378.61,71.84,41,0,medium,day,0
EQ-CONVEYOR-BELT-141,conveyor_belt,5033.9,63.56,4.47,85.71,176.04,66.25,26,1,high,night,0
EQ-EXCAVATOR-070,excavator,3498.2,77.43,6.47,204.33,374.67,53.84,63,1,low,night,0
EQ-DRILL-RIG-086,drill_rig,8644.6,70.16,4.81,214.86,348.93,85.4,98,2,low,day,0
EQ-DRILL-RIG-077,drill_rig,1989.2,72.2,5.52,199.93,434.65,79.74,44,0,low,day,1
EQ-DRILL-RIG-078,drill_rig,5800.5,89.76,5.4,239.37,392.51,78.64,53,1,medium,night,0
EQ-CRUSHER-094,crusher,1420.7,74.34,6.44,209.56,445.8,72.8,22,0,low,night,0
EQ-EXCAVATOR-064,excavator,4404.0,79.91,5.93,211.21,341.92,57.88,11,4,medium,day,1
EQ-CONVEYOR-BELT-059,conveyor_belt,6572.6,56.6,1.78,69.11,173.59,81.37,30,3,low,day,0
EQ-DRILL-RIG-061,drill_rig,4175.6,85.63,7.27,237.36,443.22,79.95,48,0,low,day,1
EQ-CRUSHER-099,crusher,7385.8,97.39,3.91,194.62,436.64,65.74,9,0,medium,day,0
EQ-BALL-MILL-123,ball_mill,2581.4,94.69,6.57,170.46,663.31,92.47,93,0,high,day,0
EQ-HAUL-TRUCK-084,haul_truck,947.9,79.82,5.17,170.6,409.7,51.34,46,2,low,day,0
EQ-DRILL-RIG-102,drill_rig,2069.8,77.52,6.83,228.95,369.36,81.14,53,1,low,day,0
EQ-HAUL-TRUCK-062,haul_truck,3540.9,94.4,4.02,161.23,517.74,95.05,6,0,medium,day,1
EQ-HAUL-TRUCK-117,haul_truck,4843.9,90.47,2.81,152.01,444.1,69.26,23,1,high,day,0
EQ-CRUSHER-060,crusher,3004.9,92.27,6.16,163.71,548.87,88.98,35,0,medium,day,0
EQ-HAUL-TRUCK-064,haul_truck,4415.9,93.14,4.01,165.71,394.78,59.64,13,2,medium,night,0
EQ-HAUL-TRUCK-009,haul_truck,5300.8,85.38,5.12,135.37,480.58,81.25,118,2,medium,day,0
EQ-HAUL-TRUCK-040,haul_truck,2668.0,90.27,1.92,147.45,346.93,77.91,74,1,high,night,0
EQ-CRUSHER-111,crusher,2707.6,95.14,7.9,176.91,463.36,97.8,36,0,low,night,1
EQ-DRILL-RIG-014,drill_rig,1851.7,71.87,6.78,227.04,549.54,88.71,57,3,low,night,1
EQ-HAUL-TRUCK-034,haul_truck,7386.8,93.98,4.11,114.88,526.27,101.45,26,1,medium,day,0
EQ-CONVEYOR-BELT-117,conveyor_belt,7468.9,60.42,2.86,43.2,256.08,84.55,66,1,medium,day,0
EQ-DRILL-RIG-131,drill_rig,4394.8,78.62,6.38,231.98,432.52,73.17,30,2,low,night,0
EQ-HAUL-TRUCK-063,haul_truck,2165.5,83.59,7.78,152.82,436.71,83.33,89,2,high,day,1
EQ-HAUL-TRUCK-062,haul_truck,8068.8,86.33,5.25,165.59,534.54,95.44,20,1,medium,day,0
EQ-DRILL-RIG-077,drill_rig,2709.9,81.85,5.37,231.09,389.99,77.47,11,2,high,day,0
EQ-DRILL-RIG-116,drill_rig,1900.6,77.48,8.91,212.53,441.19,88.33,32,1,high,night,0
EQ-CRUSHER-071,crusher,2673.6,84.24,8.75,206.55,447.49,84.86,19,3,medium,night,1
EQ-DRILL-RIG-027,drill_rig,2509.0,80.24,6.43,232.89,395.95,69.24,44,1,high,day,0
EQ-HAUL-TRUCK-065,haul_truck,2219.8,86.17,1.73,128.27,462.17,85.88,16,3,medium,night,0
EQ-CRUSHER-039,crusher,2984.2,93.4,8.88,224.04,668.53,102.05,118,2,medium,night,1
EQ-CONVEYOR-BELT-103,conveyor_belt,4232.7,64.46,3.21,82.68,211.92,71.73,11,2,medium,day,0
EQ-EXCAVATOR-022,excavator,5768.1,83.98,6.39,205.6,400.09,64.72,46,2,high,day,0
EQ-DRILL-RIG-092,drill_rig,3657.6,93.0,6.29,256.68,419.02,70.54,26,0,high,day,0
EQ-CRUSHER-020,crusher,3670.0,93.12,8.71,201.2,468.49,91.96,81,1,medium,night,0
EQ-DRILL-RIG-146,drill_rig,3614.5,85.21,6.0,240.06,392.13,70.03,27,1,low,night,0
EQ-CRUSHER-097,crusher,1900.8,95.91,6.36,237.96,504.61,81.36,27,3,high,night,1
EQ-EXCAVATOR-021,excavator,5698.4,70.11,4.71,218.62,223.97,65.04,25,0,medium,night,0
EQ-HAUL-TRUCK-144,haul_truck,6595.6,84.98,4.83,168.38,456.13,71.44,47,2,medium,day,0
EQ-HAUL-TRUCK-087,haul_truck,7889.7,90.41,5.95,111.66,527.0,105.68,25,2,medium,night,1
EQ-DRILL-RIG-091,drill_rig,3395.4,88.15,4.28,210.82,458.74,72.06,22,1,medium,night,0
EQ-HAUL-TRUCK-010,haul_truck,7670.4,85.88,5.24,147.04,453.97,95.94,10,0,low,night,1
EQ-HAUL-TRUCK-029,haul_truck,6034.3,83.59,6.16,157.82,408.87,84.36,17,3,medium,day,0
EQ-HAUL-TRUCK-122,haul_truck,2286.1,93.89,4.76,159.52,514.12,90.32,56,0,low,day,1
EQ-HAUL-TRUCK-071,haul_truck,2713.6,86.83,6.44,165.11,462.86,81.92,19,1,medium,day,0
EQ-DRILL-RIG-093,drill_rig,4275.3,75.77,8.07,230.78,274.21,86.89,37,0,low,day,0
EQ-CRUSHER-149,crusher,3669.2,88.38,7.74,180.19,555.2,71.02,7,1,medium,night,0
EQ-BALL-MILL-065,ball_mill,2080.3,97.7,8.08,181.34,508.91,64.39,54,0,low,night,1
EQ-HAUL-TRUCK-058,haul_truck,4259.7,81.16,4.97,123.52,457.48,80.62,134,1,medium,night,1
EQ-CONVEYOR-BELT-121,conveyor_belt,4310.3,65.59,1.07,87.33,224.91,64.73,13,2,high,day,0
EQ-CRUSHER-010,crusher,6000.4,83.76,8.48,201.04,577.18,76.86,16,0,medium,day,1
EQ-CRUSHER-069,crusher,3125.9,95.79,8.2,191.99,509.4,59.23,27,2,high,day,1
EQ-DRILL-RIG-129,drill_rig,2753.9,75.82,7.52,187.37,411.87,97.22,8,0,medium,night,0
EQ-BALL-MILL-035,ball_mill,1835.3,83.49,6.54,139.67,535.18,70.85,14,0,low,night,0
EQ-DRILL-RIG-046,drill_rig,4632.4,95.8,8.98,180.73,389.4,67.92,52,0,high,day,1
EQ-HAUL-TRUCK-071,haul_truck,4379.3,85.69,5.21,163.65,499.0,83.46,33,2,medium,night,1
EQ-EXCAVATOR-012,excavator,8382.2,85.52,6.21,210.78,317.29,67.03,33,2,high,night,0
EQ-CONVEYOR-BELT-011,conveyor_belt,5812.3,63.47,2.49,93.07,156.36,69.82,7,0,medium,day,0
EQ-EXCAVATOR-038,excavator,3136.6,84.93,4.77,198.2,419.19,84.11,10,3,high,day,0
EQ-CONVEYOR-BELT-135,conveyor_belt,4127.8,69.75,6.79,84.23,167.36,72.82,23,0,medium,day,0
EQ-CONVEYOR-BELT-034,conveyor_belt,2056.6,58.08,2.98,73.34,161.64,53.97,73,0,high,day,0
EQ-CONVEYOR-BELT-110,conveyor_belt,3382.2,64.48,5.69,96.81,171.63,69.25,22,2,low,night,0
EQ-DRILL-RIG-064,drill_rig,4469.0,76.27,6.95,226.36,292.17,60.17,38,1,medium,day,0
EQ-CONVEYOR-BELT-115,conveyor_belt,8569.0,71.51,2.51,79.9,245.78,70.38,19,1,low,night,0
EQ-HAUL-TRUCK-050,haul_truck,2498.5,88.66,5.85,174.96,519.67,101.24,33,2,high,night,0
EQ-HAUL-TRUCK-132,haul_truck,7276.8,79.76,6.17,150.16,540.29,91.66,96,2,low,night,1
EQ-CONVEYOR-BELT-056,conveyor_belt,4606.8,73.1,3.89,77.73,95.1,59.0,43,1,medium,night,0
EQ-CRUSHER-119,crusher,5751.2,88.48,6.97,226.92,519.08,88.1,27,2,medium,day,1
EQ-EXCAVATOR-125,excavator,4056.4,88.85,8.87,221.14,361.26,87.87,50,0,medium,night,1
EQ-CRUSHER-065,crusher,2876.5,91.46,8.58,186.24,497.35,86.84,49,0,high,day,0
EQ-DRILL-RIG-101,drill_rig,7096.2,73.98,7.14,244.85,414.5,69.98,46,1,medium,night,0
EQ-DRILL-RIG-018,drill_rig,3263.7,81.41,5.49,246.51,455.29,77.04,22,3,low,day,0
EQ-CONVEYOR-BELT-075,conveyor_belt,5600.6,67.99,2.44,103.17,217.33,63.88,9,2,high,day,0
EQ-CRUSHER-057,crusher,2146.5,83.28,8.0,210.29,542.01,93.2,30,2,medium,day,0
EQ-EXCAVATOR-144,excavator,2421.8,75.54,4.65,209.89,420.34,63.37,14,0,medium,night,0
EQ-CRUSHER-141,crusher,1431.8,87.74,7.13,183.36,549.41,81.66,13,1,low,night,0
EQ-EXCAVATOR-118,excavator,3842.6,72.0,5.41,200.6,302.09,70.58,38,1,medium,night,0
EQ-CONVEYOR-BELT-143,conveyor_belt,4609.7,71.38,3.4,87.17,274.67,61.73,32,0,high,day,1
EQ-CONVEYOR-BELT-147,conveyor_belt,4124.3,76.99,4.55,118.82,257.54,83.31,50,0,high,night,0
EQ-HAUL-TRUCK-116,haul_truck,1821.8,85.49,5.44,154.7,417.55,78.01,45,2,high,night,0
EQ-HAUL-TRUCK-090,haul_truck,2444.6,83.31,3.95,128.29,471.59,80.56,49,1,medium,day,1
EQ-HAUL-TRUCK-031,haul_truck,5707.8,85.62,6.88,178.95,474.2,60.82,123,1,low,day,1
EQ-BALL-MILL-123,ball_mill,3099.0,87.85,6.77,193.08,581.4,72.08,23,2,medium,day,1
EQ-CONVEYOR-BELT-030,conveyor_belt,4219.5,57.97,2.32,66.89,205.18,56.5,43,0,low,night,0
EQ-HAUL-TRUCK-028,haul_truck,2990.2,76.18,3.88,132.07,406.22,79.63,37,3,medium,day,0
EQ-BALL-MILL-132,ball_mill,5404.0,86.34,6.13,190.2,707.42,103.96,6,2,low,day,1
EQ-CRUSHER-018,crusher,3006.0,103.17,6.04,169.89,449.56,77.32,29,1,high,night,0
EQ-CRUSHER-022,crusher,3690.9,95.23,7.34,223.85,572.07,84.55,13,0,low,night,1
EQ-BALL-MILL-077,ball_mill,6391.4,78.37,7.9,202.52,573.1,73.59,56,1,low,day,1
EQ-HAUL-TRUCK-088,haul_truck,4165.0,92.58,3.85,183.72,398.19,84.93,22,0,high,night,0
EQ-HAUL-TRUCK-007,haul_truck,2587.2,80.65,2.3,208.28,441.16,82.63,17,1,low,day,0
EQ-CONVEYOR-BELT-057,conveyor_belt,5007.7,60.74,4.01,128.71,193.2,74.17,71,0,low,night,0
EQ-HAUL-TRUCK-034,haul_truck,1820.1,76.48,4.63,149.01,443.69,80.32,40,1,medium,day,0
EQ-CONVEYOR-BELT-046,conveyor_belt,2533.9,62.76,3.07,100.41,156.77,87.89,46,2,high,day,0
EQ-HAUL-TRUCK-028,haul_truck,1903.6,89.21,4.12,142.99,434.13,70.75,38,1,medium,night,1
EQ-HAUL-TRUCK-102,haul_truck,5468.9,86.26,5.22,155.88,501.38,88.04,14,0,medium,day,0
EQ-HAUL-TRUCK-071,haul_truck,4840.9,87.6,3.99,181.87,489.78,89.3,10,2,low,night,0
EQ-CRUSHER-144,crusher,5200.6,91.08,6.68,182.33,531.32,80.05,46,0,medium,day,0
EQ-HAUL-TRUCK-002,haul_truck,4505.3,91.85,7.27,139.89,582.6,78.98,67,3,medium,day,0
EQ-HAUL-TRUCK-117,haul_truck,7030.9,98.42,4.14,112.71,509.22,79.01,27,0,medium,night,0
EQ-DRILL-RIG-137,drill_rig,4455.6,82.38,6.59,165.01,499.24,71.73,68,1,medium,night,1
EQ-EXCAVATOR-073,excavator,3078.3,76.84,6.19,201.42,452.48,65.06,27,1,high,night,0
EQ-EXCAVATOR-105,excavator,2640.4,80.83,8.51,228.47,330.89,67.02,23,2,medium,night,0
EQ-HAUL-TRUCK-067,haul_truck,4425.5,84.68,4.12,184.8,403.0,77.78,36,0,medium,day,0
EQ-EXCAVATOR-090,excavator,6763.0,77.75,6.87,217.79,402.12,79.4,16,1,medium,day,0
EQ-EXCAVATOR-137,excavator,2112.3,76.71,4.3,180.67,343.18,85.98,52,1,medium,day,0
EQ-CONVEYOR-BELT-080,conveyor_belt,5139.4,63.79,3.54,66.75,62.21,68.97,71,1,medium,night,0
EQ-HAUL-TRUCK-087,haul_truck,3690.2,82.21,4.91,160.43,493.48,81.51,14,0,medium,day,0
EQ-BALL-MILL-149,ball_mill,6295.9,81.77,6.1,178.27,566.55,61.93,22,0,low,day,0
EQ-BALL-MILL-075,ball_mill,1696.0,85.61,3.22,197.88,555.61,68.58,70,2,low,night,0
EQ-HAUL-TRUCK-026,haul_truck,8397.7,83.27,5.57,154.9,447.12,83.86,19,2,medium,day,0
EQ-HAUL-TRUCK-103,haul_truck,3667.5,81.15,6.31,161.12,434.09,59.82,18,2,low,night,0
EQ-HAUL-TRUCK-104,haul_truck,1528.7,78.29,5.59,141.84,443.77,72.85,87,1,low,day,0
EQ-CONVEYOR-BELT-036,conveyor_belt,2089.6,57.99,4.89,84.79,238.98,85.27,99,4,medium,day,0
EQ-HAUL-TRUCK-110,haul_truck,8946.2,87.25,5.4,155.64,310.42,64.0,38,0,high,day,0
EQ-DRILL-RIG-010,drill_rig,5128.7,74.27,7.13,286.65,464.83,80.53,36,1,low,day,0
EQ-DRILL-RIG-049,drill_rig,3473.1,77.91,3.48,223.3,428.1,74.76,101,1,high,night,0
EQ-DRILL-RIG-129,drill_rig,9891.3,71.04,8.95,231.85,460.51,86.61,73,5,low,day,1
EQ-CRUSHER-093,crusher,4369.0,97.36,6.4,189.26,520.05,92.28,103,1,high,night,1
EQ-BALL-MILL-092,ball_mill,6120.5,88.15,8.59,188.52,678.0,90.65,21,0,medium,night,1
EQ-HAUL-TRUCK-094,haul_truck,2427.1,73.44,5.0,165.63,385.18,72.01,25,1,medium,day,0
EQ-CRUSHER-025,crusher,3407.3,80.95,7.45,165.33,602.52,98.66,6,2,medium,night,1
EQ-EXCAVATOR-145,excavator,4335.2,75.47,7.01,209.27,375.35,87.24,7,0,medium,night,0
EQ-BALL-MILL-045,ball_mill,3209.7,83.73,5.06,203.6,474.04,74.79,8,3,medium,day,1
EQ-CONVEYOR-BELT-118,conveyor_belt,8602.4,62.29,5.18,76.99,177.58,71.11,26,1,medium,night,0
EQ-DRILL-RIG-149,drill_rig,6991.8,86.65,6.99,224.89,389.62,80.43,16,1,high,day,1
EQ-HAUL-TRUCK-037,haul_truck,5058.6,94.49,4.04,170.56,473.48,91.46,38,2,high,night,0
EQ-BALL-MILL-096,ball_mill,2083.3,95.86,5.07,158.36,482.17,72.65,20,0,medium,day,0
EQ-CRUSHER-007,crusher,3578.9,107.97,6.92,206.17,598.51,77.35,81,1,high,night,1
EQ-CRUSHER-096,crusher,2673.4,104.48,11.07,157.23,580.97,99.96,15,0,low,night,1
EQ-BALL-MILL-067,ball_mill,5115.7,91.17,4.67,187.2,493.69,63.28,5,0,medium,night,0
EQ-CRUSHER-011,crusher,3200.8,84.08,9.15,158.05,572.74,97.43,10,1,medium,night,0
EQ-CRUSHER-101,crusher,1529.0,87.87,6.68,211.15,508.61,79.92,74,3,medium,day,1
EQ-CONVEYOR-BELT-146,conveyor_belt,4725.5,72.08,4.77,102.27,123.74,75.35,15,0,high,night,0
EQ-HAUL-TRUCK-013,haul_truck,3115.5,89.63,3.88,160.57,455.43,67.09,54,2,high,day,0
EQ-EXCAVATOR-134,excavator,7462.1,85.17,3.04,243.96,464.58,74.04,37,1,high,day,0
EQ-HAUL-TRUCK-127,haul_truck,2248.8,94.75,1.52,106.73,339.31,60.44,67,4,medium,day,0
EQ-HAUL-TRUCK-083,haul_truck,2758.4,79.61,4.24,152.67,482.4,63.34,87,0,medium,night,0
EQ-DRILL-RIG-136,drill_rig,3499.4,79.4,7.41,245.07,315.1,48.55,39,3,high,night,0
EQ-CONVEYOR-BELT-047,conveyor_belt,4849.1,59.15,2.88,76.95,242.7,54.81,40,0,low,day,0
EQ-EXCAVATOR-109,excavator,6384.0,86.25,4.17,195.84,287.2,53.48,3,0,high,night,0
EQ-CRUSHER-105,crusher,3407.4,91.88,9.25,186.56,452.08,86.32,35,0,low,night,0
EQ-CRUSHER-088,crusher,4397.5,96.12,8.17,177.14,480.5,79.5,23,2,high,day,0
EQ-CONVEYOR-BELT-126,conveyor_belt,1761.5,64.9,5.26,71.07,185.2,84.11,50,1,medium,day,0
EQ-BALL-MILL-132,ball_mill,2775.7,92.15,7.82,159.99,655.58,91.69,54,1,low,night,1
EQ-BALL-MILL-118,ball_mill,3242.8,84.69,5.6,168.86,629.5,91.62,11,1,low,night,0
EQ-CRUSHER-089,crusher,3494.4,85.93,5.7,160.21,530.01,80.8,29,1,medium,day,1
EQ-EXCAVATOR-147,excavator,5384.6,76.05,3.92,213.22,333.77,58.61,78,4,medium,day,1
EQ-CRUSHER-084,crusher,9189.2,94.15,7.58,197.16,440.04,73.69,55,1,high,day,0
EQ-CONVEYOR-BELT-096,conveyor_belt,2854.9,56.56,4.42,100.49,180.56,66.7,43,1,low,day,0
EQ-CRUSHER-029,crusher,5104.4,93.43,7.79,204.68,479.68,73.03,47,1,medium,day,1
EQ-CONVEYOR-BELT-049,conveyor_belt,6974.9,69.45,2.5,85.7,188.76,69.21,3,0,medium,day,0
EQ-CONVEYOR-BELT-136,conveyor_belt,6813.6,51.12,1.66,41.71,213.73,66.11,33,3,low,day,0
EQ-EXCAVATOR-075,excavator,2496.4,95.82,4.33,189.31,402.46,54.65,19,1,medium,night,0
EQ-EXCAVATOR-077,excavator,6631.1,71.64,6.55,201.52,343.75,84.78,87,0,high,day,0
EQ-EXCAVATOR-123,excavator,2131.4,74.26,6.68,206.04,399.71,66.6,122,0,medium,day,0
EQ-HAUL-TRUCK-049,haul_truck,2106.9,97.2,5.89,160.86,492.51,80.95,20,0,high,day,0
EQ-HAUL-TRUCK-040,haul_truck,4110.6,92.28,4.72,162.7,399.36,85.86,94,0,medium,night,0
EQ-CONVEYOR-BELT-002,conveyor_belt,3231.0,60.29,0.67,115.17,190.68,61.65,52,3,low,day,0
EQ-CRUSHER-035,crusher,7740.6,80.5,7.31,194.89,480.62,86.1,3,1,low,day,0
EQ-HAUL-TRUCK-077,haul_truck,1499.4,77.5,5.55,150.29,437.05,78.25,79,1,medium,day,0
EQ-CONVEYOR-BELT-109,conveyor_belt,4137.4,70.09,5.83,86.17,146.54,78.94,66,0,low,night,0
EQ-DRILL-RIG-050,drill_rig,6171.8,88.81,7.57,208.73,380.9,63.78,33,0,low,day,0
EQ-EXCAVATOR-067,excavator,1429.7,70.89,7.04,223.51,353.37,75.01,52,2,medium,day,0
EQ-DRILL-RIG-034,drill_rig,3331.7,87.11,4.79,195.6,430.33,72.8,56,1,low,night,0
EQ-BALL-MILL-123,ball_mill,6093.8,82.16,7.36,106.37,650.29,84.46,86,0,medium,night,1
EQ-CONVEYOR-BELT-079,conveyor_belt,3947.3,61.63,0.95,86.39,91.24,65.89,87,1,medium,day,0
EQ-CONVEYOR-BELT-022,conveyor_belt,3946.0,57.97,2.73,111.58,157.84,61.24,24,0,medium,day,0
EQ-HAUL-TRUCK-092,haul_truck,6393.3,77.99,7.19,202.86,438.3,55.02,18,0,medium,night,0
EQ-BALL-MILL-051,ball_mill,4927.9,93.05,6.54,162.97,583.66,71.72,19,0,medium,night,1
EQ-CRUSHER-130,crusher,2795.5,89.29,4.95,146.59,522.4,74.09,17,1,medium,night,0
EQ-BALL-MILL-041,ball_mill,8372.3,66.47,7.27,175.47,629.89,75.6,25,1,low,night,0
EQ-CONVEYOR-BELT-130,conveyor_belt,3665.1,73.24,3.6,102.03,143.57,61.87,26,0,medium,night,0
EQ-HAUL-TRUCK-105,haul_truck,2061.7,85.99,4.95,149.89,485.82,70.17,16,0,low,night,0
EQ-HAUL-TRUCK-021,haul_truck,4044.9,88.22,6.07,169.54,400.25,96.0,29,1,medium,day,1
EQ-CONVEYOR-BELT-114,conveyor_belt,3821.0,60.27,1.33,138.54,200.31,59.54,78,0,medium,night,0
EQ-CONVEYOR-BELT-109,conveyor_belt,4846.2,66.39,5.84,75.4,175.57,86.48,35,0,high,night,0
EQ-HAUL-TRUCK-069,haul_truck,5234.6,89.16,5.13,149.51,403.24,79.05,11,0,low,night,0
EQ-CONVEYOR-BELT-025,conveyor_belt,1815.6,59.56,6.57,107.38,198.48,71.41,20,1,low,day,0
EQ-DRILL-RIG-072,drill_rig,3517.2,80.45,4.86,279.94,320.2,59.28,102,1,low,day,0
EQ-CRUSHER-092,crusher,4944.4,100.87,4.49,210.43,552.25,73.66,76,1,high,night,1
EQ-CRUSHER-020,crusher,3978.2,99.77,8.88,192.73,598.98,95.03,16,0,medium,night,1
EQ-HAUL-TRUCK-052,haul_truck,3097.3,79.75,3.39,170.09,445.61,55.04,87,3,medium,day,0
EQ-DRILL-RIG-106,drill_rig,5643.2,81.2,6.09,234.33,465.7,81.02,58,2,low,night,0
EQ-EXCAVATOR-083,excavator,5622.9,75.62,4.86,198.51,314.37,90.23,96,1,high,day,0
EQ-DRILL-RIG-149,drill_rig,1530.0,91.7,5.95,213.28,444.06,85.73,8,1,medium,day,1
EQ-EXCAVATOR-033,excavator,436.2,75.75,3.03,243.81,392.95,61.74,21,1,low,night,0
EQ-CONVEYOR-BELT-117,conveyor_belt,4412.0,62.08,3.23,75.63,214.76,61.22,60,1,medium,night,0
EQ-EXCAVATOR-064,excavator,4833.3,80.2,5.88,188.08,497.08,70.2,46,3,medium,day,0
EQ-HAUL-TRUCK-034,haul_truck,3527.6,100.94,4.48,127.16,355.28,68.9,90,1,medium,day,0
EQ-DRILL-RIG-143,drill_rig,4234.5,94.03,6.7,233.31,429.71,78.79,68,2,high,day,0
EQ-CRUSHER-094,crusher,3661.8,99.18,7.94,174.83,640.14,94.5,7,0,high,night,0
EQ-CRUSHER-081,crusher,4757.0,96.26,6.71,187.86,473.87,85.47,51,1,medium,night,0
EQ-BALL-MILL-045,ball_mill,3135.9,94.39,8.99,171.82,597.81,75.42,71,1,high,night,1
EQ-BALL-MILL-133,ball_mill,3193.7,76.29,8.74,181.53,613.07,79.14,14,1,high,night,0
EQ-DRILL-RIG-005,drill_rig,3669.0,90.93,7.54,271.82,356.6,73.33,38,1,medium,day,0
EQ-HAUL-TRUCK-018,haul_truck,4811.7,79.3,3.01,192.93,421.75,55.06,16,2,high,day,0
EQ-CONVEYOR-BELT-027,conveyor_belt,5089.4,73.31,2.75,98.82,84.29,60.97,44,2,medium,night,0
EQ-DRILL-RIG-098,drill_rig,7256.3,88.76,3.82,257.97,412.19,73.97,29,1,medium,day,0
EQ-EXCAVATOR-016,excavator,2188.8,78.16,5.59,216.79,436.67,74.41,34,1,medium,day,0
EQ-HAUL-TRUCK-120,haul_truck,1307.9,96.82,6.04,167.06,425.17,72.64,71,2,high,night,0
EQ-DRILL-RIG-030,drill_rig,5625.9,83.64,5.64,250.67,462.5,67.86,24,3,high,night,1
EQ-CRUSHER-102,crusher,4086.6,88.49,9.05,161.37,579.07,79.57,27,1,medium,day,1
EQ-CONVEYOR-BELT-120,conveyor_belt,1452.0,53.41,2.4,113.85,226.46,81.37,28,0,medium,day,0
EQ-BALL-MILL-132,ball_mill,3639.4,95.61,6.79,186.73,473.44,73.41,41,1,medium,night,0
EQ-CONVEYOR-BELT-044,conveyor_belt,6366.5,62.2,3.79,79.04,195.17,72.95,24,0,high,day,0
EQ-CRUSHER-012,crusher,3134.9,88.34,8.01,198.75,584.84,99.13,18,1,medium,day,0
EQ-EXCAVATOR-114,excavator,4392.6,97.14,2.45,177.25,352.46,57.6,61,1,low,night,0
EQ-CRUSHER-068,crusher,2810.9,90.65,5.75,180.32,533.23,71.24,26,0,low,night,0
EQ-HAUL-TRUCK-143,haul_truck,2320.4,69.99,6.27,148.03,428.1,79.24,32,1,low,day,0
EQ-DRILL-RIG-029,drill_rig,5923.9,93.24,7.52,207.08,456.54,74.98,54,2,low,day,0
EQ-DRILL-RIG-087,drill_rig,2965.2,81.89,3.75,214.39,398.63,63.93,22,1,medium,day,0
EQ-EXCAVATOR-018,excavator,3458.8,64.59,4.92,213.06,355.1,82.53,11,1,low,day,0
EQ-EXCAVATOR-073,excavator,4043.4,79.96,4.06,233.93,410.27,86.8,85,1,high,night,0
EQ-DRILL-RIG-001,drill_rig,2785.8,83.01,6.96,234.82,355.24,70.9,46,0,medium,night,0
EQ-HAUL-TRUCK-113,haul_truck,10931.5,78.67,4.78,150.84,304.07,76.21,34,2,medium,day,1
EQ-CRUSHER-091,crusher,5574.8,88.76,7.92,203.67,626.1,86.2,37,2,high,night,0
EQ-CRUSHER-015,crusher,1953.9,88.43,8.56,195.0,408.01,67.48,97,0,medium,day,0
EQ-CONVEYOR-BELT-075,conveyor_belt,1318.3,64.64,0.2,143.45,116.46,53.58,54,0,medium,night,0
EQ-HAUL-TRUCK-065,haul_truck,6155.5,94.84,7.34,143.44,486.37,73.67,2,3,high,night,0
EQ-CONVEYOR-BELT-102,conveyor_belt,4453.4,67.56,2.72,103.39,40.0,37.09,34,2,medium,day,0
EQ-EXCAVATOR-075,excavator,4696.6,82.43,2.4,217.47,430.34,81.09,37,2,medium,day,0
EQ-CONVEYOR-BELT-069,conveyor_belt,3699.2,57.47,4.25,82.61,55.83,71.56,34,0,medium,night,0
EQ-HAUL-TRUCK-125,haul_truck,3425.2,96.39,5.04,151.86,444.38,100.92,6,0,medium,day,0
EQ-CRUSHER-078,crusher,6158.8,90.54,4.43,191.65,513.48,75.9,13,3,medium,day,0
EQ-CRUSHER-123,crusher,2295.0,100.44,9.01,197.89,497.77,76.71,7,1,medium,day,0
EQ-HAUL-TRUCK-133,haul_truck,6786.8,92.0,6.21,159.22,409.12,80.43,107,2,medium,day,0
EQ-HAUL-TRUCK-128,haul_truck,4191.9,83.01,4.53,147.32,455.17,74.11,35,1,medium,day,0
EQ-HAUL-TRUCK-144,haul_truck,1875.2,74.08,5.72,175.84,455.01,86.52,39,1,low,day,0
EQ-EXCAVATOR-105,excavator,1638.0,56.36,5.62,183.5,315.27,81.25,30,1,low,day,0
EQ-HAUL-TRUCK-085,haul_truck,2831.3,93.06,3.15,208.57,454.89,86.6,9,2,medium,day,0
EQ-BALL-MILL-080,ball_mill,3054.7,74.26,9.89,154.05,635.96,70.71,16,2,low,night,0
EQ-CRUSHER-031,crusher,1678.6,105.36,9.38,203.79,500.09,90.61,18,0,medium,night,1
EQ-DRILL-RIG-125,drill_rig,4940.6,82.91,7.58,243.12,366.47,67.88,107,0,high,night,1
EQ-BALL-MILL-104,ball_mill,5295.5,85.97,6.57,203.86,591.07,81.7,30,2,high,night,1
EQ-HAUL-TRUCK-131,haul_truck,5164.5,84.42,4.33,154.75,438.18,82.53,22,2,medium,night,0
EQ-CONVEYOR-BELT-106,conveyor_belt,5877.6,68.33,2.61,28.22,192.89,85.06,68,0,medium,day,0
EQ-DRILL-RIG-073,drill_rig,3177.7,76.35,4.69,270.99,386.44,68.02,27,1,medium,day,0
EQ-CONVEYOR-BELT-045,conveyor_belt,4608.3,66.87,3.39,91.57,173.31,61.42,11,1,medium,day,0
EQ-CRUSHER-148,crusher,5850.7,106.51,8.3,158.49,512.98,76.76,16,2,high,day,1
EQ-CRUSHER-111,crusher,4969.0,83.45,7.5,207.44,553.34,80.45,68,4,medium,night,1
EQ-HAUL-TRUCK-132,haul_truck,4410.3,92.3,5.58,110.62,469.51,108.16,23,2,low,day,1
EQ-CRUSHER-088,crusher,6904.7,101.43,7.93,146.15,526.74,78.71,42,1,medium,night,1
EQ-BALL-MILL-077,ball_mill,3330.6,96.28,5.63,133.01,689.77,97.82,30,2,high,day,0
EQ-BALL-MILL-006,ball_mill,3319.7,78.53,4.9,176.88,627.67,69.39,57,2,medium,day,1
EQ-HAUL-TRUCK-011,haul_truck,4190.4,95.18,5.99,152.06,385.27,69.77,27,0,high,day,1
EQ-CONVEYOR-BELT-107,conveyor_belt,4181.7,54.56,4.02,123.1,217.42,76.72,18,0,medium,day,0
EQ-EXCAVATOR-034,excavator,4105.4,86.04,4.38,254.7,240.99,74.69,16,2,high,day,0
EQ-BALL-MILL-013,ball_mill,1746.9,89.57,7.8,109.15,600.64,84.18,60,1,medium,night,1
EQ-HAUL-TRUCK-117,haul_truck,6208.5,90.87,5.26,157.37,498.66,91.92,22,1,high,day,0
EQ-BALL-MILL-094,ball_mill,4602.2,103.04,5.55,201.23,578.19,94.55,40,0,high,night,1
EQ-DRILL-RIG-017,drill_rig,962.5,86.58,7.06,217.79,436.03,99.84,75,0,high,night,1
EQ-HAUL-TRUCK-075,haul_truck,1403.2,81.49,7.09,176.33,411.82,90.84,34,1,high,day,0
EQ-HAUL-TRUCK-071,haul_truck,6875.8,80.42,4.15,144.09,367.34,62.01,45,0,medium,night,0
EQ-DRILL-RIG-001,drill_rig,3026.7,75.96,7.14,237.83,446.55,72.84,22,0,medium,day,0
EQ-HAUL-TRUCK-091,haul_truck,4048.5,88.4,3.76,144.48,452.18,84.03,27,1,medium,day,0
EQ-CRUSHER-060,crusher,2374.2,94.61,6.31,182.1,440.85,82.15,76,1,high,day,1
EQ-BALL-MILL-132,ball_mill,11285.5,101.79,7.6,154.42,649.04,83.61,56,1,high,night,1
EQ-CONVEYOR-BELT-018,conveyor_belt,3767.0,64.31,4.02,98.27,190.97,89.57,29,4,high,night,0
EQ-CRUSHER-128,crusher,3096.4,87.54,6.46,215.87,528.76,85.49,35,1,medium,night,0
EQ-CRUSHER-001,crusher,5999.0,92.55,9.64,189.94,469.22,81.25,28,0,high,night,1
EQ-HAUL-TRUCK-115,haul_truck,2183.4,88.31,7.37,143.91,448.84,67.43,52,2,high,day,0
EQ-BALL-MILL-118,ball_mill,6376.7,92.01,8.13,206.94,537.95,83.43,21,0,medium,night,0
EQ-EXCAVATOR-062,excavator,3590.8,89.3,4.46,233.08,288.2,77.59,52,0,medium,night,0
EQ-HAUL-TRUCK-043,haul_truck,5451.1,100.44,2.84,131.4,397.11,78.87,94,2,high,day,0
EQ-EXCAVATOR-022,excavator,4452.0,78.63,5.61,202.77,354.24,86.92,37,1,high,day,0
EQ-BALL-MILL-051,ball_mill,3478.3,97.82,7.15,128.04,584.59,73.08,12,1,medium,day,0
EQ-HAUL-TRUCK-101,haul_truck,1740.0,88.55,4.16,120.49,420.48,91.68,31,0,medium,day,0
EQ-DRILL-RIG-109,drill_rig,4168.7,79.04,6.97,247.37,316.43,80.44,89,0,medium,night,0
EQ-CONVEYOR-BELT-028,conveyor_belt,2631.0,62.17,2.37,104.97,215.36,55.62,35,2,medium,day,0
EQ-DRILL-RIG-002,drill_rig,4112.8,90.53,7.24,234.5,358.33,74.85,14,1,medium,day,0
EQ-BALL-MILL-085,ball_mill,5745.2,92.02,7.24,210.76,491.08,90.87,30,1,medium,night,0
EQ-DRILL-RIG-088,drill_rig,4967.1,89.92,6.53,254.3,387.65,63.96,80,1,high,night,1
EQ-BALL-MILL-148,ball_mill,843.2,86.87,7.33,166.59,629.05,93.7,21,4,high,night,1
EQ-HAUL-TRUCK-115,haul_truck,3317.3,89.46,4.96,161.56,424.03,79.57,81,3,medium,night,0
EQ-DRILL-RIG-083,drill_rig,2872.0,89.56,6.69,290.75,353.39,78.82,28,0,high,night,0
EQ-CRUSHER-089,crusher,3045.3,80.56,7.01,179.64,504.11,90.65,137,2,medium,day,1
EQ-CRUSHER-097,crusher,4299.0,89.39,7.41,174.77,525.53,101.88,23,1,low,night,0
EQ-BALL-MILL-068,ball_mill,3123.3,77.05,6.7,159.35,663.59,96.75,17,0,medium,day,0
EQ-BALL-MILL-102,ball_mill,2611.1,86.12,8.73,162.94,636.64,88.64,3,3,low,day,1
EQ-CONVEYOR-BELT-030,conveyor_belt,2010.0,71.34,3.95,86.96,216.84,59.36,32,0,low,night,0
EQ-CRUSHER-125,crusher,3238.9,100.14,8.91,160.67,663.92,97.92,28,1,high,night,1
EQ-CRUSHER-130,crusher,5547.9,83.47,5.29,224.3,558.65,105.55,89,1,medium,night,1
EQ-CRUSHER-066,crusher,5676.0,84.21,6.73,152.3,501.32,78.84,62,0,medium,day,1
EQ-EXCAVATOR-069,excavator,4490.8,74.65,2.75,212.45,372.73,85.66,79,2,medium,night,0
EQ-CRUSHER-075,crusher,1254.0,88.18,7.08,159.18,550.99,90.17,67,3,medium,day,1
EQ-HAUL-TRUCK-123,haul_truck,4288.6,95.15,4.1,127.82,336.92,53.91,33,1,medium,day,0
EQ-HAUL-TRUCK-027,haul_truck,7250.3,79.85,5.28,152.99,448.2,86.72,180,1,medium,day,1
EQ-DRILL-RIG-052,drill_rig,2101.0,70.91,6.32,248.3,314.37,60.88,31,0,medium,day,1
EQ-CRUSHER-093,crusher,3174.1,101.07,7.71,147.77,506.4,85.01,45,3,medium,day,0
EQ-BALL-MILL-105,ball_mill,5572.8,89.73,7.72,200.31,554.97,77.79,108,2,medium,night,0
EQ-CONVEYOR-BELT-045,conveyor_belt,1347.1,75.88,1.97,88.43,148.17,66.14,63,1,high,day,0
EQ-HAUL-TRUCK-018,haul_truck,3207.4,89.47,4.77,174.04,277.0,60.73,37,2,medium,night,0
EQ-HAUL-TRUCK-077,haul_truck,7997.2,82.85,7.93,139.52,508.35,72.79,50,2,high,night,1
EQ-HAUL-TRUCK-096,haul_truck,7582.8,93.62,4.85,184.85,461.38,91.59,21,0,high,day,0
EQ-BALL-MILL-115,ball_mill,7609.2,100.35,5.67,133.86,547.52,81.38,26,0,medium,night,0
EQ-HAUL-TRUCK-001,haul_truck,3231.4,93.43,5.22,143.6,311.15,65.15,45,0,low,day,0
EQ-CRUSHER-003,crusher,6844.1,75.9,8.85,220.23,637.8,105.14,15,0,medium,night,0
EQ-BALL-MILL-058,ball_mill,4363.4,92.33,3.57,184.92,603.31,71.76,20,2,high,day,0
EQ-BALL-MILL-085,ball_mill,2560.7,92.56,9.32,191.61,657.13,83.72,6,2,low,day,1
EQ-EXCAVATOR-001,excavator,2921.4,72.47,3.78,213.83,350.83,78.22,34,2,low,day,0
EQ-HAUL-TRUCK-027,haul_truck,4786.1,87.2,5.12,126.19,416.22,83.47,37,1,medium,night,1
EQ-HAUL-TRUCK-063,haul_truck,1276.8,75.56,1.4,150.51,422.88,70.01,69,1,high,day,0
EQ-HAUL-TRUCK-042,haul_truck,3649.5,90.96,2.82,167.21,377.4,53.14,17,1,low,night,0
EQ-HAUL-TRUCK-107,haul_truck,4143.6,94.96,1.7,177.31,346.3,69.96,26,1,medium,day,0
EQ-CONVEYOR-BELT-006,conveyor_belt,5197.8,68.86,1.85,89.27,176.98,74.19,58,4,low,night,0
EQ-BALL-MILL-134,ball_mill,1503.6,94.49,8.34,168.85,485.73,85.42,65,1,high,day,1
EQ-CRUSHER-026,crusher,3671.5,93.97,7.66,179.49,587.27,90.91,63,2,medium,day,1
EQ-CONVEYOR-BELT-067,conveyor_belt,5898.8,60.14,2.34,81.05,180.08,73.76,18,0,medium,day,0
EQ-HAUL-TRUCK-148,haul_truck,8971.3,82.18,3.24,168.06,488.86,70.65,8,0,high,day,0
EQ-DRILL-RIG-100,drill_rig,2561.7,99.49,7.69,188.81,448.61,78.44,37,1,medium,night,1
EQ-CONVEYOR-BELT-150,conveyor_belt,6824.5,70.21,3.54,88.51,184.44,68.65,33,2,high,night,0
EQ-DRILL-RIG-003,drill_rig,5746.8,74.1,5.48,248.65,383.23,79.04,39,2,low,day,0
EQ-BALL-MILL-108,ball_mill,7338.5,86.49,8.46,161.59,582.67,86.99,43,2,low,day,1
EQ-EXCAVATOR-012,excavator,1322.9,80.33,5.43,176.01,343.44,64.29,49,1,medium,day,0
EQ-HAUL-TRUCK-092,haul_truck,5348.3,79.21,4.41,198.53,453.5,63.79,49,1,low,night,0
EQ-EXCAVATOR-049,excavator,6750.4,83.49,5.52,194.01,252.02,45.12,26,1,high,night,0
EQ-CRUSHER-117,crusher,3898.3,93.79,7.81,199.8,573.97,90.65,29,5,medium,night,1
EQ-BALL-MILL-019,ball_mill,3378.5,79.81,5.47,168.12,618.14,96.65,23,3,medium,night,0
EQ-EXCAVATOR-135,excavator,4165.8,85.19,7.42,210.49,407.76,88.51,59,2,high,day,0
EQ-DRILL-RIG-073,drill_rig,6501.2,80.21,7.24,253.94,336.31,73.82,14,1,medium,day,0
EQ-CRUSHER-078,crusher,2629.0,95.22,5.67,198.73,542.14,87.48,103,1,medium,night,0
EQ-HAUL-TRUCK-086,haul_truck,2531.9,89.25,6.11,164.03,364.67,78.23,34,3,low,day,0
EQ-EXCAVATOR-006,excavator,1076.5,75.1,5.89,240.64,386.56,92.25,33,2,high,day,0
EQ-CONVEYOR-BELT-047,conveyor_belt,3711.8,65.97,1.18,88.06,264.21,98.35,29,1,medium,day,0
EQ-CONVEYOR-BELT-107,conveyor_belt,1888.2,60.27,1.72,101.75,289.01,79.04,60,3,high,night,0
EQ-CRUSHER-145,crusher,3747.6,79.33,3.89,197.38,567.96,81.43,36,2,high,night,0
EQ-EXCAVATOR-148,excavator,2374.3,85.87,5.96,195.48,322.36,67.27,24,1,medium,night,0
EQ-CONVEYOR-BELT-081,conveyor_belt,2984.7,60.76,1.57,88.06,115.24,66.28,58,0,low,day,0
EQ-HAUL-TRUCK-039,haul_truck,3223.4,77.92,6.8,148.13,455.75,78.82,21,0,medium,day,0
EQ-BALL-MILL-072,ball_mill,4252.0,77.94,5.61,160.54,542.37,82.61,61,2,low,day,0
EQ-HAUL-TRUCK-070,haul_truck,4413.5,81.09,8.34,158.58,375.37,73.25,10,1,high,night,0
EQ-HAUL-TRUCK-060,haul_truck,3486.6,76.09,4.94,131.19,351.69,73.56,79,3,low,day,0
EQ-CRUSHER-055,crusher,3135.7,85.95,7.74,188.26,582.95,108.93,20,2,medium,night,1
EQ-CRUSHER-131,crusher,2965.3,86.23,6.18,189.51,557.04,71.02,13,1,medium,day,0
EQ-CRUSHER-059,crusher,1625.5,80.57,7.23,213.36,549.73,82.51,28,0,medium,night,0
EQ-CRUSHER-005,crusher,6505.7,104.71,8.43,185.79,526.57,94.0,25,1,medium,night,0
EQ-BALL-MILL-109,ball_mill,2563.7,93.84,7.78,145.98,630.24,74.0,44,0,high,day,1
EQ-CRUSHER-100,crusher,3962.0,99.13,5.66,170.84,519.99,76.58,12,0,high,night,1
EQ-CRUSHER-057,crusher,2050.8,99.7,9.53,212.91,575.53,81.23,43,1,high,day,1
EQ-CRUSHER-095,crusher,5290.4,96.74,8.65,196.08,568.91,94.93,27,3,medium,night,1
EQ-HAUL-TRUCK-142,haul_truck,4015.6,82.76,5.08,178.21,401.0,85.46,36,2,medium,night,0
EQ-CONVEYOR-BELT-139,conveyor_belt,4572.7,79.08,3.36,112.39,154.32,67.93,14,2,high,night,0
EQ-EXCAVATOR-119,excavator,2010.9,77.11,5.62,205.59,392.97,86.37,34,1,medium,day,0
EQ-CONVEYOR-BELT-088,conveyor_belt,4678.3,55.66,1.98,137.18,182.96,65.9,20,3,low,night,0
EQ-HAUL-TRUCK-005,haul_truck,1345.9,89.13,2.6,129.34,444.24,62.8,8,1,low,night,0
EQ-BALL-MILL-077,ball_mill,2805.1,91.0,6.56,182.47,596.37,80.13,52,4,medium,night,1
EQ-CRUSHER-123,crusher,10906.5,80.27,7.38,136.95,488.17,81.83,18,0,medium,night,1
EQ-BALL-MILL-127,ball_mill,2148.5,76.89,6.86,185.67,595.05,85.51,43,2,medium,day,0
EQ-CRUSHER-116,crusher,3986.2,76.7,7.9,175.03,623.12,71.52,18,2,low,day,1
EQ-HAUL-TRUCK-148,haul_truck,6712.5,83.51,3.74,137.03,407.9,91.36,33,0,low,day,0
EQ-DRILL-RIG-078,drill_rig,5037.2,81.73,4.2,213.95,346.16,64.05,127,1,medium,day,0
EQ-CONVEYOR-BELT-017,conveyor_belt,7361.5,65.74,1.9,81.21,160.65,83.77,68,1,low,night,0
EQ-DRILL-RIG-075,drill_rig,4067.5,88.0,4.42,234.76,381.37,83.23,96,2,high,night,0
EQ-CRUSHER-048,crusher,5340.8,100.69,7.17,180.61,556.63,103.79,70,2,high,day,1
EQ-CONVEYOR-BELT-126,conveyor_belt,6105.1,67.17,1.07,127.86,117.65,53.31,33,0,high,day,0
EQ-DRILL-RIG-117,drill_rig,6072.8,86.41,2.92,209.44,526.96,92.02,60,2,high,night,0
EQ-CONVEYOR-BELT-064,conveyor_belt,1959.9,62.19,1.81,104.57,278.16,67.39,30,2,high,night,0
EQ-EXCAVATOR-059,excavator,2535.1,97.28,6.06,230.38,283.49,50.1,12,0,medium,night,0
EQ-CONVEYOR-BELT-024,conveyor_belt,5781.2,69.05,2.02,78.41,197.81,49.24,40,1,medium,day,0
EQ-CONVEYOR-BELT-007,conveyor_belt,7400.9,64.68,1.61,121.71,211.17,73.38,9,0,high,night,0
EQ-BALL-MILL-047,ball_mill,2448.3,83.56,9.0,165.58,581.75,90.42,29,0,medium,day,1
EQ-EXCAVATOR-037,excavator,2624.3,70.94,3.8,224.77,462.31,81.66,74,0,medium,day,0
EQ-CRUSHER-040,crusher,5011.1,81.42,6.79,217.18,542.15,84.14,65,0,low,night,0
EQ-DRILL-RIG-150,drill_rig,3135.2,77.92,5.01,263.8,287.28,52.36,29,3,medium,day,0
EQ-CRUSHER-103,crusher,5947.7,97.14,4.84,186.44,528.6,80.13,96,2,high,night,1
EQ-CONVEYOR-BELT-083,conveyor_belt,5213.3,72.46,3.55,104.17,184.45,75.62,47,1,medium,day,0
EQ-CRUSHER-027,crusher,6326.9,82.57,4.54,169.2,681.62,97.71,54,0,medium,day,0
EQ-HAUL-TRUCK-127,haul_truck,3361.8,92.58,5.9,156.81,435.3,70.99,25,1,medium,night,0
EQ-CONVEYOR-BELT-097,conveyor_belt,3051.4,83.15,2.65,106.64,98.51,54.3,59,1,high,day,0
EQ-HAUL-TRUCK-078,haul_truck,2647.6,91.41,7.53,138.92,348.24,74.04,31,2,high,day,0
EQ-HAUL-TRUCK-070,haul_truck,7317.0,93.86,6.67,168.02,451.08,67.66,16,0,medium,day,0
EQ-CONVEYOR-BELT-083,conveyor_belt,2009.6,64.41,4.55,39.32,186.88,52.41,47,2,medium,day,0
EQ-CONVEYOR-BELT-126,conveyor_belt,1885.9,78.23,5.58,104.59,228.85,70.25,34,3,medium,night,0
EQ-BALL-MILL-109,ball_mill,4124.5,79.92,7.06,163.42,595.06,77.76,33,1,high,day,0
EQ-EXCAVATOR-073,excavator,3024.9,87.38,4.36,241.12,349.49,78.27,50,1,low,night,0
EQ-HAUL-TRUCK-101,haul_truck,6128.1,96.25,3.8,166.21,391.53,64.92,9,0,high,night,0
EQ-BALL-MILL-140,ball_mill,1807.1,95.27,7.24,180.12,556.69,77.52,21,1,low,night,1
EQ-HAUL-TRUCK-049,haul_truck,3532.1,79.65,3.48,175.79,481.67,89.23,43,2,high,day,0
EQ-HAUL-TRUCK-136,haul_truck,1462.3,83.48,2.19,172.56,347.64,68.77,14,5,medium,night,0
EQ-EXCAVATOR-092,excavator,3263.8,74.49,4.99,226.27,345.9,66.71,19,1,medium,night,0
EQ-CRUSHER-028,crusher,4080.0,83.86,7.35,161.55,511.41,73.94,59,2,medium,day,0
EQ-BALL-MILL-146,ball_mill,3775.2,92.97,8.47,172.47,551.36,88.89,12,5,high,night,1
EQ-DRILL-RIG-103,drill_rig,3654.0,78.48,4.76,257.85,417.55,67.32,68,1,high,day,0
EQ-CONVEYOR-BELT-058,conveyor_belt,5236.3,62.86,3.02,88.84,147.8,73.87,51,2,low,day,0
EQ-HAUL-TRUCK-033,haul_truck,2379.9,93.36,4.89,164.8,564.83,83.73,54,2,medium,day,1
EQ-EXCAVATOR-138,excavator,4617.9,67.14,5.64,217.3,498.2,95.54,13,1,low,day,0
EQ-CRUSHER-124,crusher,3589.3,89.21,4.99,185.76,554.26,68.82,70,2,medium,day,1
EQ-HAUL-TRUCK-007,haul_truck,3289.8,87.25,7.71,158.09,550.51,82.52,39,2,medium,day,1
EQ-EXCAVATOR-096,excavator,4853.2,77.85,3.47,217.47,322.48,71.04,97,2,medium,day,0
EQ-EXCAVATOR-018,excavator,4230.2,74.22,3.21,238.85,441.94,84.18,52,0,high,night,0
EQ-HAUL-TRUCK-045,haul_truck,4752.4,80.73,4.13,175.33,289.03,75.22,32,1,medium,day,0
EQ-CONVEYOR-BELT-086,conveyor_belt,8738.9,50.37,3.59,99.21,178.02,54.05,10,1,medium,night,0
EQ-CONVEYOR-BELT-038,conveyor_belt,3571.8,63.4,4.03,103.79,90.15,67.02,45,2,medium,night,0
EQ-HAUL-TRUCK-077,haul_truck,1921.4,81.78,4.23,159.91,531.43,90.4,64,2,medium,day,0
EQ-CRUSHER-065,crusher,2414.4,79.56,8.59,206.77,583.04,81.98,58,1,low,day,0
EQ-DRILL-RIG-088,drill_rig,7287.5,80.57,5.73,224.02,441.8,64.34,15,1,high,day,1
EQ-CONVEYOR-BELT-121,conveyor_belt,3228.8,65.09,3.46,99.48,245.12,77.28,94,1,medium,night,0
EQ-DRILL-RIG-024,drill_rig,5220.9,62.73,6.26,243.05,378.15,68.68,22,1,medium,day,0
EQ-CRUSHER-120,crusher,3769.5,71.46,7.33,223.85,479.82,86.28,67,4,low,day,0
EQ-DRILL-RIG-034,drill_rig,2205.9,96.67,5.09,211.4,321.59,71.52,17,0,high,night,0
EQ-EXCAVATOR-006,excavator,4206.8,83.5,4.35,196.29,383.46,94.47,17,2,high,day,1
EQ-EXCAVATOR-067,excavator,2722.7,84.91,4.21,226.84,481.25,72.65,18,1,medium,day,0
EQ-HAUL-TRUCK-046,haul_truck,2893.4,91.99,4.56,190.72,446.22,79.11,18,3,medium,night,0
EQ-CRUSHER-028,crusher,3780.6,91.97,6.54,155.33,592.36,67.0,12,1,medium,night,1
EQ-CRUSHER-064,crusher,1599.7,107.23,6.54,189.59,537.5,78.6,15,2,medium,day,0
EQ-EXCAVATOR-131,excavator,5164.9,74.63,5.9,200.49,361.65,83.66,4,1,medium,day,0
EQ-DRILL-RIG-088,drill_rig,3057.2,98.6,7.28,192.4,468.82,73.7,6,1,medium,day,1
EQ-EXCAVATOR-110,excavator,5492.1,72.17,2.35,202.08,303.52,73.47,109,0,medium,day,1
EQ-EXCAVATOR-023,excavator,5396.9,87.83,8.54,215.08,437.42,77.52,42,0,high,day,1
EQ-HAUL-TRUCK-012,haul_truck,3506.8,81.82,4.07,179.6,411.19,53.81,33,2,medium,day,1
EQ-CRUSHER-051,crusher,4081.3,96.29,4.72,176.08,543.16,85.27,42,0,medium,night,1
EQ-EXCAVATOR-117,excavator,4640.6,75.32,3.83,210.25,468.51,63.27,24,1,high,night,0
EQ-EXCAVATOR-133,excavator,3219.9,68.61,3.0,197.62,402.35,75.43,32,2,medium,night,0
EQ-EXCAVATOR-016,excavator,1410.1,83.74,3.4,206.63,354.54,75.87,26,3,low,night,0
EQ-DRILL-RIG-072,drill_rig,4191.3,94.02,7.27,246.63,446.85,96.03,48,1,medium,day,1
EQ-BALL-MILL-060,ball_mill,6090.4,93.33,5.5,149.87,537.31,73.33,62,3,medium,day,1
EQ-CRUSHER-112,crusher,2674.9,85.99,8.22,182.72,547.78,79.14,19,1,high,night,0
EQ-CONVEYOR-BELT-031,conveyor_belt,5632.0,79.32,2.22,100.7,131.04,75.3,15,1,high,day,0
EQ-DRILL-RIG-073,drill_rig,2064.4,87.02,4.5,200.42,403.73,72.03,22,3,medium,day,0
EQ-BALL-MILL-128,ball_mill,3393.0,83.56,7.49,125.14,550.17,86.98,20,2,high,night,0
EQ-CONVEYOR-BELT-070,conveyor_belt,3640.4,64.78,3.61,107.65,222.79,65.42,48,0,medium,day,0
EQ-BALL-MILL-118,ball_mill,3819.2,83.37,9.92,165.46,600.63,91.78,34,1,low,day,1
EQ-BALL-MILL-094,ball_mill,2478.7,83.84,8.65,158.56,633.16,82.18,16,0,medium,day,1
EQ-DRILL-RIG-090,drill_rig,2078.7,87.89,3.42,205.15,357.82,81.27,112,1,medium,night,0
EQ-CRUSHER-039,crusher,3455.7,84.86,8.22,168.71,639.93,75.26,6,1,low,night,1
EQ-HAUL-TRUCK-149,haul_truck,4917.4,90.33,4.88,153.94,443.84,70.89,54,0,low,day,0
EQ-HAUL-TRUCK-038,haul_truck,2655.1,85.92,1.92,186.06,550.51,108.73,19,3,high,day,0
EQ-CRUSHER-140,crusher,3593.9,90.1,5.73,153.01,518.7,73.83,25,3,medium,night,0
EQ-CRUSHER-149,crusher,8741.9,88.23,8.31,193.39,547.71,82.23,44,1,low,day,1
EQ-CRUSHER-077,crusher,4348.1,85.02,5.85,176.79,593.92,88.51,2,1,medium,night,1
EQ-CONVEYOR-BELT-131,conveyor_belt,3448.4,48.22,1.28,84.3,213.45,62.37,45,0,low,night,0
EQ-CONVEYOR-BELT-108,conveyor_belt,3750.9,66.53,3.25,128.61,221.45,42.75,60,1,low,night,0
EQ-DRILL-RIG-111,drill_rig,7961.0,83.43,6.16,226.25,408.38,78.65,71,2,medium,day,1
EQ-HAUL-TRUCK-011,haul_truck,4993.4,96.27,3.52,193.02,404.09,78.52,18,1,medium,night,0
EQ-EXCAVATOR-021,excavator,2726.7,82.32,5.08,208.97,295.36,75.24,54,0,high,day,0
EQ-DRILL-RIG-011,drill_rig,5197.0,83.11,4.8,219.51,353.62,76.39,65,1,medium,day,0
EQ-DRILL-RIG-005,drill_rig,2289.9,79.09,7.81,182.0,300.71,85.54,63,2,medium,day,0
EQ-BALL-MILL-126,ball_mill,4019.4,84.66,6.58,142.78,517.71,89.29,38,3,medium,day,1
EQ-DRILL-RIG-027,drill_rig,6566.3,80.14,6.93,222.62,319.29,72.83,73,3,high,day,0
EQ-BALL-MILL-001,ball_mill,4038.5,103.32,7.08,193.36,568.9,70.43,124,0,high,night,1
EQ-EXCAVATOR-141,excavator,2205.0,79.15,4.16,222.22,410.01,86.71,33,1,medium,night,0
EQ-CRUSHER-042,crusher,3863.4,96.51,5.4,202.58,549.99,81.78,19,0,low,day,1
EQ-EXCAVATOR-123,excavator,6543.7,70.97,5.04,210.42,470.16,77.04,40,0,low,night,0
EQ-CONVEYOR-BELT-145,conveyor_belt,2632.4,64.22,2.83,103.81,207.2,61.56,24,1,low,night,0
EQ-BALL-MILL-079,ball_mill,5161.4,95.3,5.95,139.57,704.07,79.28,22,1,high,day,0
EQ-EXCAVATOR-140,excavator,6706.7,84.11,4.49,219.23,382.35,62.66,98,0,medium,night,0
EQ-CONVEYOR-BELT-146,conveyor_belt,4594.8,62.23,3.51,73.88,292.58,73.6,27,1,low,night,0
EQ-EXCAVATOR-022,excavator,3935.6,82.78,5.5,218.09,362.95,79.89,26,1,low,night,0
EQ-HAUL-TRUCK-022,haul_truck,2740.0,95.51,4.33,206.58,351.23,77.09,22,1,high,day,0
EQ-HAUL-TRUCK-056,haul_truck,2905.8,81.83,5.47,184.93,423.09,89.28,43,1,medium,night,0
EQ-HAUL-TRUCK-084,haul_truck,3433.3,89.21,4.38,136.47,426.15,94.08,51,1,low,night,1
EQ-BALL-MILL-118,ball_mill,5219.4,94.75,6.65,152.53,590.34,72.18,80,3,high,day,0
EQ-CRUSHER-028,crusher,9710.4,85.43,9.2,187.59,572.56,69.49,14,1,medium,day,1
EQ-DRILL-RIG-030,drill_rig,2646.6,65.97,5.61,220.02,323.71,85.8,78,0,medium,day,0
EQ-CONVEYOR-BELT-046,conveyor_belt,4912.0,63.96,3.33,97.83,132.27,69.52,17,2,medium,day,0
EQ-HAUL-TRUCK-041,haul_truck,5996.7,74.66,5.0,138.91,415.14,67.55,14,0,medium,day,0
EQ-HAUL-TRUCK-142,haul_truck,3906.4,84.65,4.01,136.87,435.81,78.21,30,0,medium,day,0
EQ-DRILL-RIG-060,drill_rig,3831.3,85.79,7.08,246.97,452.53,95.04,15,0,high,night,0
EQ-EXCAVATOR-131,excavator,1799.3,68.81,4.97,197.46,331.59,67.47,43,1,high,night,0
EQ-BALL-MILL-009,ball_mill,4191.1,85.41,6.38,190.18,608.62,87.81,22,1,medium,day,0
EQ-HAUL-TRUCK-016,haul_truck,3750.3,84.08,6.07,182.11,407.93,77.98,60,3,medium,day,0
EQ-CONVEYOR-BELT-121,conveyor_belt,3269.6,75.07,5.27,67.27,135.25,78.25,48,2,high,day,0
EQ-DRILL-RIG-038,drill_rig,4504.0,78.05,6.25,262.08,344.75,65.68,51,4,low,day,0
EQ-EXCAVATOR-013,excavator,2384.2,97.78,5.86,217.98,389.67,75.99,41,1,low,night,0
EQ-EXCAVATOR-090,excavator,2610.8,71.25,7.6,155.73,316.99,75.42,40,2,high,day,0
EQ-BALL-MILL-023,ball_mill,4232.2,84.25,6.31,189.29,616.37,54.69,20,1,low,night,0
EQ-EXCAVATOR-010,excavator,7281.7,73.33,4.84,252.48,400.38,81.79,22,2,medium,day,0
EQ-CRUSHER-061,crusher,3559.9,90.72,5.01,221.17,549.81,77.47,23,1,medium,day,1
EQ-CRUSHER-083,crusher,3912.2,103.35,5.17,213.26,616.72,90.53,57,1,medium,night,1
EQ-EXCAVATOR-080,excavator,3852.5,72.65,3.83,257.8,432.52,76.14,43,0,low,day,0
EQ-DRILL-RIG-088,drill_rig,2334.9,85.12,7.84,248.11,503.19,86.39,23,0,high,day,0
EQ-DRILL-RIG-004,drill_rig,3356.7,82.92,5.24,210.3,440.82,79.18,34,2,low,day,0
EQ-EXCAVATOR-044,excavator,4141.7,63.43,6.66,214.47,408.23,80.61,77,0,low,night,0
EQ-DRILL-RIG-052,drill_rig,4100.8,82.83,10.0,244.22,425.39,79.57,1,2,medium,day,0
EQ-HAUL-TRUCK-044,haul_truck,4665.4,71.77,5.05,215.88,364.29,61.88,31,5,low,night,0
EQ-HAUL-TRUCK-084,haul_truck,2285.6,73.27,5.12,168.03,468.41,75.67,35,5,medium,night,1
EQ-CONVEYOR-BELT-035,conveyor_belt,2849.3,69.62,2.51,107.75,233.14,90.66,22,3,high,night,0
EQ-BALL-MILL-095,ball_mill,1599.6,92.86,8.39,128.91,484.1,90.81,10,2,medium,night,0
EQ-HAUL-TRUCK-141,haul_truck,6796.6,93.98,6.07,160.93,382.93,80.43,20,2,medium,night,0
EQ-HAUL-TRUCK-100,haul_truck,3144.1,85.31,5.67,171.05,473.46,75.78,18,2,medium,night,0
EQ-CRUSHER-059,crusher,4329.7,91.61,6.47,229.86,575.99,84.24,36,2,high,day,0
EQ-DRILL-RIG-066,drill_rig,3809.7,87.07,6.95,247.11,492.51,73.83,19,2,high,night,1
EQ-HAUL-TRUCK-088,haul_truck,1079.8,89.64,4.51,172.51,480.74,100.44,34,1,high,night,1
EQ-CRUSHER-109,crusher,2078.7,102.9,8.05,165.64,512.43,66.56,89,2,low,day,1
EQ-CONVEYOR-BELT-046,conveyor_belt,3734.5,64.85,4.36,67.72,101.46,70.0,15,3,low,night,0
EQ-EXCAVATOR-006,excavator,4882.3,69.19,5.83,196.43,379.89,75.59,64,1,low,day,0
EQ-HAUL-TRUCK-106,haul_truck,4710.1,83.49,3.93,187.84,423.88,86.67,29,0,medium,night,0
EQ-HAUL-TRUCK-100,haul_truck,1936.5,90.87,6.86,147.1,389.4,81.81,4,0,low,day,0
EQ-CRUSHER-016,crusher,2329.0,95.89,7.44,213.54,645.56,106.14,61,1,high,day,1
EQ-CRUSHER-094,crusher,4524.5,84.24,9.23,188.01,601.0,92.09,60,3,low,day,1
EQ-DRILL-RIG-011,drill_rig,4691.6,74.85,6.62,224.83,342.63,85.57,14,4,low,day,0
EQ-CONVEYOR-BELT-097,conveyor_belt,1879.9,63.49,2.91,86.48,276.11,47.42,44,0,high,day,0
EQ-CONVEYOR-BELT-112,conveyor_belt,4513.4,58.15,5.12,83.56,242.71,64.46,28,0,high,day,0
EQ-BALL-MILL-003,ball_mill,3722.4,102.14,5.77,167.59,660.87,74.71,38,0,low,night,0
EQ-CRUSHER-110,crusher,3408.3,87.99,9.49,198.06,549.71,92.48,20,0,medium,day,1
EQ-CRUSHER-019,crusher,7381.8,90.16,7.44,185.66,490.51,78.64,16,1,high,night,0
EQ-BALL-MILL-040,ball_mill,3562.6,90.82,8.49,154.1,521.89,73.39,13,1,high,night,0
EQ-EXCAVATOR-106,excavator,2962.8,73.72,5.55,220.89,362.47,99.29,72,1,medium,day,0
EQ-CONVEYOR-BELT-054,conveyor_belt,5367.8,65.32,1.6,108.23,166.44,82.68,15,0,medium,day,0
EQ-DRILL-RIG-147,drill_rig,5267.9,81.61,6.66,216.77,485.37,59.21,43,1,medium,day,0
EQ-HAUL-TRUCK-144,haul_truck,6630.7,76.52,7.64,170.06,513.93,78.34,15,0,high,day,0
EQ-CRUSHER-149,crusher,5112.8,77.16,6.96,189.14,554.69,85.62,125,2,low,day,1
EQ-HAUL-TRUCK-016,haul_truck,5023.0,91.43,6.71,177.99,358.5,86.46,15,1,medium,night,0
EQ-HAUL-TRUCK-027,haul_truck,3860.8,102.36,6.48,165.56,455.07,75.41,14,2,high,night,1
EQ-CRUSHER-028,crusher,9312.3,64.16,8.77,177.17,596.0,78.72,79,0,medium,day,1
EQ-EXCAVATOR-088,excavator,2389.7,74.79,5.45,181.12,385.78,70.28,27,1,low,night,0
EQ-DRILL-RIG-065,drill_rig,4751.4,86.39,5.57,198.48,348.13,74.35,12,2,high,day,0
EQ-BALL-MILL-112,ball_mill,2265.3,79.06,9.71,210.68,632.5,95.7,31,0,medium,night,0
EQ-DRILL-RIG-043,drill_rig,3857.3,78.36,5.76,202.43,443.26,62.32,17,4,medium,night,0
EQ-EXCAVATOR-030,excavator,3806.4,72.37,4.38,240.13,305.11,68.1,139,2,medium,day,1
EQ-EXCAVATOR-098,excavator,3853.2,87.55,7.26,221.66,426.04,80.82,7,1,medium,night,0
EQ-EXCAVATOR-093,excavator,1531.3,84.73,6.49,194.66,401.97,69.29,50,0,high,night,0
EQ-HAUL-TRUCK-104,haul_truck,3138.0,76.39,3.18,125.62,392.79,60.66,81,1,low,day,0
EQ-BALL-MILL-047,ball_mill,10096.3,88.76,4.87,209.76,508.14,80.3,54,2,high,day,1
EQ-CRUSHER-079,crusher,4050.9,85.02,9.28,213.65,496.67,90.14,19,1,medium,night,1
EQ-EXCAVATOR-140,excavator,5870.0,87.47,5.78,183.94,310.03,82.8,66,1,high,day,0
EQ-DRILL-RIG-092,drill_rig,4509.6,82.03,4.49,231.99,279.47,55.14,36,1,high,day,0
EQ-CRUSHER-140,crusher,8825.9,79.4,6.01,168.04,543.44,89.64,49,1,high,night,1
EQ-HAUL-TRUCK-066,haul_truck,4532.1,80.24,4.45,118.57,393.34,64.28,56,1,high,day,0
EQ-HAUL-TRUCK-007,haul_truck,4061.3,86.72,4.57,129.63,371.65,80.81,14,0,medium,day,0
EQ-CONVEYOR-BELT-115,conveyor_belt,2017.9,61.57,3.29,73.16,150.62,83.38,47,0,medium,night,0
EQ-DRILL-RIG-070,drill_rig,2062.4,68.09,7.82,243.98,439.58,87.6,53,1,medium,day,0
EQ-HAUL-TRUCK-007,haul_truck,2898.4,88.56,4.73,184.39,424.2,92.27,31,0,medium,day,0
EQ-BALL-MILL-021,ball_mill,3512.7,90.95,7.14,154.72,493.71,76.9,19,1,medium,night,0
EQ-DRILL-RIG-047,drill_rig,2164.9,95.43,5.65,234.92,446.29,60.49,30,0,medium,day,0
EQ-DRILL-RIG-029,drill_rig,4042.6,71.79,6.43,250.39,470.22,93.07,97,0,low,night,0
EQ-EXCAVATOR-103,excavator,3975.1,80.15,4.56,157.36,292.38,60.68,43,0,high,night,0
EQ-HAUL-TRUCK-092,haul_truck,7802.9,73.03,3.72,194.63,554.29,73.15,33,0,low,day,0
EQ-DRILL-RIG-050,drill_rig,8314.9,87.9,5.92,217.57,418.33,81.11,14,0,medium,night,0
EQ-EXCAVATOR-013,excavator,5372.2,84.2,2.83,219.98,362.4,75.84,65,0,medium,night,0
EQ-CONVEYOR-BELT-012,conveyor_belt,5440.5,66.54,3.37,99.55,141.39,51.79,46,1,medium,night,0
EQ-DRILL-RIG-142,drill_rig,6306.2,88.71,5.9,211.19,513.23,77.5,24,3,high,day,0
EQ-HAUL-TRUCK-052,haul_truck,4546.8,81.51,5.6,135.8,518.1,88.14,21,3,medium,day,0
EQ-DRILL-RIG-017,drill_rig,6460.2,78.45,5.03,233.13,318.19,67.26,13,1,high,day,0
EQ-BALL-MILL-107,ball_mill,1927.0,97.33,7.29,156.15,575.13,85.25,48,2,medium,night,0
EQ-CONVEYOR-BELT-131,conveyor_belt,5705.8,49.37,3.01,60.44,158.38,60.48,6,0,low,night,0
EQ-CRUSHER-019,crusher,2223.4,82.74,8.61,186.06,491.69,62.6,49,3,medium,day,1
EQ-DRILL-RIG-142,drill_rig,2374.3,87.3,6.11,246.97,426.69,85.62,7,0,low,night,0
EQ-CRUSHER-109,crusher,6271.4,101.11,7.21,200.82,626.21,98.11,28,1,high,day,1
EQ-CONVEYOR-BELT-038,conveyor_belt,2758.6,67.75,0.99,113.41,89.37,67.67,66,1,high,day,0
EQ-DRILL-RIG-117,drill_rig,2413.9,86.14,2.78,219.63,360.73,87.74,5,1,medium,night,0
EQ-CONVEYOR-BELT-063,conveyor_belt,4690.3,66.6,2.47,89.33,207.61,80.03,77,1,high,day,0
EQ-EXCAVATOR-096,excavator,2624.8,80.86,6.45,175.45,344.58,79.23,20,1,medium,night,0
EQ-HAUL-TRUCK-020,haul_truck,2415.4,94.64,5.52,177.91,502.73,83.08,29,1,medium,day,0
EQ-EXCAVATOR-037,excavator,1815.2,84.79,5.17,201.23,312.46,61.93,20,0,medium,night,0
EQ-CRUSHER-117,crusher,3084.0,88.23,7.63,178.03,496.53,92.18,22,2,medium,night,0
EQ-CRUSHER-121,crusher,5347.4,104.38,9.12,207.41,612.3,91.53,16,0,high,day,1
EQ-CONVEYOR-BELT-002,conveyor_belt,5706.2,64.44,1.84,81.4,172.54,60.14,62,2,medium,day,0
EQ-CRUSHER-033,crusher,3430.8,87.48,6.38,178.01,487.33,76.31,52,2,medium,night,0
EQ-DRILL-RIG-092,drill_rig,7729.1,72.79,7.93,201.08,397.37,76.62,14,1,medium,day,1
EQ-BALL-MILL-136,ball_mill,4810.4,93.62,7.99,171.5,594.78,83.87,44,0,medium,night,1
EQ-EXCAVATOR-102,excavator,6326.3,72.13,6.71,209.19,419.94,78.45,37,0,medium,night,0
EQ-CONVEYOR-BELT-106,conveyor_belt,2918.1,68.63,5.9,94.69,303.97,76.43,25,1,high,day,0
EQ-CONVEYOR-BELT-059,conveyor_belt,3300.6,68.86,2.8,96.4,138.35,39.82,46,2,medium,night,0
EQ-CRUSHER-009,crusher,3527.3,99.11,9.24,181.47,549.71,87.57,29,2,high,day,1
EQ-HAUL-TRUCK-115,haul_truck,3280.3,95.41,3.89,115.21,503.31,91.07,57,2,low,day,0
EQ-DRILL-RIG-120,drill_rig,1150.0,78.36,6.14,256.71,387.06,93.24,16,2,medium,day,0
EQ-BALL-MILL-067,ball_mill,3947.3,91.27,7.15,193.24,594.59,80.5,53,3,medium,night,0
EQ-CONVEYOR-BELT-076,conveyor_belt,4514.1,72.41,1.74,79.31,235.48,68.27,6,2,high,night,0
EQ-BALL-MILL-036,ball_mill,4382.6,81.24,7.1,183.63,682.09,93.64,35,0,low,day,1
EQ-BALL-MILL-068,ball_mill,8122.8,88.15,8.95,145.77,423.37,57.19,32,1,low,day,1
EQ-EXCAVATOR-037,excavator,8416.8,89.26,2.89,198.34,360.18,52.6,17,0,high,day,0
EQ-CONVEYOR-BELT-064,conveyor_belt,1541.8,64.18,4.01,125.37,186.69,56.84,46,0,medium,night,0
EQ-CRUSHER-021,crusher,7055.0,88.94,5.56,213.0,545.46,64.28,49,1,medium,day,0
EQ-BALL-MILL-091,ball_mill,7909.2,79.6,8.7,193.83,546.0,70.33,20,1,high,day,0
EQ-HAUL-TRUCK-038,haul_truck,1282.4,82.87,3.68,146.37,425.1,65.53,25,4,medium,day,0
EQ-CRUSHER-109,crusher,5251.7,86.89,7.81,175.07,637.01,90.24,41,1,medium,day,1
EQ-DRILL-RIG-078,drill_rig,3997.0,82.48,5.36,218.27,392.98,74.97,8,2,high,night,0
EQ-EXCAVATOR-135,excavator,7722.8,80.8,5.05,179.82,408.97,74.53,21,2,medium,night,0
EQ-DRILL-RIG-034,drill_rig,7490.8,82.86,7.59,255.43,351.76,72.2,22,2,low,day,1
EQ-CRUSHER-041,crusher,11922.4,103.1,5.54,208.53,601.75,82.81,26,0,high,day,0
EQ-BALL-MILL-037,ball_mill,5340.5,92.73,6.39,162.72,470.82,70.63,55,1,medium,day,0
EQ-BALL-MILL-095,ball_mill,4903.8,82.82,7.57,142.76,622.34,99.55,53,2,high,night,1
EQ-EXCAVATOR-017,excavator,2618.5,78.25,5.17,210.99,433.35,87.2,16,2,medium,day,0
EQ-DRILL-RIG-103,drill_rig,3047.4,83.63,8.77,244.7,368.58,78.27,34,0,low,day,0
EQ-EXCAVATOR-123,excavator,5012.7,92.19,2.48,210.53,446.94,64.73,40,4,high,night,0
EQ-CONVEYOR-BELT-102,conveyor_belt,2978.2,68.58,2.55,113.51,202.8,66.8,45,0,low,day,0
EQ-CONVEYOR-BELT-021,conveyor_belt,3984.2,67.94,4.7,54.37,107.73,53.03,12,0,high,night,0
EQ-DRILL-RIG-074,drill_rig,1658.0,80.08,4.67,220.83,427.91,94.37,4,3,high,day,0
EQ-HAUL-TRUCK-081,haul_truck,4116.3,87.93,4.98,168.13,489.53,65.15,106,2,high,day,0
EQ-EXCAVATOR-059,excavator,1376.0,75.51,3.15,207.05,354.39,73.4,18,1,low,night,1
EQ-CONVEYOR-BELT-070,conveyor_belt,6226.2,54.54,2.08,91.85,123.54,70.25,30,1,medium,day,0
EQ-CONVEYOR-BELT-115,conveyor_belt,4218.5,66.92,1.82,84.59,212.03,76.08,40,1,low,day,0
EQ-CRUSHER-126,crusher,2863.7,106.89,7.18,200.58,524.79,91.14,30,3,medium,night,0
EQ-HAUL-TRUCK-046,haul_truck,3622.4,86.24,5.25,178.46,490.75,97.83,31,0,medium,day,1
EQ-EXCAVATOR-050,excavator,2995.3,76.94,5.48,247.75,386.56,64.9,39,0,medium,night,0
EQ-DRILL-RIG-032,drill_rig,2540.2,84.85,7.85,215.83,415.31,67.08,17,1,medium,day,0
EQ-HAUL-TRUCK-061,haul_truck,3192.2,69.02,3.75,145.12,526.46,58.66,17,3,high,night,0
EQ-CRUSHER-082,crusher,3203.6,88.49,8.83,230.3,458.99,69.62,18,2,medium,night,1
EQ-BALL-MILL-108,ball_mill,3450.1,88.28,8.14,204.54,736.91,97.03,43,1,medium,day,1
EQ-HAUL-TRUCK-041,haul_truck,1096.9,80.24,4.73,157.68,516.46,82.27,50,3,medium,night,0
EQ-CONVEYOR-BELT-033,conveyor_belt,6448.0,64.12,2.48,30.2,163.27,72.34,16,1,medium,night,0
EQ-EXCAVATOR-005,excavator,6507.6,87.24,9.04,251.74,258.46,81.77,17,0,medium,day,0
EQ-DRILL-RIG-015,drill_rig,3829.3,79.4,4.68,230.03,400.14,87.81,46,1,medium,day,1
EQ-CONVEYOR-BELT-008,conveyor_belt,8604.8,62.91,4.11,93.45,153.98,82.28,55,1,medium,night,0
EQ-BALL-MILL-032,ball_mill,3305.1,87.69,5.28,198.53,661.27,83.52,60,3,medium,night,1
EQ-HAUL-TRUCK-105,haul_truck,4067.8,88.15,3.42,158.46,494.19,95.68,19,2,high,night,0
EQ-CRUSHER-117,crusher,4871.8,86.66,4.91,173.61,627.14,75.9,43,0,high,night,1
EQ-DRILL-RIG-146,drill_rig,4014.4,82.42,6.49,175.94,389.96,82.07,89,1,low,night,1
EQ-EXCAVATOR-082,excavator,2871.1,76.76,7.23,206.18,311.4,83.04,22,1,medium,night,0
EQ-EXCAVATOR-069,excavator,3929.6,81.07,2.83,228.67,417.36,80.07,52,2,high,night,0
EQ-HAUL-TRUCK-135,haul_truck,1920.2,99.92,5.96,130.63,483.3,82.72,35,3,low,night,0
EQ-BALL-MILL-023,ball_mill,2546.1,96.74,8.15,145.21,523.79,81.41,117,4,medium,night,1
EQ-CONVEYOR-BELT-095,conveyor_belt,5870.9,74.34,3.91,73.03,194.05,71.33,4,1,medium,day,0
EQ-CONVEYOR-BELT-123,conveyor_belt,10903.0,61.96,5.12,87.11,125.46,71.76,39,1,low,night,0
EQ-CONVEYOR-BELT-076,conveyor_belt,2821.3,66.04,5.86,98.25,249.28,63.47,75,0,medium,day,0
EQ-CRUSHER-040,crusher,3546.9,94.15,5.3,179.09,462.97,80.38,15,0,high,night,0
EQ-CRUSHER-094,crusher,3447.3,91.79,9.05,191.87,637.29,85.21,53,2,low,night,1
EQ-CRUSHER-150,crusher,4342.3,93.63,6.97,179.28,601.85,87.91,23,1,low,night,0
EQ-CONVEYOR-BELT-036,conveyor_belt,6203.6,74.3,4.15,106.33,160.26,74.53,7,4,high,day,0
EQ-HAUL-TRUCK-085,haul_truck,4148.4,89.97,4.67,183.11,467.84,93.94,22,1,high,day,0
EQ-BALL-MILL-008,ball_mill,1969.9,82.52,4.84,185.38,584.46,78.22,16,0,medium,day,1
EQ-DRILL-RIG-035,drill_rig,2934.0,86.41,8.39,267.98,378.68,82.9,64,0,medium,night,0
EQ-EXCAVATOR-116,excavator,4618.9,66.92,5.69,199.76,388.66,82.4,118,1,low,night,1
EQ-CONVEYOR-BELT-075,conveyor_belt,3261.9,63.31,2.13,97.05,40.0,64.19,24,0,high,day,0
EQ-HAUL-TRUCK-030,haul_truck,3323.1,92.22,4.61,164.25,564.97,92.98,22,5,low,day,0
EQ-BALL-MILL-051,ball_mill,3367.0,79.28,8.47,198.65,577.21,93.39,5,1,high,night,1
EQ-BALL-MILL-019,ball_mill,3787.5,91.06,6.21,192.49,646.97,68.85,60,1,high,day,1
EQ-BALL-MILL-117,ball_mill,2452.0,92.52,5.75,156.83,642.44,91.79,83,1,low,night,0
EQ-EXCAVATOR-142,excavator,5821.2,73.07,4.14,177.21,352.41,66.75,47,0,medium,night,0
EQ-HAUL-TRUCK-016,haul_truck,1962.2,87.18,5.77,142.45,425.04,87.25,22,2,high,night,0
EQ-HAUL-TRUCK-036,haul_truck,4572.5,90.15,6.48,158.59,482.76,82.14,40,0,high,day,1
EQ-HAUL-TRUCK-129,haul_truck,3019.9,77.28,4.72,184.19,418.33,65.44,59,1,medium,day,0
EQ-HAUL-TRUCK-132,haul_truck,4003.8,73.14,3.78,142.29,360.55,61.97,30,2,low,night,0
EQ-HAUL-TRUCK-116,haul_truck,6942.4,77.57,5.46,134.71,455.96,75.58,50,1,medium,night,0
EQ-BALL-MILL-108,ball_mill,6871.2,97.68,7.76,147.19,555.5,100.1,25,0,medium,day,0
EQ-HAUL-TRUCK-130,haul_truck,6133.0,82.36,4.65,135.66,243.63,57.36,11,2,medium,night,0
EQ-HAUL-TRUCK-057,haul_truck,7501.4,83.27,5.5,212.84,500.94,84.67,57,2,medium,day,0
EQ-DRILL-RIG-135,drill_rig,10085.0,89.23,4.77,233.95,383.84,73.54,37,0,high,day,0
EQ-CONVEYOR-BELT-133,conveyor_belt,5830.0,70.68,4.41,41.24,229.13,66.44,40,2,medium,night,0
EQ-DRILL-RIG-035,drill_rig,4871.2,79.27,4.88,247.04,259.44,69.4,62,0,medium,night,0
EQ-CONVEYOR-BELT-011,conveyor_belt,2468.2,66.71,3.5,89.78,295.58,81.8,16,1,medium,night,0
EQ-BALL-MILL-079,ball_mill,5252.0,85.74,7.32,159.62,607.5,84.31,23,0,medium,day,1
EQ-CONVEYOR-BELT-114,conveyor_belt,4104.7,73.15,3.58,51.2,210.31,88.77,82,0,medium,day,0
EQ-CRUSHER-128,crusher,8198.2,90.3,7.55,195.52,623.74,100.6,39,2,low,night,0
EQ-CONVEYOR-BELT-022,conveyor_belt,5598.4,61.56,3.0,66.64,170.58,66.3,59,0,medium,night,0
EQ-CRUSHER-057,crusher,2201.3,81.78,8.62,189.38,573.78,80.32,34,0,low,day,1
EQ-EXCAVATOR-116,excavator,4499.3,85.05,6.16,218.51,357.94,73.05,49,0,medium,day,0
EQ-CRUSHER-010,crusher,5924.8,102.24,8.47,159.43,477.02,77.43,50,1,low,day,1
EQ-HAUL-TRUCK-109,haul_truck,4068.5,80.96,6.56,179.55,579.68,104.9,20,3,medium,night,1
EQ-DRILL-RIG-044,drill_rig,9952.4,72.21,8.07,199.59,379.34,79.77,124,0,medium,night,1
EQ-EXCAVATOR-004,excavator,5497.8,79.71,5.2,179.29,226.62,61.37,40,2,medium,day,0
EQ-HAUL-TRUCK-037,haul_truck,2508.0,67.42,4.7,138.48,409.9,78.49,8,1,medium,day,0
EQ-EXCAVATOR-112,excavator,2417.1,70.37,4.2,234.03,294.35,64.09,10,1,medium,day,0
EQ-DRILL-RIG-131,drill_rig,2692.8,81.43,2.33,266.44,413.68,69.04,23,0,medium,night,0
EQ-EXCAVATOR-013,excavator,3100.5,71.86,6.4,208.83,361.9,72.03,6,0,low,day,0
EQ-CONVEYOR-BELT-070,conveyor_belt,3977.9,59.54,1.86,132.16,166.31,74.35,75,0,medium,day,0
EQ-DRILL-RIG-031,drill_rig,4648.0,81.19,8.24,218.24,317.74,77.99,20,3,low,night,0
EQ-HAUL-TRUCK-103,haul_truck,6946.0,88.53,6.45,162.47,426.7,82.13,13,1,medium,day,0
EQ-DRILL-RIG-118,drill_rig,5844.8,68.54,4.31,225.22,411.98,73.66,42,2,medium,night,0
EQ-EXCAVATOR-145,excavator,3369.0,75.93,5.59,203.15,468.16,87.19,50,0,high,night,0
EQ-HAUL-TRUCK-054,haul_truck,3383.3,77.63,3.89,165.57,399.21,64.59,25,2,medium,day,0
EQ-CONVEYOR-BELT-045,conveyor_belt,5701.9,67.53,1.92,92.99,267.06,61.62,50,0,medium,night,0
EQ-BALL-MILL-047,ball_mill,3086.4,96.61,4.48,156.56,604.83,85.25,58,1,medium,night,1
EQ-EXCAVATOR-115,excavator,5036.9,85.01,5.45,188.01,361.25,64.65,24,1,high,night,0
EQ-CONVEYOR-BELT-067,conveyor_belt,1834.2,56.69,1.37,51.27,157.53,62.83,12,1,low,night,0
EQ-EXCAVATOR-004,excavator,4741.9,79.24,5.33,209.74,366.72,77.6,22,0,low,day,0
EQ-CONVEYOR-BELT-143,conveyor_belt,4449.6,70.76,0.24,86.21,57.32,42.87,28,3,low,day,0
EQ-CONVEYOR-BELT-016,conveyor_belt,3107.3,65.03,3.65,138.08,157.25,76.19,34,2,high,day,0
EQ-CONVEYOR-BELT-140,conveyor_belt,2083.5,79.07,5.17,78.41,216.12,64.98,59,1,high,day,0
EQ-CONVEYOR-BELT-025,conveyor_belt,1924.0,57.03,4.1,45.84,281.87,88.34,29,1,medium,day,0
EQ-HAUL-TRUCK-081,haul_truck,4303.0,81.65,3.96,161.27,491.08,76.53,18,1,low,day,0
EQ-CONVEYOR-BELT-047,conveyor_belt,4628.0,75.81,4.0,88.18,209.61,61.89,22,3,high,night,0
EQ-CONVEYOR-BELT-104,conveyor_belt,1427.5,62.26,6.04,138.67,158.83,69.86,38,2,medium,day,0
EQ-CONVEYOR-BELT-061,conveyor_belt,1401.3,59.3,1.9,79.96,216.5,78.11,41,0,low,night,0
EQ-HAUL-TRUCK-056,haul_truck,2294.0,79.72,6.21,147.44,523.57,78.74,92,3,medium,night,1
EQ-CRUSHER-072,crusher,2449.5,83.76,6.11,168.78,553.52,98.73,28,1,medium,day,1
EQ-CRUSHER-146,crusher,2762.0,90.2,7.41,223.59,630.18,77.51,18,0,medium,night,0
EQ-HAUL-TRUCK-037,haul_truck,4314.2,90.37,5.51,129.3,504.15,75.28,5,2,medium,day,0
EQ-EXCAVATOR-033,excavator,6148.7,75.24,5.11,201.44,344.06,64.52,7,1,medium,night,0
EQ-CRUSHER-010,crusher,6193.3,99.55,7.88,176.52,487.2,91.43,46,1,medium,night,1
EQ-CONVEYOR-BELT-111,conveyor_belt,5281.2,66.61,5.9,124.32,165.56,97.5,21,1,low,night,0
EQ-EXCAVATOR-102,excavator,6067.1,70.08,5.17,174.84,301.06,60.97,70,2,low,night,0
EQ-DRILL-RIG-092,drill_rig,2501.2,83.32,6.79,229.64,493.48,82.39,6,0,high,night,0
EQ-CRUSHER-004,crusher,5218.1,82.17,7.22,195.05,602.96,73.36,23,1,low,night,0
EQ-DRILL-RIG-119,drill_rig,5533.1,77.78,4.46,209.59,427.24,83.95,57,1,medium,night,0
EQ-CRUSHER-122,crusher,1723.8,87.86,6.49,171.99,621.89,75.76,76,2,low,day,1
EQ-CRUSHER-142,crusher,6984.4,93.63,8.46,169.11,528.97,101.7,49,0,low,night,1
EQ-CONVEYOR-BELT-140,conveyor_belt,5650.2,66.48,4.76,89.52,143.78,60.5,61,1,medium,night,0
EQ-BALL-MILL-040,ball_mill,2931.3,87.33,4.48,109.29,605.61,83.72,17,0,low,day,0
EQ-CRUSHER-107,crusher,1557.4,92.9,7.0,209.39,612.69,93.52,26,0,medium,night,1
EQ-CRUSHER-061,crusher,4263.8,94.76,7.92,191.42,655.33,89.55,79,2,medium,night,1
EQ-CONVEYOR-BELT-090,conveyor_belt,3363.5,72.43,3.1,143.34,123.79,64.77,16,1,high,night,0
EQ-CONVEYOR-BELT-050,conveyor_belt,2045.7,59.08,1.67,86.36,314.67,71.77,33,4,medium,day,0
EQ-HAUL-TRUCK-099,haul_truck,3941.6,72.54,4.8,144.03,512.09,82.51,52,1,medium,night,0
EQ-CRUSHER-143,crusher,3115.3,92.65,7.8,165.27,674.46,96.59,72,0,high,night,0
EQ-CRUSHER-098,crusher,5670.4,94.98,8.28,190.16,433.28,86.86,30,0,high,day,1
EQ-BALL-MILL-139,ball_mill,1376.7,90.97,6.67,178.55,583.23,77.43,25,1,low,night,0
EQ-CRUSHER-140,crusher,5935.5,86.32,5.17,194.43,591.67,80.32,44,2,medium,night,1
EQ-CRUSHER-018,crusher,3806.4,78.14,7.8,223.14,547.63,79.19,96,2,medium,day,1
EQ-BALL-MILL-145,ball_mill,5243.6,92.14,4.06,141.77,606.75,64.03,43,2,medium,night,0
EQ-CRUSHER-123,crusher,7255.3,83.17,9.81,140.9,625.55,88.76,45,1,low,day,0
EQ-HAUL-TRUCK-065,haul_truck,4684.2,89.12,4.79,148.7,443.03,70.6,30,0,low,night,0
EQ-HAUL-TRUCK-091,haul_truck,5891.2,81.56,4.55,178.21,329.71,79.36,17,3,medium,night,1
EQ-HAUL-TRUCK-093,haul_truck,1820.7,78.84,4.76,163.75,437.65,83.3,26,0,low,day,0
EQ-HAUL-TRUCK-118,haul_truck,1931.9,83.4,3.5,172.24,521.09,93.48,30,1,medium,day,0
EQ-CRUSHER-121,crusher,3338.2,93.12,9.2,209.65,565.51,82.42,26,1,high,day,1
EQ-DRILL-RIG-016,drill_rig,2850.3,76.16,6.26,215.82,415.91,86.12,32,1,medium,day,0
EQ-CONVEYOR-BELT-001,conveyor_belt,4860.8,54.66,3.83,85.17,142.02,66.5,46,1,medium,night,0
EQ-HAUL-TRUCK-037,haul_truck,4858.1,82.6,3.88,135.23,489.78,78.99,21,1,medium,day,0
EQ-CONVEYOR-BELT-080,conveyor_belt,6526.5,68.55,6.76,103.61,237.92,77.63,60,5,medium,day,0
EQ-HAUL-TRUCK-128,haul_truck,3793.2,95.86,4.61,154.48,412.79,71.32,44,1,high,day,0
EQ-BALL-MILL-098,ball_mill,1822.0,80.87,6.32,161.67,627.77,83.64,35,3,high,night,1
EQ-HAUL-TRUCK-021,haul_truck,6559.0,89.12,2.72,183.18,331.33,76.35,29,0,medium,night,0
EQ-CONVEYOR-BELT-108,conveyor_belt,6415.5,59.31,4.61,76.11,256.76,71.81,16,3,medium,day,0
EQ-EXCAVATOR-071,excavator,3359.2,64.26,7.39,204.94,481.82,89.26,46,0,low,day,0
EQ-CONVEYOR-BELT-056,conveyor_belt,6501.2,67.36,2.32,81.41,260.16,83.81,125,0,high,day,0
EQ-CRUSHER-116,crusher,1717.9,93.91,6.7,177.23,539.58,80.39,74,1,medium,day,0
EQ-DRILL-RIG-045,drill_rig,3477.7,74.65,5.29,254.69,457.91,74.68,50,0,medium,day,0
EQ-EXCAVATOR-093,excavator,2255.2,89.61,6.75,209.71,380.77,86.65,80,1,medium,night,1
EQ-BALL-MILL-028,ball_mill,5824.0,78.67,8.05,188.31,581.72,75.01,22,0,low,night,0
EQ-CRUSHER-058,crusher,2876.3,98.7,8.47,228.65,698.49,102.7,19,2,medium,day,0
EQ-DRILL-RIG-084,drill_rig,6156.9,89.42,5.71,249.46,432.03,86.03,33,1,high,night,0
EQ-DRILL-RIG-094,drill_rig,2160.7,71.54,5.21,235.71,496.01,89.5,34,0,low,night,0
EQ-BALL-MILL-138,ball_mill,9161.2,79.06,7.47,189.81,544.01,72.29,69,1,low,day,0
EQ-EXCAVATOR-044,excavator,3325.7,74.05,6.77,220.36,441.02,65.51,58,1,low,day,1
EQ-EXCAVATOR-135,excavator,3160.4,81.37,2.36,198.42,343.37,70.43,6,1,low,night,0
EQ-EXCAVATOR-123,excavator,5629.0,73.56,5.91,207.56,368.14,76.0,59,0,high,day,0
EQ-EXCAVATOR-054,excavator,4679.2,76.93,3.6,199.9,339.16,63.05,29,2,medium,night,0
EQ-CONVEYOR-BELT-022,conveyor_belt,3342.5,72.8,4.17,87.05,141.0,67.22,42,1,high,night,0
EQ-BALL-MILL-039,ball_mill,3110.5,88.32,6.22,185.72,577.4,79.73,31,2,high,night,1
EQ-BALL-MILL-099,ball_mill,7872.9,83.31,6.57,190.52,578.72,89.91,21,3,medium,day,1
EQ-CRUSHER-119,crusher,3690.9,100.99,7.09,221.76,569.92,91.18,41,1,medium,day,1
EQ-CONVEYOR-BELT-092,conveyor_belt,3760.0,66.59,3.02,127.68,319.21,79.39,20,0,medium,night,0
EQ-DRILL-RIG-109,drill_rig,2164.3,84.92,6.36,206.77,345.53,62.09,29,1,medium,day,0
EQ-BALL-MILL-016,ball_mill,7093.0,86.55,7.76,189.41,550.6,86.65,17,1,medium,day,1
EQ-HAUL-TRUCK-076,haul_truck,2491.4,93.9,2.01,131.96,497.03,83.13,13,0,medium,night,0
EQ-CRUSHER-132,crusher,2365.4,79.46,6.49,225.74,630.37,74.25,121,0,medium,day,0
EQ-DRILL-RIG-059,drill_rig,5956.5,89.43,5.61,219.49,499.73,79.78,23,2,medium,night,0
EQ-EXCAVATOR-135,excavator,720.3,69.4,5.63,199.6,394.98,79.67,29,0,low,night,0
EQ-CRUSHER-019,crusher,4223.2,84.3,8.21,176.61,618.62,101.11,73,0,medium,night,1
EQ-BALL-MILL-147,ball_mill,3153.2,86.98,6.19,193.27,528.49,85.99,36,1,medium,day,0
EQ-BALL-MILL-118,ball_mill,3529.8,87.17,4.68,164.93,623.05,89.27,17,3,medium,night,1
EQ-BALL-MILL-094,ball_mill,2531.7,99.12,6.16,164.83,668.22,86.35,17,1,medium,night,1
EQ-DRILL-RIG-093,drill_rig,2852.8,93.2,6.73,235.18,365.48,59.21,16,2,high,day,0
EQ-EXCAVATOR-141,excavator,1431.3,86.97,6.61,201.65,254.12,56.49,96,1,high,night,0
EQ-EXCAVATOR-057,excavator,5631.3,83.39,3.66,215.63,357.69,68.28,5,1,medium,day,0
EQ-CRUSHER-025,crusher,3352.4,86.7,7.17,157.76,468.38,75.97,14,0,medium,day,0
EQ-CONVEYOR-BELT-138,conveyor_belt,6162.1,62.11,4.05,48.87,150.49,69.69,24,0,low,night,0
EQ-CRUSHER-016,crusher,9722.1,90.2,4.87,185.88,566.14,82.72,24,0,low,day,1
EQ-CONVEYOR-BELT-099,conveyor_belt,2198.7,60.1,1.91,63.92,179.81,76.26,22,1,medium,day,0
EQ-CRUSHER-040,crusher,5114.6,93.9,8.97,166.34,632.21,84.31,47,0,high,night,1
EQ-CONVEYOR-BELT-140,conveyor_belt,2335.6,74.65,4.02,125.26,285.21,72.52,39,1,high,day,0
EQ-EXCAVATOR-147,excavator,2681.7,83.13,5.53,202.28,325.82,70.18,19,1,low,night,0
EQ-EXCAVATOR-072,excavator,3677.2,75.36,4.59,202.82,374.88,79.03,23,3,high,day,1
EQ-HAUL-TRUCK-080,haul_truck,8991.0,88.05,2.5,197.19,367.78,67.77,143,1,medium,night,0
EQ-HAUL-TRUCK-069,haul_truck,3228.6,86.61,6.45,162.5,372.45,69.9,40,5,high,night,0
EQ-DRILL-RIG-064,drill_rig,3626.5,82.51,6.79,236.61,467.23,88.36,2,1,medium,day,0
EQ-CRUSHER-141,crusher,4228.7,96.41,8.39,184.31,511.11,93.39,17,1,medium,night,1
EQ-EXCAVATOR-044,excavator,3591.4,78.71,6.92,231.69,376.44,87.84,22,2,medium,day,0
EQ-DRILL-RIG-144,drill_rig,2194.4,87.87,6.58,247.74,464.37,101.52,119,0,low,day,0
EQ-CONVEYOR-BELT-098,conveyor_belt,6398.9,69.38,2.52,91.65,208.82,69.27,23,4,medium,day,0
EQ-HAUL-TRUCK-145,haul_truck,3066.0,82.22,7.65,174.25,497.11,79.38,24,1,medium,day,0
EQ-EXCAVATOR-092,excavator,1802.3,72.46,5.37,210.78,250.25,62.41,7,2,high,day,0
EQ-HAUL-TRUCK-123,haul_truck,4405.7,73.36,4.92,118.1,398.92,55.36,34,3,medium,night,0
EQ-CONVEYOR-BELT-074,conveyor_belt,6584.8,76.56,0.26,66.26,167.93,61.9,55,0,high,night,0
EQ-EXCAVATOR-070,excavator,2517.3,78.36,4.8,229.1,344.32,72.36,32,1,low,night,1
EQ-HAUL-TRUCK-039,haul_truck,3374.1,100.84,4.67,175.89,483.94,76.47,23,2,high,night,0
EQ-HAUL-TRUCK-032,haul_truck,3745.9,85.12,6.46,140.88,351.08,72.97,28,2,high,day,0
EQ-CONVEYOR-BELT-006,conveyor_belt,2948.6,56.22,3.41,101.6,204.81,79.34,53,1,medium,day,0
EQ-HAUL-TRUCK-058,haul_truck,3810.1,70.58,3.52,161.64,446.04,84.4,26,1,medium,day,0
EQ-DRILL-RIG-149,drill_rig,7746.9,78.2,6.92,203.66,468.96,78.62,27,1,low,night,0
EQ-HAUL-TRUCK-141,haul_truck,3847.8,75.33,5.19,133.67,325.69,68.16,44,0,low,night,0
EQ-CONVEYOR-BELT-104,conveyor_belt,4842.7,57.45,1.91,88.11,56.54,58.5,20,2,low,day,0
EQ-CRUSHER-055,crusher,3164.0,92.47,9.01,156.79,576.24,93.27,15,1,medium,day,0
EQ-CRUSHER-079,crusher,4352.8,97.91,8.24,176.71,374.9,71.65,8,1,high,day,0
EQ-HAUL-TRUCK-114,haul_truck,4610.5,71.52,5.29,182.11,483.33,73.05,29,3,low,night,0
EQ-DRILL-RIG-001,drill_rig,5472.1,83.74,6.25,233.44,491.19,72.05,19,0,high,day,0
EQ-BALL-MILL-139,ball_mill,3013.6,99.05,7.77,132.39,628.41,91.74,59,3,high,night,1
EQ-HAUL-TRUCK-131,haul_truck,3444.0,77.96,4.58,136.78,481.12,77.48,27,1,medium,day,0
EQ-HAUL-TRUCK-146,haul_truck,5731.6,89.9,2.2,170.4,367.58,70.06,55,0,high,day,0
EQ-BALL-MILL-015,ball_mill,3148.1,88.33,5.3,164.9,554.15,93.9,48,3,high,day,1
EQ-CRUSHER-143,crusher,2190.3,79.26,9.35,216.85,506.6,90.94,7,0,low,night,0
EQ-HAUL-TRUCK-093,haul_truck,2955.1,73.06,6.3,167.99,400.7,66.89,12,2,high,night,0
EQ-HAUL-TRUCK-084,haul_truck,5645.6,92.24,4.01,165.99,455.16,70.56,101,0,medium,day,0
EQ-CONVEYOR-BELT-027,conveyor_belt,6037.8,59.3,1.74,77.01,92.71,77.05,20,0,low,day,0
EQ-CONVEYOR-BELT-074,conveyor_belt,5182.3,64.41,1.27,69.29,225.4,76.76,41,0,low,day,0
EQ-CONVEYOR-BELT-055,conveyor_belt,6493.4,75.75,2.83,81.74,216.06,94.26,29,0,medium,day,0
EQ-BALL-MILL-149,ball_mill,7466.5,98.99,8.55,134.25,554.88,91.79,7,2,high,day,1
EQ-CRUSHER-051,crusher,9428.1,90.7,8.2,190.94,453.85,76.44,17,0,medium,day,0
EQ-EXCAVATOR-033,excavator,5310.0,84.9,5.04,175.48,431.26,80.19,14,1,medium,night,0
EQ-CRUSHER-142,crusher,3587.8,92.79,6.15,162.2,482.75,87.25,52,1,medium,night,0
EQ-EXCAVATOR-029,excavator,1864.8,79.74,5.65,245.78,356.28,72.92,16,2,high,night,0
EQ-EXCAVATOR-136,excavator,2112.6,76.41,7.65,216.66,332.88,71.64,44,3,low,night,0
EQ-HAUL-TRUCK-145,haul_truck,2599.4,80.1,3.53,156.06,332.93,54.39,11,2,medium,night,0
EQ-EXCAVATOR-047,excavator,6143.7,72.79,5.8,207.02,270.69,82.67,3,0,medium,night,0
EQ-CONVEYOR-BELT-104,conveyor_belt,2690.7,62.4,2.82,40.93,153.24,79.33,34,1,low,day,0
EQ-HAUL-TRUCK-120,haul_truck,2678.7,84.49,2.63,172.13,318.74,66.8,43,3,high,day,0
EQ-CRUSHER-081,crusher,2817.0,94.44,5.82,198.38,582.67,70.59,24,0,high,day,0
EQ-CONVEYOR-BELT-105,conveyor_belt,3802.3,62.49,3.05,77.63,163.71,49.43,33,2,medium,night,0
EQ-CONVEYOR-BELT-020,conveyor_belt,4406.9,65.75,2.08,112.43,92.83,59.48,9,3,medium,day,0
EQ-DRILL-RIG-078,drill_rig,4400.5,89.96,3.46,263.1,390.36,76.63,25,2,high,day,0
EQ-DRILL-RIG-077,drill_rig,2860.1,81.18,6.62,233.98,345.09,70.43,59,4,low,night,0
EQ-CONVEYOR-BELT-085,conveyor_belt,5962.8,53.95,1.96,104.24,180.85,69.76,103,2,low,night,0
EQ-HAUL-TRUCK-142,haul_truck,3670.4,83.98,5.89,158.75,448.22,84.43,30,1,medium,night,0
EQ-CRUSHER-124,crusher,5584.8,91.23,7.18,171.44,534.27,92.34,40,2,medium,night,1
EQ-CONVEYOR-BELT-091,conveyor_belt,3915.5,50.71,2.41,80.33,133.84,65.49,61,2,medium,night,0
EQ-EXCAVATOR-061,excavator,2810.9,73.65,5.6,226.44,302.13,53.24,35,3,medium,night,0
EQ-HAUL-TRUCK-061,haul_truck,3208.0,75.31,5.15,154.18,443.33,60.81,42,0,medium,day,0
EQ-EXCAVATOR-004,excavator,2530.0,71.76,6.58,245.19,379.67,71.31,83,0,low,night,0
EQ-CRUSHER-083,crusher,1764.2,100.86,6.26,211.42,495.95,75.07,40,0,low,night,0
EQ-CRUSHER-038,crusher,4131.3,88.11,4.53,206.76,512.89,90.56,24,2,low,day,0
EQ-HAUL-TRUCK-133,haul_truck,2343.4,89.51,5.48,176.28,356.64,65.8,82,3,medium,night,1
EQ-DRILL-RIG-117,drill_rig,1988.2,80.59,5.23,249.99,270.02,62.73,38,3,high,night,0
EQ-BALL-MILL-137,ball_mill,5458.7,110.47,5.85,148.47,610.29,74.25,11,2,high,night,1
EQ-HAUL-TRUCK-150,haul_truck,6684.1,74.64,4.24,205.15,503.65,74.62,27,0,medium,night,0
EQ-BALL-MILL-061,ball_mill,2684.4,89.17,10.0,204.07,568.94,91.04,111,1,medium,day,1
EQ-HAUL-TRUCK-065,haul_truck,13596.5,93.78,4.65,159.39,474.74,85.49,64,0,medium,day,1
EQ-BALL-MILL-092,ball_mill,5384.6,81.34,6.3,146.84,569.39,77.09,21,0,medium,day,1
EQ-BALL-MILL-065,ball_mill,4113.2,89.3,8.58,177.67,545.11,71.41,69,3,high,night,1
EQ-HAUL-TRUCK-042,haul_truck,1428.2,77.07,3.71,130.76,478.25,63.74,26,2,medium,night,0
EQ-DRILL-RIG-107,drill_rig,4806.1,77.7,4.37,208.85,354.76,51.63,17,1,high,night,0
EQ-BALL-MILL-068,ball_mill,2200.5,92.4,6.91,130.36,493.13,75.01,60,3,low,night,1
EQ-BALL-MILL-142,ball_mill,2374.5,84.41,4.76,202.54,592.52,72.09,12,0,medium,night,0
EQ-BALL-MILL-033,ball_mill,5035.8,82.72,7.5,201.83,576.08,91.43,17,1,medium,day,0
EQ-CONVEYOR-BELT-067,conveyor_belt,8622.2,58.7,3.32,59.6,233.4,73.92,35,1,high,day,0
EQ-HAUL-TRUCK-080,haul_truck,4199.1,82.74,5.14,153.98,363.34,70.44,39,0,medium,day,0
EQ-DRILL-RIG-137,drill_rig,5932.3,90.89,4.34,246.21,384.68,66.83,54,2,high,night,0
EQ-CONVEYOR-BELT-087,conveyor_belt,8547.1,64.08,2.77,77.9,134.67,56.21,14,1,high,day,0
EQ-CONVEYOR-BELT-011,conveyor_belt,1751.7,68.5,2.95,38.25,194.04,50.31,35,3,medium,night,0
EQ-CRUSHER-051,crusher,5072.0,83.47,6.18,199.9,575.6,83.07,4,3,medium,night,1
EQ-CONVEYOR-BELT-133,conveyor_belt,6788.2,71.81,1.53,98.77,135.01,59.56,5,0,medium,day,0
EQ-HAUL-TRUCK-041,haul_truck,6303.4,79.7,5.19,174.05,412.31,92.65,18,3,medium,night,0
EQ-CONVEYOR-BELT-052,conveyor_belt,6559.7,74.78,1.73,101.05,176.38,93.6,54,1,medium,night,0
EQ-HAUL-TRUCK-023,haul_truck,3017.4,92.15,4.52,152.22,403.48,79.49,45,1,medium,night,0
EQ-CONVEYOR-BELT-108,conveyor_belt,4478.8,70.31,4.15,106.46,207.14,81.94,26,1,medium,day,0
EQ-DRILL-RIG-021,drill_rig,6823.5,80.02,4.94,227.01,475.24,72.12,6,1,low,day,0
EQ-CRUSHER-056,crusher,4987.6,79.98,9.39,223.75,653.89,93.59,39,0,low,day,1
EQ-CRUSHER-107,crusher,2062.7,87.64,6.16,181.07,577.73,85.28,163,3,medium,night,1
EQ-EXCAVATOR-135,excavator,2268.4,77.46,5.04,191.05,437.91,74.35,31,3,high,night,0
EQ-BALL-MILL-034,ball_mill,6391.1,91.32,5.14,135.18,508.9,84.79,12,1,high,night,0
EQ-CONVEYOR-BELT-050,conveyor_belt,915.4,59.35,3.55,112.18,223.47,63.82,30,1,high,night,0
EQ-EXCAVATOR-018,excavator,5132.2,84.7,3.88,166.5,195.66,73.42,8,2,medium,day,0
EQ-HAUL-TRUCK-066,haul_truck,5587.1,74.54,3.33,128.37,532.18,85.09,20,1,low,night,0
EQ-HAUL-TRUCK-150,haul_truck,4709.7,92.83,4.27,165.61,415.53,65.99,51,2,medium,day,0
EQ-CRUSHER-046,crusher,5601.1,84.95,8.04,228.86,591.88,87.38,78,4,high,day,1
EQ-BALL-MILL-039,ball_mill,5577.7,96.12,5.09,194.79,616.57,93.81,25,0,medium,night,1
EQ-CONVEYOR-BELT-060,conveyor_belt,1085.9,63.98,0.45,107.13,126.83,71.95,10,4,medium,night,0
EQ-HAUL-TRUCK-135,haul_truck,1488.4,99.54,2.73,155.6,410.68,70.61,54,2,medium,night,0
EQ-DRILL-RIG-083,drill_rig,2701.9,80.58,6.9,187.33,413.26,69.79,37,2,low,night,0
EQ-EXCAVATOR-092,excavator,4701.1,72.97,5.27,214.8,421.01,65.07,29,0,medium,day,0
EQ-DRILL-RIG-118,drill_rig,4471.5,82.75,3.38,287.14,293.96,75.58,33,0,low,day,0
EQ-EXCAVATOR-108,excavator,2297.6,77.83,6.72,175.31,421.36,83.49,26,1,medium,day,0
EQ-CONVEYOR-BELT-090,conveyor_belt,6990.3,78.42,3.17,91.01,97.99,59.09,31,3,high,night,0
EQ-BALL-MILL-085,ball_mill,9628.6,89.73,8.33,153.98,610.74,93.86,36,3,low,day,1
EQ-EXCAVATOR-080,excavator,5576.9,81.68,5.22,187.65,366.03,76.92,38,1,low,day,1
EQ-CONVEYOR-BELT-028,conveyor_belt,4432.0,57.18,3.02,78.37,152.6,79.32,33,1,high,day,0
EQ-BALL-MILL-063,ball_mill,4736.7,102.05,7.5,145.51,672.97,80.59,16,1,high,night,1
EQ-HAUL-TRUCK-128,haul_truck,2830.4,74.78,4.25,146.19,535.11,88.93,100,2,medium,night,1
EQ-HAUL-TRUCK-006,haul_truck,2009.4,69.77,3.85,166.1,377.36,81.6,30,0,medium,day,0
EQ-CONVEYOR-BELT-125,conveyor_belt,6005.4,64.06,1.16,77.21,247.78,58.41,6,0,medium,day,0
EQ-EXCAVATOR-085,excavator,5552.2,81.63,3.15,255.24,248.75,37.14,27,1,medium,night,0
EQ-HAUL-TRUCK-053,haul_truck,6036.1,85.6,4.72,179.79,464.34,84.21,28,0,high,night,0
EQ-CRUSHER-018,crusher,4623.4,100.17,6.33,196.25,585.3,76.67,17,1,low,day,0
EQ-DRILL-RIG-115,drill_rig,1934.5,76.81,7.01,238.8,373.18,76.36,13,2,high,day,1
EQ-EXCAVATOR-001,excavator,1865.8,97.55,6.34,185.62,432.21,80.45,36,0,medium,night,0
EQ-EXCAVATOR-082,excavator,2333.1,84.24,7.72,180.73,371.55,72.09,35,0,medium,night,0
EQ-DRILL-RIG-025,drill_rig,7442.0,81.8,4.11,261.97,365.3,67.01,12,0,low,day,0
EQ-CRUSHER-137,crusher,1783.0,104.89,7.7,202.91,554.86,85.62,36,3,high,night,0
EQ-DRILL-RIG-028,drill_rig,3629.7,81.97,6.16,248.79,397.71,75.22,42,0,medium,night,0
EQ-CRUSHER-121,crusher,2981.1,86.07,6.77,137.81,405.06,64.05,10,1,medium,day,0
EQ-BALL-MILL-087,ball_mill,1900.2,78.78,6.2,161.1,597.34,89.51,26,0,medium,day,1
EQ-CONVEYOR-BELT-007,conveyor_belt,4887.1,65.66,5.49,87.74,132.47,65.69,99,1,medium,night,0
EQ-HAUL-TRUCK-109,haul_truck,7554.0,82.04,5.44,150.89,447.0,85.41,49,0,low,day,0
EQ-BALL-MILL-132,ball_mill,3785.2,82.79,6.54,167.29,436.55,66.5,49,2,low,day,0
EQ-CRUSHER-034,crusher,1620.3,94.46,6.72,182.17,623.56,92.84,50,0,medium,night,0
EQ-HAUL-TRUCK-146,haul_truck,3332.5,81.45,4.88,177.89,544.64,87.15,68,0,medium,day,1
EQ-HAUL-TRUCK-120,haul_truck,2893.6,82.57,4.02,162.39,479.55,73.51,18,0,medium,night,0
EQ-CONVEYOR-BELT-112,conveyor_belt,3343.4,69.58,0.65,105.87,227.78,61.61,7,1,medium,day,0
EQ-HAUL-TRUCK-051,haul_truck,3523.1,87.86,4.34,137.9,384.25,65.79,25,0,medium,day,0
EQ-EXCAVATOR-018,excavator,8135.4,73.76,5.53,225.45,305.38,83.47,21,0,low,day,1
EQ-HAUL-TRUCK-065,haul_truck,4753.1,87.04,5.01,117.41,514.21,70.1,23,1,medium,night,0
EQ-CRUSHER-122,crusher,4726.4,89.21,8.61,179.72,574.86,107.38,52,1,medium,night,1
EQ-CRUSHER-088,crusher,2864.7,89.86,6.95,160.38,444.17,85.78,18,0,medium,night,0
EQ-CRUSHER-098,crusher,5911.8,85.31,6.18,164.66,592.68,94.73,102,2,medium,day,0
EQ-EXCAVATOR-118,excavator,6257.5,72.48,4.41,226.49,446.69,88.49,5,0,high,night,1
EQ-HAUL-TRUCK-051,haul_truck,5189.4,74.87,5.45,165.05,436.8,73.17,72,2,high,day,1
EQ-CONVEYOR-BELT-006,conveyor_belt,4967.9,48.8,4.36,68.28,163.33,67.35,8,1,high,night,0
EQ-EXCAVATOR-133,excavator,1858.7,86.3,6.76,240.31,389.09,74.68,50,1,medium,day,0
EQ-CONVEYOR-BELT-093,conveyor_belt,4653.7,69.73,1.86,94.91,156.71,73.16,48,0,medium,night,0
EQ-HAUL-TRUCK-085,haul_truck,7232.5,80.97,6.37,158.76,416.31,52.97,26,1,high,day,1
EQ-HAUL-TRUCK-086,haul_truck,4760.0,95.38,8.36,144.3,469.35,83.04,54,4,high,day,1
EQ-EXCAVATOR-128,excavator,5542.1,79.31,6.42,177.72,428.72,65.44,16,3,high,night,0
EQ-CRUSHER-116,crusher,3350.2,96.98,7.34,211.95,635.44,75.33,14,0,high,day,0
EQ-CRUSHER-101,crusher,2752.7,91.75,9.85,199.62,627.14,91.69,51,1,high,day,1
EQ-DRILL-RIG-118,drill_rig,2199.2,75.0,8.78,203.97,434.28,76.21,21,1,medium,night,0
EQ-EXCAVATOR-044,excavator,6687.5,70.44,6.27,202.82,410.6,83.88,94,0,low,day,1
EQ-CRUSHER-107,crusher,3690.7,88.75,6.69,200.65,466.52,88.46,51,0,medium,night,0
EQ-CONVEYOR-BELT-147,conveyor_belt,6286.9,56.98,1.48,66.96,218.71,69.77,40,1,medium,night,0
EQ-HAUL-TRUCK-036,haul_truck,3150.4,88.72,7.15,146.96,550.63,87.44,23,1,high,night,0
EQ-CRUSHER-086,crusher,6482.3,87.09,7.62,231.5,548.82,90.67,12,1,medium,day,1
EQ-EXCAVATOR-103,excavator,4057.2,72.96,5.9,224.49,496.07,90.18,64,2,medium,night,0
EQ-CRUSHER-078,crusher,3335.1,101.97,8.77,196.67,514.42,88.89,63,1,high,night,1
EQ-HAUL-TRUCK-146,haul_truck,3348.7,82.83,4.95,134.28,306.03,78.97,18,2,medium,day,0
EQ-DRILL-RIG-061,drill_rig,5809.4,77.06,6.64,219.75,367.35,72.67,10,1,low,night,0
EQ-BALL-MILL-033,ball_mill,4754.4,83.47,6.38,200.35,638.75,72.48,34,0,medium,night,0
EQ-HAUL-TRUCK-021,haul_truck,5826.6,74.25,3.5,165.86,450.53,70.44,32,1,medium,day,0
EQ-CONVEYOR-BELT-128,conveyor_belt,7185.5,68.07,3.43,99.43,199.66,80.9,57,0,low,day,0
EQ-DRILL-RIG-103,drill_rig,3561.4,91.67,5.58,231.01,464.84,83.58,26,1,medium,night,0
EQ-EXCAVATOR-087,excavator,5232.8,73.1,5.6,200.22,459.5,77.56,87,0,high,day,0
EQ-DRILL-RIG-065,drill_rig,3796.1,78.43,4.31,296.63,541.81,104.51,45,2,medium,night,0
EQ-CONVEYOR-BELT-062,conveyor_belt,3220.8,55.18,1.46,73.8,217.25,59.03,96,0,medium,day,0
EQ-BALL-MILL-141,ball_mill,4785.9,81.99,5.84,163.66,584.07,65.95,10,1,medium,day,0
EQ-BALL-MILL-103,ball_mill,819.9,88.4,5.99,181.27,523.88,71.98,36,1,medium,night,0
EQ-HAUL-TRUCK-145,haul_truck,1850.5,89.87,4.44,136.82,563.35,78.85,82,1,medium,night,1
EQ-CRUSHER-121,crusher,6110.3,83.92,7.67,216.11,470.27,84.32,11,0,medium,day,0
EQ-CRUSHER-116,crusher,4533.1,87.26,5.53,192.11,527.5,81.57,60,0,medium,night,1
EQ-HAUL-TRUCK-084,haul_truck,2815.1,86.12,4.88,153.97,327.58,59.05,7,1,high,day,1
EQ-EXCAVATOR-037,excavator,4582.8,76.35,7.44,240.04,343.92,73.38,12,1,medium,day,0
EQ-BALL-MILL-099,ball_mill,1567.3,90.88,6.63,174.82,697.12,73.4,10,0,medium,day,1
EQ-HAUL-TRUCK-108,haul_truck,2162.8,86.12,3.99,149.53,341.25,58.04,13,1,high,day,0
EQ-CRUSHER-079,crusher,2169.3,84.79,5.82,171.99,519.24,78.59,55,4,low,night,0
EQ-DRILL-RIG-004,drill_rig,2051.4,85.73,6.74,237.45,372.16,84.99,26,0,high,day,0
EQ-EXCAVATOR-145,excavator,3609.0,74.33,6.49,199.7,468.01,84.36,30,3,medium,day,1
EQ-CRUSHER-124,crusher,4572.5,93.09,5.29,185.7,512.45,101.27,16,1,low,day,0
EQ-BALL-MILL-053,ball_mill,11299.0,83.43,6.51,155.17,549.11,76.2,32,0,low,night,0
EQ-CRUSHER-075,crusher,6542.7,100.93,7.36,200.42,521.37,86.04,80,3,low,night,1
EQ-HAUL-TRUCK-019,haul_truck,1347.8,93.09,4.81,126.97,488.55,96.43,11,0,high,day,1
EQ-HAUL-TRUCK-141,haul_truck,8235.4,75.88,5.44,173.42,458.45,55.29,180,0,medium,day,1
EQ-BALL-MILL-035,ball_mill,2833.4,96.98,6.51,146.95,654.89,76.94,28,0,high,night,1
EQ-EXCAVATOR-057,excavator,5051.5,82.32,5.03,203.15,298.52,64.56,15,0,high,day,0
EQ-CRUSHER-065,crusher,3659.3,86.64,5.69,150.81,519.85,81.58,10,0,medium,night,0
EQ-HAUL-TRUCK-040,haul_truck,8483.8,95.97,4.82,156.22,473.88,86.78,42,0,high,night,0
EQ-CRUSHER-096,crusher,6285.6,104.62,6.83,191.0,516.33,98.4,38,1,high,night,0
EQ-BALL-MILL-150,ball_mill,7909.9,78.58,7.17,190.11,579.28,74.18,12,0,medium,day,1
EQ-CRUSHER-129,crusher,5181.9,101.1,8.12,196.18,455.07,91.18,70,2,high,day,1
EQ-BALL-MILL-080,ball_mill,3142.9,97.38,8.44,222.44,642.32,70.0,47,2,high,day,1
EQ-EXCAVATOR-020,excavator,5537.6,93.46,5.87,202.3,283.59,75.09,68,1,medium,day,1
EQ-CRUSHER-130,crusher,7187.2,80.95,7.49,169.53,510.65,91.56,75,2,low,day,1
EQ-DRILL-RIG-039,drill_rig,2608.1,88.25,5.03,203.29,535.82,73.77,10,0,medium,night,0
EQ-CRUSHER-137,crusher,4879.1,94.53,5.28,155.86,456.16,87.25,74,3,high,day,1
EQ-EXCAVATOR-060,excavator,5959.4,78.42,4.96,235.52,332.87,69.11,52,2,medium,day,0
EQ-DRILL-RIG-078,drill_rig,3002.4,80.44,4.99,208.86,425.4,65.7,46,1,high,day,0
EQ-CRUSHER-066,crusher,3359.4,85.21,7.71,197.21,593.86,101.52,27,2,high,day,0
EQ-CRUSHER-069,crusher,3812.1,87.06,7.41,187.76,529.47,79.57,72,1,low,night,0
EQ-BALL-MILL-025,ball_mill,4902.0,86.74,9.05,162.64,568.46,92.66,79,1,high,day,1
EQ-HAUL-TRUCK-083,haul_truck,4060.1,86.87,5.66,212.43,456.44,92.96,44,2,medium,night,0
EQ-EXCAVATOR-061,excavator,4258.8,91.7,5.11,218.39,464.91,80.28,46,1,medium,night,0
EQ-HAUL-TRUCK-128,haul_truck,8911.2,91.36,4.62,141.03,435.04,77.42,119,0,medium,day,0
EQ-CRUSHER-072,crusher,3985.6,81.42,9.54,211.53,595.32,77.66,2,2,medium,night,0
EQ-HAUL-TRUCK-145,haul_truck,7637.5,81.27,2.11,199.34,414.45,76.87,85,0,medium,day,0
EQ-CONVEYOR-BELT-045,conveyor_belt,10752.6,64.77,4.35,130.98,82.76,42.6,34,2,medium,day,0
EQ-HAUL-TRUCK-050,haul_truck,2727.2,91.74,2.16,161.21,414.58,79.53,90,2,low,night,0
EQ-CONVEYOR-BELT-006,conveyor_belt,6365.4,51.76,4.73,82.23,196.88,71.88,16,3,medium,night,0
EQ-EXCAVATOR-111,excavator,3244.7,75.73,4.92,201.7,386.37,71.72,43,3,medium,day,0
EQ-EXCAVATOR-012,excavator,6232.3,79.39,6.24,192.18,374.96,72.1,42,1,high,day,0
EQ-EXCAVATOR-043,excavator,3190.0,59.78,5.11,212.63,430.52,80.25,49,3,low,day,0
EQ-CONVEYOR-BELT-137,conveyor_belt,1262.9,54.76,2.94,94.04,155.63,87.84,28,1,low,day,0
EQ-CRUSHER-092,crusher,5797.8,88.45,7.64,188.9,392.22,74.39,22,0,medium,night,0
EQ-EXCAVATOR-084,excavator,4320.5,86.51,5.5,218.25,344.98,89.21,49,1,medium,day,0
EQ-DRILL-RIG-121,drill_rig,7319.3,97.28,9.71,261.65,438.71,103.99,54,3,medium,night,1
EQ-CONVEYOR-BELT-116,conveyor_belt,3167.1,71.82,3.29,61.23,71.24,58.8,31,0,high,night,0
EQ-HAUL-TRUCK-133,haul_truck,3965.9,61.49,5.04,149.56,311.53,53.95,48,2,low,day,0
EQ-BALL-MILL-100,ball_mill,3087.6,97.49,8.0,148.55,569.73,80.22,100,1,medium,night,1
EQ-EXCAVATOR-068,excavator,2127.3,76.43,5.71,215.19,363.43,81.05,36,3,high,night,0
EQ-HAUL-TRUCK-020,haul_truck,4813.8,73.62,4.69,138.3,538.34,70.68,4,2,medium,day,0
EQ-CRUSHER-056,crusher,3975.5,89.56,8.92,137.37,616.94,86.35,44,1,medium,night,1
EQ-HAUL-TRUCK-106,haul_truck,1532.3,81.29,5.41,130.67,478.66,93.27,12,3,high,night,0
EQ-EXCAVATOR-039,excavator,7436.3,84.92,6.54,210.19,398.71,83.01,41,2,medium,night,0
EQ-CONVEYOR-BELT-101,conveyor_belt,4217.7,57.24,4.23,100.62,162.4,76.36,63,2,low,day,0
EQ-HAUL-TRUCK-021,haul_truck,3043.1,77.45,5.35,145.85,383.1,78.93,30,1,low,night,0
EQ-DRILL-RIG-010,drill_rig,5835.4,91.9,6.19,221.6,376.36,82.81,58,2,high,night,0
EQ-BALL-MILL-055,ball_mill,6628.7,100.49,7.9,167.04,577.0,87.96,59,0,high,night,1
EQ-CONVEYOR-BELT-035,conveyor_belt,2244.1,66.18,1.43,112.0,156.32,64.98,75,2,low,day,0
EQ-CONVEYOR-BELT-131,conveyor_belt,2063.7,66.11,4.95,70.85,140.1,61.31,111,2,medium,day,0
EQ-CONVEYOR-BELT-057,conveyor_belt,3361.3,64.37,2.08,87.39,88.97,61.3,90,0,medium,night,0
EQ-BALL-MILL-063,ball_mill,4964.4,78.03,6.19,193.76,500.7,73.88,3,3,low,day,0
EQ-EXCAVATOR-061,excavator,8045.3,63.68,7.25,216.47,405.42,85.54,21,1,high,day,0
EQ-HAUL-TRUCK-048,haul_truck,886.5,92.46,5.21,143.74,494.24,75.89,15,1,medium,night,0
EQ-CRUSHER-138,crusher,9193.1,87.7,10.36,185.73,483.3,89.99,52,0,high,night,1
EQ-CRUSHER-111,crusher,4423.9,97.33,9.17,202.15,515.47,74.73,30,0,high,night,0
EQ-HAUL-TRUCK-024,haul_truck,7177.1,69.64,4.88,150.75,309.4,78.41,18,0,medium,day,0
EQ-CONVEYOR-BELT-033,conveyor_belt,6942.3,50.33,3.07,68.44,174.12,75.49,22,1,medium,night,0
EQ-HAUL-TRUCK-013,haul_truck,3978.0,89.51,6.59,143.88,348.84,69.9,24,1,medium,day,0
EQ-BALL-MILL-039,ball_mill,3324.3,88.73,5.44,159.82,503.41,70.46,58,3,medium,night,1
EQ-EXCAVATOR-099,excavator,5130.4,73.14,4.35,195.99,361.88,70.65,8,0,medium,day,0
EQ-HAUL-TRUCK-141,haul_truck,4478.1,86.13,4.99,179.65,424.05,64.03,18,2,high,day,0
EQ-HAUL-TRUCK-073,haul_truck,2957.2,76.87,5.46,136.12,455.02,87.91,2,1,medium,night,0
EQ-EXCAVATOR-013,excavator,3981.6,80.32,6.08,213.78,281.46,76.28,57,0,medium,night,0
EQ-EXCAVATOR-008,excavator,3487.7,76.45,6.09,206.74,324.88,72.82,71,1,medium,day,0
EQ-HAUL-TRUCK-063,haul_truck,4160.7,95.53,4.03,143.58,445.55,67.31,47,1,medium,day,1
EQ-EXCAVATOR-040,excavator,6622.3,73.55,5.53,186.98,354.76,74.12,52,1,medium,night,0
EQ-HAUL-TRUCK-087,haul_truck,3474.4,75.29,3.76,154.3,437.27,102.13,39,1,medium,night,0
EQ-EXCAVATOR-018,excavator,4693.6,79.31,2.8,210.84,296.09,70.04,47,0,medium,day,0
EQ-CRUSHER-035,crusher,3945.0,99.43,6.22,156.07,537.48,91.95,5,1,medium,night,0
EQ-EXCAVATOR-084,excavator,3922.7,83.15,5.21,210.56,302.15,72.23,45,1,medium,day,0
EQ-EXCAVATOR-043,excavator,3648.0,67.29,5.5,181.72,383.85,70.94,16,1,low,night,0
EQ-HAUL-TRUCK-055,haul_truck,5199.9,92.56,7.91,141.79,405.3,74.3,53,0,high,day,0
EQ-HAUL-TRUCK-034,haul_truck,1030.1,92.48,6.15,180.61,433.53,81.62,28,2,medium,day,0
EQ-HAUL-TRUCK-008,haul_truck,5239.8,74.66,5.61,139.53,429.51,96.02,84,0,high,night,1
EQ-DRILL-RIG-052,drill_rig,4550.0,75.76,4.83,214.95,448.46,75.52,40,1,low,day,0
EQ-BALL-MILL-050,ball_mill,4409.1,86.91,7.0,148.73,507.84,93.28,15,0,medium,night,1
EQ-BALL-MILL-135,ball_mill,5593.8,84.55,7.6,162.65,655.65,94.83,11,0,medium,day,1
EQ-CRUSHER-134,crusher,1634.7,93.6,7.4,149.83,472.85,87.78,17,2,medium,day,1
EQ-CRUSHER-065,crusher,6520.7,85.46,11.9,200.01,585.05,98.89,33,1,high,night,0
EQ-EXCAVATOR-044,excavator,3593.8,80.9,6.95,230.21,264.83,65.97,80,1,low,night,0
EQ-DRILL-RIG-063,drill_rig,3493.6,79.76,5.94,231.66,498.44,84.45,24,4,low,day,0
EQ-DRILL-RIG-092,drill_rig,2638.4,46.79,4.98,284.67,419.87,79.19,44,0,low,night,0
EQ-DRILL-RIG-058,drill_rig,2810.8,83.69,5.93,234.07,491.69,84.52,10,2,medium,day,1
EQ-BALL-MILL-114,ball_mill,1601.0,96.19,6.23,166.79,641.42,84.75,52,2,high,night,1
EQ-CRUSHER-145,crusher,4238.7,96.59,6.78,209.59,582.71,103.18,29,0,low,day,1
EQ-DRILL-RIG-061,drill_rig,3154.9,103.03,5.44,256.75,502.13,77.58,44,0,high,night,0
EQ-DRILL-RIG-018,drill_rig,6031.9,81.96,6.35,241.8,460.73,65.89,88,4,medium,day,1
EQ-EXCAVATOR-019,excavator,4809.5,89.97,6.5,200.03,237.61,46.97,36,3,high,night,0
EQ-BALL-MILL-131,ball_mill,4482.6,90.71,4.82,167.35,644.43,80.93,11,0,medium,night,0
EQ-HAUL-TRUCK-063,haul_truck,3318.5,80.46,4.7,152.72,385.33,82.81,38,1,high,night,0
EQ-BALL-MILL-050,ball_mill,3734.8,84.03,9.0,193.7,590.7,99.59,37,3,medium,day,0
EQ-DRILL-RIG-093,drill_rig,7919.6,80.44,5.58,217.35,475.85,73.41,58,0,high,day,0
EQ-HAUL-TRUCK-144,haul_truck,3296.4,92.72,5.53,151.09,489.85,62.4,36,0,medium,day,0
EQ-CONVEYOR-BELT-064,conveyor_belt,949.9,66.59,3.11,85.15,192.75,84.84,86,0,medium,night,0
EQ-HAUL-TRUCK-048,haul_truck,3656.3,87.48,4.11,151.28,364.51,71.12,60,0,high,day,0
EQ-DRILL-RIG-130,drill_rig,2467.2,85.38,7.97,224.4,365.78,61.56,36,3,medium,night,1
EQ-DRILL-RIG-013,drill_rig,3514.4,68.84,7.82,246.21,395.96,82.67,33,2,medium,day,0
EQ-CONVEYOR-BELT-127,conveyor_belt,4134.0,70.4,2.51,109.6,290.85,83.09,14,1,medium,night,0
EQ-DRILL-RIG-079,drill_rig,2488.7,92.86,5.12,168.74,394.35,82.11,25,0,high,day,0
EQ-HAUL-TRUCK-004,haul_truck,1538.7,89.45,5.58,206.68,382.03,58.72,8,2,medium,night,0
EQ-EXCAVATOR-035,excavator,3690.3,84.29,6.19,210.93,331.78,74.39,30,1,low,night,0
EQ-CRUSHER-102,crusher,7417.2,95.77,7.41,179.74,632.99,77.27,6,1,high,night,1
EQ-HAUL-TRUCK-113,haul_truck,4033.4,85.3,6.99,187.14,377.83,75.32,37,1,medium,night,0
EQ-CRUSHER-030,crusher,4613.8,83.66,8.85,193.43,534.67,78.36,13,0,low,night,1
EQ-EXCAVATOR-099,excavator,3427.2,77.61,8.95,193.45,486.29,91.11,45,3,low,night,1
EQ-CRUSHER-149,crusher,4995.2,86.64,7.97,164.41,495.52,71.64,35,0,low,day,0
EQ-CRUSHER-103,crusher,5628.9,98.86,6.93,172.81,493.01,81.91,22,0,medium,day,1
EQ-DRILL-RIG-106,drill_rig,6778.1,81.22,5.56,209.77,398.6,84.83,10,2,medium,night,0
EQ-EXCAVATOR-030,excavator,7707.1,75.32,6.16,206.29,446.72,79.75,33,1,low,night,1
EQ-BALL-MILL-096,ball_mill,4752.1,84.31,7.01,186.94,530.57,94.02,31,0,medium,day,0
EQ-CRUSHER-107,crusher,6868.4,92.8,8.6,195.24,456.56,62.39,107,2,high,day,1
EQ-EXCAVATOR-017,excavator,6047.2,83.9,4.59,257.23,271.68,72.35,24,4,medium,night,0
EQ-CRUSHER-047,crusher,5052.3,85.99,5.49,189.3,393.85,72.39,55,1,medium,day,0
EQ-CRUSHER-133,crusher,3992.0,90.59,7.24,193.61,523.87,93.12,19,2,medium,night,1
EQ-EXCAVATOR-150,excavator,1312.5,76.26,6.35,220.51,310.71,59.41,15,1,low,night,0
EQ-CRUSHER-026,crusher,9768.2,83.26,8.43,195.67,582.49,91.98,48,0,high,day,1
EQ-HAUL-TRUCK-110,haul_truck,4268.2,86.75,4.62,170.52,378.11,66.17,23,0,low,day,0
EQ-EXCAVATOR-076,excavator,3259.6,84.68,4.92,204.54,395.74,64.43,32,2,low,day,0
EQ-CONVEYOR-BELT-089,conveyor_belt,3265.3,67.52,2.5,134.1,227.38,79.47,3,2,medium,day,0
EQ-CRUSHER-077,crusher,5592.6,83.67,6.34,236.63,514.08,93.45,20,0,low,night,1
EQ-DRILL-RIG-131,drill_rig,2190.0,74.95,5.15,207.71,395.39,87.32,22,3,low,night,0
EQ-EXCAVATOR-067,excavator,7407.5,95.7,5.52,183.9,410.82,53.93,13,1,medium,night,1
EQ-BALL-MILL-089,ball_mill,4722.0,95.55,8.53,172.74,519.49,79.4,25,1,medium,day,0
EQ-DRILL-RIG-101,drill_rig,2931.0,75.88,5.84,242.29,267.85,47.92,7,2,low,night,0
EQ-BALL-MILL-083,ball_mill,5244.6,77.21,6.63,130.3,584.21,71.27,37,1,medium,day,1
EQ-DRILL-RIG-132,drill_rig,5815.9,85.2,7.25,215.46,510.35,72.79,25,0,medium,night,0
EQ-HAUL-TRUCK-036,haul_truck,2870.6,77.85,7.06,165.73,350.83,75.05,24,0,high,day,0
EQ-CRUSHER-143,crusher,5160.2,93.76,9.52,121.73,599.91,87.02,48,0,low,night,0
EQ-HAUL-TRUCK-102,haul_truck,3445.1,93.02,4.84,199.92,396.72,92.73,14,1,high,night,0
EQ-DRILL-RIG-145,drill_rig,7254.8,87.1,5.84,218.39,359.62,73.21,88,1,medium,day,0
EQ-CONVEYOR-BELT-057,conveyor_belt,3476.7,59.51,3.69,106.06,83.15,71.53,13,0,medium,night,0
EQ-EXCAVATOR-072,excavator,3655.1,69.74,4.07,201.92,329.5,78.41,61,1,medium,day,0
EQ-BALL-MILL-007,ball_mill,1021.9,85.15,8.67,119.69,590.79,97.82,79,0,medium,day,0
EQ-HAUL-TRUCK-139,haul_truck,6532.1,81.66,2.78,155.39,455.06,96.28,5,1,low,night,0
EQ-CONVEYOR-BELT-123,conveyor_belt,3514.0,65.59,3.73,62.41,128.24,62.92,18,1,medium,day,0
EQ-CONVEYOR-BELT-045,conveyor_belt,3453.6,62.56,1.71,87.56,232.99,80.26,10,0,medium,day,0
EQ-HAUL-TRUCK-008,haul_truck,6947.1,79.85,5.74,152.71,376.65,58.16,47,3,low,day,0
EQ-CONVEYOR-BELT-105,conveyor_belt,4917.8,64.94,3.23,106.23,182.98,84.7,20,1,medium,day,0
EQ-DRILL-RIG-101,drill_rig,2713.8,85.14,7.99,234.58,377.13,70.17,14,3,high,night,0
EQ-HAUL-TRUCK-080,haul_truck,4609.3,75.3,4.44,157.64,409.27,57.97,28,1,medium,night,0
EQ-CRUSHER-024,crusher,4994.9,88.79,8.69,199.26,549.44,89.47,33,2,medium,day,0
EQ-EXCAVATOR-138,excavator,3744.8,83.38,4.38,199.42,371.24,65.18,72,1,high,day,0
EQ-CONVEYOR-BELT-065,conveyor_belt,8559.5,71.93,1.64,22.09,126.89,65.32,72,1,low,night,0
EQ-HAUL-TRUCK-109,haul_truck,3670.2,73.95,6.11,156.35,552.7,78.32,17,1,medium,night,1
EQ-BALL-MILL-129,ball_mill,4056.3,97.25,7.17,166.98,459.99,55.02,8,2,high,day,0
EQ-BALL-MILL-083,ball_mill,4132.8,84.46,8.52,168.51,666.84,80.91,42,2,medium,night,1
EQ-HAUL-TRUCK-015,haul_truck,5642.2,82.34,3.33,165.83,443.02,75.24,27,1,medium,day,0
EQ-EXCAVATOR-134,excavator,2582.4,80.35,3.44,218.66,344.63,86.26,76,0,high,day,0
EQ-CONVEYOR-BELT-101,conveyor_belt,5979.8,65.39,1.63,96.84,106.21,65.12,78,2,low,night,0
EQ-CONVEYOR-BELT-135,conveyor_belt,10218.0,59.77,5.56,93.75,192.57,74.65,44,2,low,night,0
EQ-CRUSHER-092,crusher,1935.6,87.34,9.63,172.95,601.62,94.51,36,0,medium,day,0
EQ-HAUL-TRUCK-137,haul_truck,2670.6,96.43,3.99,160.61,376.29,62.55,39,1,high,night,0
EQ-HAUL-TRUCK-131,haul_truck,1789.0,86.23,6.77,111.91,299.89,74.84,35,4,medium,night,0
EQ-BALL-MILL-033,ball_mill,1206.3,89.85,7.9,186.98,531.41,76.98,38,0,medium,night,0
EQ-CRUSHER-026,crusher,2633.2,91.21,10.32,166.95,513.14,79.55,22,0,medium,night,1
EQ-DRILL-RIG-025,drill_rig,2722.4,85.85,7.19,187.51,399.36,76.15,20,2,medium,day,0
EQ-CRUSHER-120,crusher,5830.9,96.65,8.14,194.36,510.33,90.46,23,0,medium,night,0
EQ-BALL-MILL-037,ball_mill,6862.6,91.17,6.67,208.86,650.15,74.45,103,0,high,day,0
EQ-HAUL-TRUCK-068,haul_truck,4593.3,76.51,5.34,164.84,362.88,77.06,3,3,medium,day,0
EQ-HAUL-TRUCK-119,haul_truck,6479.4,82.11,6.96,169.56,524.28,73.62,20,3,medium,day,1
EQ-BALL-MILL-065,ball_mill,5598.6,88.49,6.85,163.84,531.67,73.11,23,0,medium,night,0
EQ-BALL-MILL-010,ball_mill,3009.5,90.12,9.4,156.56,553.21,80.75,42,1,high,day,1
EQ-EXCAVATOR-055,excavator,4858.3,63.92,4.84,195.33,368.02,48.38,19,1,medium,day,0
EQ-EXCAVATOR-015,excavator,2468.6,80.24,4.26,226.34,332.96,68.02,81,0,low,night,0
EQ-CRUSHER-058,crusher,4056.3,108.42,5.89,190.7,631.06,94.18,68,0,medium,day,1
EQ-CRUSHER-111,crusher,4471.4,69.42,8.24,202.55,544.72,87.72,84,1,medium,day,0
EQ-HAUL-TRUCK-078,haul_truck,5301.5,81.39,4.3,169.28,503.43,90.93,36,1,medium,day,0
EQ-BALL-MILL-102,ball_mill,8132.2,78.93,6.84,139.09,603.86,93.74,77,0,medium,night,1
EQ-EXCAVATOR-017,excavator,2123.7,75.01,8.67,205.12,379.96,84.87,17,0,low,day,0
EQ-CONVEYOR-BELT-113,conveyor_belt,4005.6,65.66,2.57,136.87,255.0,58.85,32,0,low,day,0
EQ-HAUL-TRUCK-064,haul_truck,7455.4,77.07,8.45,144.6,477.19,89.07,5,2,low,night,0
EQ-HAUL-TRUCK-044,haul_truck,2896.8,85.76,8.09,128.56,462.12,75.76,46,1,low,night,0
EQ-CONVEYOR-BELT-098,conveyor_belt,2524.5,64.09,1.46,89.97,134.47,72.48,46,1,low,night,0
EQ-EXCAVATOR-021,excavator,5544.5,81.78,6.75,178.44,258.24,59.52,37,1,low,day,0
EQ-CONVEYOR-BELT-075,conveyor_belt,5155.0,72.41,3.3,122.62,198.09,48.13,27,3,medium,night,0
EQ-HAUL-TRUCK-064,haul_truck,1797.7,81.06,6.24,184.34,399.74,91.14,57,0,high,night,0
EQ-BALL-MILL-025,ball_mill,3115.2,85.75,7.47,195.75,560.5,72.81,75,1,medium,night,0
EQ-CONVEYOR-BELT-143,conveyor_belt,2324.0,56.16,2.71,84.4,227.36,81.33,106,1,medium,day,0
EQ-DRILL-RIG-055,drill_rig,2329.3,84.23,6.95,190.85,371.04,63.7,45,2,medium,day,0
EQ-HAUL-TRUCK-007,haul_truck,4982.9,80.05,5.32,151.74,474.94,87.17,31,0,medium,night,1
EQ-EXCAVATOR-067,excavator,4977.9,82.27,4.39,233.33,383.82,59.38,22,0,low,day,0
EQ-EXCAVATOR-145,excavator,4016.3,79.19,4.11,201.48,375.74,67.3,49,1,medium,day,0
EQ-CRUSHER-101,crusher,2108.0,89.46,8.07,187.66,600.8,83.52,17,2,medium,day,0
EQ-EXCAVATOR-096,excavator,2366.7,84.53,4.08,192.56,354.92,61.21,47,3,medium,day,0
EQ-HAUL-TRUCK-136,haul_truck,4788.5,75.19,5.56,149.36,424.48,78.45,18,3,low,night,0
EQ-EXCAVATOR-013,excavator,1907.4,69.25,4.07,208.76,333.37,69.06,32,2,medium,day,0
EQ-EXCAVATOR-083,excavator,1509.9,77.04,3.51,218.5,286.99,48.69,16,0,low,night,0
EQ-CRUSHER-049,crusher,3231.3,89.02,9.43,166.43,541.1,96.03,23,1,medium,night,0
EQ-HAUL-TRUCK-102,haul_truck,4025.1,78.04,5.88,146.17,436.34,48.74,43,4,medium,day,0
EQ-EXCAVATOR-128,excavator,1632.3,84.18,5.41,198.4,425.58,86.56,62,2,low,day,0
EQ-CONVEYOR-BELT-012,conveyor_belt,4884.8,55.71,3.25,104.68,151.24,71.35,26,1,medium,day,0
EQ-CRUSHER-024,crusher,3815.3,96.74,6.11,157.82,285.34,59.19,3,0,low,day,0
EQ-EXCAVATOR-144,excavator,2257.4,85.37,4.51,224.0,351.77,82.23,6,1,medium,night,0
EQ-CRUSHER-074,crusher,4197.8,90.4,5.3,172.23,571.74,54.17,7,1,medium,night,0
EQ-DRILL-RIG-048,drill_rig,1323.2,76.9,8.38,248.11,415.34,89.22,78,1,high,night,1
EQ-EXCAVATOR-023,excavator,3356.9,78.29,3.7,189.71,400.31,67.43,146,1,medium,night,0
EQ-CONVEYOR-BELT-054,conveyor_belt,3427.9,65.24,1.73,97.38,210.12,71.44,30,2,high,day,0
EQ-BALL-MILL-001,ball_mill,4048.0,85.24,8.05,159.06,650.34,98.89,7,1,low,night,0
EQ-CRUSHER-034,crusher,4278.2,86.47,7.13,200.55,482.13,80.49,14,0,medium,day,0
EQ-BALL-MILL-028,ball_mill,5670.2,100.63,7.91,165.83,594.68,78.48,13,2,medium,day,0
EQ-DRILL-RIG-013,drill_rig,3938.9,86.44,6.16,217.32,382.25,55.79,76,2,medium,day,0
EQ-HAUL-TRUCK-146,haul_truck,1870.0,94.1,5.0,170.45,393.39,61.44,24,1,medium,day,0
EQ-CRUSHER-119,crusher,2529.6,92.38,9.34,206.71,427.63,66.79,180,0,high,night,1
EQ-CONVEYOR-BELT-142,conveyor_belt,11571.0,56.29,3.22,127.48,107.44,75.8,13,2,high,night,0
EQ-BALL-MILL-037,ball_mill,1627.6,81.99,6.48,185.97,611.11,67.46,14,1,medium,day,0
EQ-CRUSHER-044,crusher,9203.3,99.85,8.36,146.53,622.67,103.31,24,1,medium,day,1
EQ-HAUL-TRUCK-043,haul_truck,8572.3,77.92,4.36,179.47,380.63,72.59,22,0,low,night,0
EQ-CONVEYOR-BELT-084,conveyor_belt,1850.8,62.47,4.22,120.84,205.53,64.73,68,2,medium,night,0
EQ-HAUL-TRUCK-028,haul_truck,6141.8,81.51,3.59,168.29,462.77,82.45,34,1,medium,night,0
EQ-DRILL-RIG-036,drill_rig,4850.4,81.79,6.54,192.39,390.39,60.33,51,0,low,day,0
EQ-CRUSHER-147,crusher,6655.5,75.35,7.71,179.48,480.24,104.07,41,2,low,day,0
EQ-CONVEYOR-BELT-053,conveyor_belt,2583.0,69.76,4.55,80.06,192.16,80.57,41,2,high,night,0
EQ-DRILL-RIG-118,drill_rig,4860.5,79.22,6.47,238.17,398.48,63.14,28,1,low,night,0
EQ-CONVEYOR-BELT-035,conveyor_belt,2872.2,71.59,5.12,56.16,203.14,83.03,71,1,medium,day,0
EQ-CONVEYOR-BELT-140,conveyor_belt,2277.3,59.33,2.8,109.31,199.34,78.23,61,0,low,day,0
EQ-DRILL-RIG-105,drill_rig,4175.5,89.16,6.2,223.86,387.55,82.15,17,0,medium,day,0
EQ-DRILL-RIG-130,drill_rig,5581.0,80.09,5.09,258.08,354.82,67.71,24,2,low,night,0
EQ-DRILL-RIG-078,drill_rig,5344.0,85.56,7.79,237.68,504.56,87.8,15,0,medium,day,1
EQ-HAUL-TRUCK-136,haul_truck,6347.0,88.47,1.62,167.53,379.13,62.39,36,2,low,night,0
EQ-CONVEYOR-BELT-055,conveyor_belt,2683.5,69.46,2.4,127.78,248.65,78.37,44,0,low,night,0
EQ-HAUL-TRUCK-072,haul_truck,8543.5,88.66,4.73,151.34,492.43,89.28,22,1,low,day,0
EQ-DRILL-RIG-010,drill_rig,4119.2,71.6,5.13,202.73,407.06,62.3,24,3,medium,day,0
EQ-CONVEYOR-BELT-026,conveyor_belt,2215.4,65.42,3.76,56.36,207.99,105.08,17,1,medium,day,0
EQ-CRUSHER-116,crusher,6127.9,89.7,7.56,178.02,597.49,86.22,14,3,low,day,1
EQ-HAUL-TRUCK-050,haul_truck,3855.6,81.34,2.34,149.73,469.86,93.3,24,1,medium,night,0
EQ-EXCAVATOR-016,excavator,2638.1,82.5,6.66,235.38,390.82,53.12,29,1,medium,night,0
EQ-CONVEYOR-BELT-044,conveyor_belt,3051.3,60.97,3.31,128.8,93.14,87.67,17,4,low,day,0
EQ-HAUL-TRUCK-053,haul_truck,3867.8,91.68,4.81,150.92,499.55,82.32,13,1,low,night,1
EQ-HAUL-TRUCK-108,haul_truck,1481.9,76.51,7.22,168.06,394.85,82.81,122,0,medium,day,1
EQ-BALL-MILL-014,ball_mill,7742.7,70.23,8.31,142.27,495.75,73.12,23,1,medium,night,0
EQ-DRILL-RIG-004,drill_rig,5124.1,91.82,6.0,217.66,436.95,74.77,38,0,medium,night,0
EQ-HAUL-TRUCK-109,haul_truck,4122.7,91.16,4.98,147.37,537.78,85.34,49,0,high,day,0
EQ-EXCAVATOR-022,excavator,3454.0,71.84,4.32,174.65,322.67,63.57,41,1,low,night,0
EQ-BALL-MILL-063,ball_mill,6492.4,100.8,6.98,148.6,518.67,75.95,53,1,medium,night,1
EQ-CONVEYOR-BELT-103,conveyor_belt,7952.3,57.03,2.6,71.65,40.0,63.19,36,1,medium,day,0
EQ-CONVEYOR-BELT-078,conveyor_belt,2085.7,61.29,1.73,120.32,163.46,71.99,8,5,medium,night,0
EQ-EXCAVATOR-019,excavator,4119.9,88.79,4.61,198.01,385.5,81.49,37,0,medium,day,0
EQ-EXCAVATOR-109,excavator,4713.2,84.56,7.72,233.2,282.73,81.91,26,1,medium,day,1
EQ-HAUL-TRUCK-008,haul_truck,6464.8,84.39,3.69,171.76,466.05,81.65,16,2,medium,night,0
EQ-CONVEYOR-BELT-035,conveyor_belt,5478.6,60.1,5.55,89.2,264.14,51.39,100,0,medium,day,0
EQ-HAUL-TRUCK-017,haul_truck,4857.4,84.44,4.23,173.25,438.31,78.04,6,0,low,day,0
EQ-HAUL-TRUCK-077,haul_truck,3938.7,87.64,3.76,174.18,486.67,75.69,45,2,medium,day,1
EQ-CONVEYOR-BELT-104,conveyor_belt,1954.1,64.7,3.64,118.03,175.15,77.95,44,1,high,day,0
EQ-BALL-MILL-098,ball_mill,4256.9,91.25,4.51,158.22,623.05,76.36,84,2,medium,day,1
EQ-DRILL-RIG-021,drill_rig,3527.2,91.66,7.87,241.28,415.35,79.15,40,3,medium,day,0
EQ-CRUSHER-052,crusher,2078.6,94.2,7.32,191.62,500.62,63.87,21,1,medium,night,0
EQ-CRUSHER-022,crusher,7961.4,101.36,9.03,170.02,527.32,71.41,6,2,medium,day,0
EQ-CRUSHER-052,crusher,4089.6,80.54,7.79,151.93,544.02,74.59,7,0,low,night,0
EQ-EXCAVATOR-035,excavator,5408.9,80.37,7.74,197.54,341.01,66.41,23,2,medium,night,1
EQ-CRUSHER-112,crusher,3604.9,85.85,10.21,176.64,474.2,81.99,76,2,medium,day,1
EQ-CRUSHER-113,crusher,2401.6,92.66,7.26,211.93,430.99,61.12,8,3,low,night,1
EQ-CONVEYOR-BELT-123,conveyor_belt,5592.9,59.64,0.64,99.37,246.82,63.97,36,1,low,night,0
EQ-BALL-MILL-031,ball_mill,8212.9,87.55,6.91,144.08,504.55,69.9,71,2,low,night,0
EQ-BALL-MILL-003,ball_mill,6421.5,87.15,7.63,136.56,591.13,88.77,95,1,medium,night,1
EQ-HAUL-TRUCK-006,haul_truck,4954.4,80.95,7.5,150.53,494.88,87.44,27,3,low,day,0
EQ-CRUSHER-127,crusher,3549.6,90.19,7.9,138.13,624.62,100.88,3,1,high,day,1
EQ-HAUL-TRUCK-136,haul_truck,4519.8,91.59,4.19,140.75,491.42,87.04,64,1,high,night,0
EQ-EXCAVATOR-032,excavator,5510.7,83.69,6.62,201.18,368.04,78.33,23,1,high,day,0
EQ-EXCAVATOR-132,excavator,3403.1,80.81,5.28,175.89,347.98,56.48,46,0,low,night,0
EQ-HAUL-TRUCK-080,haul_truck,5475.8,90.41,2.15,160.01,427.69,61.88,47,1,medium,night,0
EQ-DRILL-RIG-028,drill_rig,3681.0,75.41,8.93,244.33,392.11,80.02,15,0,high,day,0
EQ-CRUSHER-047,crusher,1270.0,78.5,8.86,159.05,498.16,80.97,2,2,medium,day,0
EQ-BALL-MILL-040,ball_mill,2469.8,79.84,6.7,173.69,528.72,88.59,36,0,medium,night,1
EQ-HAUL-TRUCK-115,haul_truck,3773.3,75.08,8.49,149.28,473.66,76.87,57,2,high,day,0
EQ-HAUL-TRUCK-029,haul_truck,4253.7,78.8,4.76,146.15,433.17,82.72,67,0,medium,night,0
EQ-CRUSHER-028,crusher,891.5,97.83,7.62,182.27,513.61,79.13,42,0,medium,night,0
EQ-HAUL-TRUCK-108,haul_truck,6127.5,92.83,3.4,153.78,433.2,60.87,55,0,high,day,0
EQ-EXCAVATOR-046,excavator,4650.0,85.33,4.25,230.81,403.81,72.34,18,1,high,day,0
EQ-BALL-MILL-038,ball_mill,1689.7,99.83,7.01,178.82,628.78,80.07,71,1,medium,night,1
EQ-HAUL-TRUCK-122,haul_truck,5508.8,69.49,5.07,172.85,420.39,84.27,60,0,low,night,0
EQ-HAUL-TRUCK-140,haul_truck,3466.8,75.52,4.56,141.06,387.72,75.29,50,3,medium,day,0
EQ-CONVEYOR-BELT-084,conveyor_belt,1945.1,69.81,3.5,113.89,181.44,89.51,19,1,medium,day,0
EQ-CRUSHER-125,crusher,5486.1,90.14,11.29,171.72,556.19,88.33,34,1,medium,day,0
EQ-CONVEYOR-BELT-127,conveyor_belt,5884.9,62.89,4.55,82.68,237.54,77.59,26,1,medium,day,0
EQ-EXCAVATOR-089,excavator,4364.2,76.07,6.48,208.4,356.49,59.12,27,0,medium,day,0
EQ-DRILL-RIG-125,drill_rig,4756.5,72.93,8.52,250.94,455.83,63.62,53,1,medium,day,0
EQ-HAUL-TRUCK-002,haul_truck,4297.3,98.75,5.98,196.68,452.87,98.95,50,3,high,night,0
EQ-CRUSHER-006,crusher,5403.8,87.01,6.76,159.59,573.4,81.99,5,2,high,day,1
EQ-CONVEYOR-BELT-133,conveyor_belt,3728.2,76.81,6.6,60.11,134.88,64.77,19,0,medium,night,0
EQ-DRILL-RIG-022,drill_rig,1204.4,83.8,7.17,214.5,446.7,76.54,44,0,medium,night,0
EQ-EXCAVATOR-110,excavator,2489.9,84.25,4.6,225.7,435.68,77.29,28,0,medium,night,0
EQ-CONVEYOR-BELT-064,conveyor_belt,2731.2,59.05,3.41,114.11,106.42,70.97,12,0,medium,night,0
EQ-HAUL-TRUCK-119,haul_truck,3476.8,78.85,4.85,171.24,357.44,85.45,66,2,low,day,0
EQ-HAUL-TRUCK-100,haul_truck,3657.9,86.36,1.95,149.69,369.94,78.5,180,1,medium,night,0
EQ-HAUL-TRUCK-011,haul_truck,7594.6,86.33,4.77,175.59,427.97,82.37,12,1,medium,day,0
EQ-CONVEYOR-BELT-051,conveyor_belt,4059.1,69.46,4.52,114.74,206.27,82.01,5,0,medium,day,0
EQ-EXCAVATOR-107,excavator,4755.3,96.31,3.17,217.59,358.25,68.45,91,0,high,night,0
EQ-CONVEYOR-BELT-139,conveyor_belt,3796.0,58.91,3.92,81.5,210.35,78.81,17,2,high,day,0
EQ-HAUL-TRUCK-121,haul_truck,4300.2,89.65,6.2,140.4,349.69,78.74,55,1,high,day,1
EQ-DRILL-RIG-134,drill_rig,4730.7,97.2,6.14,246.71,438.92,52.59,17,1,high,night,0
EQ-DRILL-RIG-144,drill_rig,6433.4,88.62,8.09,279.86,428.98,104.46,104,1,medium,day,1
EQ-HAUL-TRUCK-135,haul_truck,6364.9,82.91,3.87,163.37,377.88,60.29,58,0,high,day,0
EQ-HAUL-TRUCK-088,haul_truck,1910.6,84.02,5.94,169.47,480.02,76.78,17,1,high,day,0
EQ-HAUL-TRUCK-051,haul_truck,2782.1,98.55,5.93,174.27,379.28,59.2,15,0,medium,day,0
EQ-DRILL-RIG-077,drill_rig,3464.7,80.66,5.56,252.37,443.12,87.31,16,2,low,night,0
EQ-EXCAVATOR-120,excavator,6135.6,83.65,4.62,171.35,304.34,70.34,23,0,low,night,1
EQ-CRUSHER-064,crusher,4528.8,82.47,6.95,169.35,411.61,67.12,68,1,medium,day,1
EQ-CRUSHER-125,crusher,3650.2,93.67,5.51,191.96,596.4,98.76,6,1,medium,night,1
EQ-DRILL-RIG-106,drill_rig,2171.3,83.07,6.43,244.28,438.65,86.06,19,2,medium,night,0
EQ-CRUSHER-032,crusher,5614.2,85.5,9.33,190.28,580.29,75.88,59,2,high,night,1
EQ-CRUSHER-139,crusher,6566.9,97.21,10.21,203.93,554.83,79.43,61,1,high,night,0
EQ-BALL-MILL-127,ball_mill,2549.0,85.52,6.97,182.33,476.23,69.45,73,3,low,night,1
EQ-HAUL-TRUCK-090,haul_truck,1658.4,73.73,6.52,156.81,406.65,73.95,9,0,low,night,0
EQ-DRILL-RIG-030,drill_rig,3905.4,76.7,8.61,221.74,407.82,72.75,27,1,medium,night,0
EQ-HAUL-TRUCK-035,haul_truck,3952.0,78.65,3.51,136.2,429.6,79.04,18,1,medium,day,0
EQ-CRUSHER-126,crusher,7412.0,113.76,8.39,198.88,640.66,96.33,96,3,high,day,1
EQ-BALL-MILL-003,ball_mill,3017.8,85.68,8.43,192.7,547.27,74.84,36,1,high,day,1
EQ-CONVEYOR-BELT-073,conveyor_belt,2770.6,63.62,2.21,99.58,176.2,62.33,15,0,medium,night,0
EQ-CONVEYOR-BELT-093,conveyor_belt,2717.9,62.18,3.97,77.85,272.15,85.49,92,0,medium,day,0
EQ-EXCAVATOR-035,excavator,2251.7,80.17,3.71,169.25,432.6,73.13,29,0,high,night,0
EQ-CRUSHER-130,crusher,3692.7,84.46,9.45,154.6,489.52,68.11,35,3,high,day,1
EQ-EXCAVATOR-079,excavator,5768.9,77.12,3.78,196.42,262.4,53.6,107,1,medium,night,0
EQ-CRUSHER-010,crusher,5882.9,104.88,5.55,196.81,444.07,78.83,37,2,high,day,0
EQ-CRUSHER-049,crusher,2305.0,98.62,9.05,199.81,596.99,97.24,77,2,medium,day,1
EQ-EXCAVATOR-060,excavator,6254.5,77.61,7.22,249.0,317.67,73.58,23,0,low,day,0
EQ-EXCAVATOR-034,excavator,4087.6,90.1,7.53,202.86,388.59,85.98,57,2,medium,night,1
EQ-EXCAVATOR-142,excavator,1428.6,84.16,4.31,247.45,306.33,74.61,39,0,high,day,0
EQ-EXCAVATOR-055,excavator,5468.9,68.47,4.54,179.3,374.19,85.21,64,0,high,day,0
EQ-HAUL-TRUCK-076,haul_truck,6408.0,74.86,3.38,159.69,262.55,63.84,36,0,low,night,0
EQ-DRILL-RIG-081,drill_rig,3111.5,87.2,6.41,249.97,462.17,74.39,35,1,medium,night,0
EQ-CONVEYOR-BELT-034,conveyor_belt,4045.7,63.89,2.45,59.06,158.7,45.57,74,0,medium,night,0
EQ-HAUL-TRUCK-086,haul_truck,3632.8,86.61,4.95,186.8,439.43,76.56,19,1,high,night,0
EQ-CONVEYOR-BELT-054,conveyor_belt,4217.8,71.36,1.83,98.26,219.31,54.75,21,1,medium,day,0
EQ-DRILL-RIG-002,drill_rig,3580.3,73.59,6.43,197.2,336.41,82.85,118,0,low,night,1
EQ-EXCAVATOR-062,excavator,4412.0,73.95,3.98,223.5,272.24,69.29,18,2,high,day,0
EQ-HAUL-TRUCK-088,haul_truck,1165.5,78.51,2.69,145.13,508.17,93.78,24,1,medium,night,0
EQ-HAUL-TRUCK-018,haul_truck,3049.6,96.87,3.31,144.4,474.44,71.43,18,2,high,night,0
EQ-HAUL-TRUCK-117,haul_truck,3777.5,97.6,5.16,154.65,386.45,66.96,21,1,high,day,0
EQ-DRILL-RIG-100,drill_rig,5177.5,88.9,6.09,233.72,256.42,73.1,9,2,low,day,0
EQ-BALL-MILL-047,ball_mill,1174.0,107.63,7.61,194.93,528.22,82.16,49,0,high,night,1
EQ-HAUL-TRUCK-089,haul_truck,6422.6,84.73,2.23,172.4,541.6,89.58,56,1,medium,night,0
EQ-CONVEYOR-BELT-046,conveyor_belt,4058.8,69.03,3.44,104.26,249.52,69.36,4,3,high,night,0
EQ-HAUL-TRUCK-098,haul_truck,6182.3,75.84,2.47,135.8,453.89,79.89,25,3,low,night,0
EQ-CONVEYOR-BELT-024,conveyor_belt,4694.8,80.05,3.42,81.71,168.69,65.53,25,3,high,night,0
EQ-DRILL-RIG-092,drill_rig,7156.5,83.94,8.41,208.87,476.85,82.05,12,0,medium,day,0
EQ-EXCAVATOR-009,excavator,4832.0,70.49,7.77,224.27,343.0,76.45,12,2,low,night,0
EQ-HAUL-TRUCK-003,haul_truck,1715.5,99.24,5.64,146.43,488.74,77.12,24,0,high,day,0
EQ-CONVEYOR-BELT-039,conveyor_belt,5289.8,74.15,4.27,118.8,86.98,73.11,74,0,medium,night,0
EQ-BALL-MILL-027,ball_mill,4243.4,87.26,9.0,165.92,572.69,67.45,40,0,low,night,0
EQ-EXCAVATOR-074,excavator,2954.1,85.48,7.51,180.76,294.4,77.74,41,1,high,day,0
EQ-HAUL-TRUCK-025,haul_truck,4329.5,79.66,2.77,137.5,429.79,83.37,20,1,medium,night,0
EQ-HAUL-TRUCK-037,haul_truck,4884.5,86.51,8.73,189.95,518.82,79.29,13,0,medium,night,0
EQ-CONVEYOR-BELT-015,conveyor_belt,4438.6,66.29,4.24,72.52,129.07,57.45,107,1,high,day,0
EQ-CONVEYOR-BELT-134,conveyor_belt,1930.5,72.26,0.52,116.98,190.23,61.94,71,3,medium,night,0
EQ-DRILL-RIG-111,drill_rig,7473.3,70.53,6.9,217.42,438.46,91.93,68,0,low,night,1
EQ-DRILL-RIG-033,drill_rig,5642.6,83.38,4.86,246.64,436.24,64.12,42,2,medium,day,0
EQ-BALL-MILL-019,ball_mill,3939.2,93.2,5.47,175.86,575.18,67.66,64,1,medium,day,0
EQ-DRILL-RIG-128,drill_rig,3461.8,78.93,5.84,177.68,421.06,86.74,52,1,low,day,0
EQ-EXCAVATOR-101,excavator,7252.6,70.71,4.48,168.66,411.43,80.78,15,1,medium,night,0
EQ-CONVEYOR-BELT-133,conveyor_belt,4419.2,55.48,1.69,65.57,161.87,58.1,109,3,medium,day,0
EQ-EXCAVATOR-027,excavator,1992.3,83.54,6.99,241.84,398.04,84.16,64,2,low,day,1
EQ-EXCAVATOR-054,excavator,7267.5,91.38,5.36,189.78,271.7,58.56,29,0,medium,night,0
EQ-BALL-MILL-018,ball_mill,3211.8,106.79,6.02,186.98,651.54,78.57,11,0,high,night,0
EQ-CONVEYOR-BELT-064,conveyor_belt,1981.7,64.83,4.94,100.51,248.51,57.27,12,2,medium,night,0
EQ-BALL-MILL-025,ball_mill,4460.9,88.47,7.62,173.73,564.1,64.92,42,3,low,night,0
EQ-CRUSHER-001,crusher,2868.7,88.9,8.5,173.93,542.07,84.8,31,1,high,day,1
EQ-CRUSHER-077,crusher,3751.1,87.65,10.25,212.16,617.15,72.26,21,1,medium,day,0
EQ-CRUSHER-147,crusher,4784.4,90.94,8.52,171.08,545.18,79.66,41,4,high,night,1
EQ-HAUL-TRUCK-097,haul_truck,774.2,89.04,3.35,139.36,390.29,69.02,34,1,high,day,0
EQ-EXCAVATOR-114,excavator,4204.9,84.11,5.71,236.41,277.72,65.38,28,0,medium,day,0
EQ-CRUSHER-122,crusher,6550.8,93.89,8.42,208.34,570.95,76.06,13,3,medium,night,1
EQ-HAUL-TRUCK-146,haul_truck,2079.1,74.59,3.19,162.51,428.63,64.83,34,1,low,day,0
EQ-BALL-MILL-020,ball_mill,1048.7,86.64,8.07,191.76,558.34,89.3,81,3,low,night,1
EQ-HAUL-TRUCK-038,haul_truck,5731.9,80.01,3.3,145.23,478.28,97.23,12,1,low,night,0
EQ-HAUL-TRUCK-093,haul_truck,4113.5,97.93,4.98,168.36,377.81,82.68,77,1,medium,night,0
EQ-DRILL-RIG-124,drill_rig,5047.0,71.33,6.27,199.88,323.31,65.8,79,0,medium,day,0
EQ-HAUL-TRUCK-117,haul_truck,3231.7,88.37,4.94,180.79,556.78,94.73,39,2,high,day,0
EQ-BALL-MILL-110,ball_mill,4401.6,85.46,8.38,151.14,593.65,83.42,39,1,medium,night,1
EQ-CONVEYOR-BELT-047,conveyor_belt,7305.4,64.22,2.28,92.46,250.78,68.96,36,0,medium,night,0
EQ-HAUL-TRUCK-055,haul_truck,5081.3,84.9,5.4,156.1,411.35,74.84,45,0,low,day,0
EQ-CONVEYOR-BELT-012,conveyor_belt,2203.1,66.82,1.46,111.92,190.63,58.36,25,0,medium,day,0
EQ-CONVEYOR-BELT-048,conveyor_belt,6302.3,72.53,0.55,99.19,183.67,64.73,51,0,high,night,0
EQ-DRILL-RIG-024,drill_rig,3833.1,77.9,4.42,215.58,378.99,65.56,5,0,medium,day,0
EQ-DRILL-RIG-141,drill_rig,1249.4,86.73,6.09,172.27,390.07,75.53,131,1,medium,day,1
EQ-CONVEYOR-BELT-014,conveyor_belt,2624.4,57.95,4.76,99.67,153.25,65.13,58,2,medium,day,0
EQ-CONVEYOR-BELT-055,conveyor_belt,2342.5,66.59,2.84,89.64,220.96,69.8,41,3,medium,day,0
EQ-EXCAVATOR-134,excavator,3746.1,66.71,6.25,193.9,348.47,79.32,57,1,high,day,1
EQ-CONVEYOR-BELT-144,conveyor_belt,6383.9,72.48,1.18,102.44,138.31,51.25,36,1,medium,day,0
EQ-BALL-MILL-057,ball_mill,5611.3,88.83,6.83,173.45,645.34,96.52,54,0,medium,night,0
EQ-CONVEYOR-BELT-070,conveyor_belt,2921.3,66.66,2.1,62.7,127.95,74.45,36,1,low,day,0
EQ-CONVEYOR-BELT-079,conveyor_belt,4857.9,66.43,1.76,38.24,228.8,62.88,26,0,medium,day,0
EQ-CRUSHER-124,crusher,3115.8,90.4,6.93,198.08,483.8,65.97,48,3,medium,day,1
EQ-DRILL-RIG-116,drill_rig,3444.5,83.68,5.53,233.03,391.52,80.89,41,1,low,night,0
EQ-BALL-MILL-079,ball_mill,4570.1,95.53,5.63,211.21,602.26,68.14,51,0,medium,day,0
EQ-HAUL-TRUCK-056,haul_truck,2074.9,89.16,4.8,176.54,397.56,91.16,23,0,medium,day,0
EQ-HAUL-TRUCK-056,haul_truck,3587.9,85.95,6.04,172.58,371.47,68.87,7,2,low,night,0
EQ-CRUSHER-098,crusher,3612.1,91.8,8.76,181.13,505.81,66.82,39,0,high,night,1
EQ-CRUSHER-126,crusher,2751.0,84.55,5.79,163.13,602.13,81.56,56,2,low,night,0
EQ-CONVEYOR-BELT-012,conveyor_belt,4824.2,72.81,5.95,133.8,80.39,73.29,109,0,high,day,0
EQ-HAUL-TRUCK-116,haul_truck,4843.3,90.52,4.27,165.14,443.03,60.16,47,2,medium,day,0
EQ-CRUSHER-073,crusher,2446.7,82.87,6.76,172.39,528.32,61.6,17,2,low,day,0
EQ-CONVEYOR-BELT-022,conveyor_belt,2036.9,47.75,4.1,53.35,137.7,68.2,74,1,low,night,0
EQ-CONVEYOR-BELT-015,conveyor_belt,3852.4,51.38,3.89,129.64,164.84,73.45,37,1,medium,day,0
EQ-CONVEYOR-BELT-051,conveyor_belt,2578.3,77.84,3.93,74.28,132.64,72.21,75,0,high,day,0
EQ-CONVEYOR-BELT-038,conveyor_belt,3255.4,67.98,5.43,123.14,169.51,89.2,22,1,medium,day,0
EQ-CONVEYOR-BELT-016,conveyor_belt,728.1,67.28,6.02,121.21,155.19,53.67,32,1,medium,night,0
EQ-DRILL-RIG-045,drill_rig,3595.8,79.35,3.96,217.13,457.87,57.46,59,3,low,day,0
EQ-CONVEYOR-BELT-126,conveyor_belt,3328.8,67.68,3.77,87.51,193.25,88.92,64,1,high,day,0
EQ-CRUSHER-108,crusher,2115.6,100.34,7.15,170.26,673.04,73.39,44,3,high,night,1
EQ-CONVEYOR-BELT-032,conveyor_belt,5464.8,65.07,2.99,87.7,235.25,83.43,50,2,medium,night,0
EQ-HAUL-TRUCK-102,haul_truck,3290.4,91.76,4.47,179.18,535.71,82.71,63,1,high,night,0
EQ-EXCAVATOR-068,excavator,4070.1,73.6,5.05,232.91,358.99,78.02,34,0,medium,night,0
EQ-CRUSHER-113,crusher,5334.8,83.14,4.72,224.82,559.1,68.39,38,1,medium,day,0
EQ-DRILL-RIG-038,drill_rig,4964.0,81.43,6.86,245.05,463.12,89.48,107,1,medium,night,1
EQ-CONVEYOR-BELT-010,conveyor_belt,1830.3,64.69,5.73,75.14,176.77,66.17,22,1,low,day,0
EQ-HAUL-TRUCK-047,haul_truck,4158.9,82.03,5.41,209.26,408.04,87.83,10,1,low,night,0
EQ-CONVEYOR-BELT-150,conveyor_belt,2729.3,65.7,2.51,90.98,201.47,78.46,38,3,medium,day,0
EQ-EXCAVATOR-084,excavator,6153.4,80.68,4.85,206.28,409.37,73.69,37,4,high,night,0
EQ-CONVEYOR-BELT-009,conveyor_belt,8019.6,62.72,5.11,97.49,264.12,94.09,13,1,medium,night,0
EQ-DRILL-RIG-147,drill_rig,6520.5,71.25,7.04,235.45,340.24,64.04,36,0,low,day,0
EQ-CONVEYOR-BELT-124,conveyor_belt,5411.8,63.42,1.39,137.34,94.33,54.53,10,2,low,day,0
EQ-CONVEYOR-BELT-082,conveyor_belt,3765.1,66.78,3.66,50.31,74.94,72.46,21,1,medium,night,0
EQ-EXCAVATOR-112,excavator,5620.1,74.24,8.11,229.15,350.7,102.78,46,2,medium,day,0
EQ-CRUSHER-028,crusher,1525.9,85.03,8.49,208.76,535.99,80.22,10,1,low,night,1
EQ-DRILL-RIG-089,drill_rig,2879.1,77.38,7.28,223.93,324.12,48.11,29,4,low,day,0
EQ-CONVEYOR-BELT-137,conveyor_belt,4867.4,61.36,2.93,86.94,193.72,57.58,5,1,medium,night,0
EQ-CRUSHER-066,crusher,3555.6,94.8,5.61,207.03,565.39,88.99,23,1,low,night,1
EQ-EXCAVATOR-006,excavator,2274.1,71.56,5.31,225.63,422.85,75.04,74,0,medium,day,0
EQ-HAUL-TRUCK-114,haul_truck,4811.2,107.09,2.37,187.05,484.59,89.1,138,1,medium,night,0
EQ-HAUL-TRUCK-110,haul_truck,7087.1,78.86,3.42,124.95,418.17,82.21,31,4,low,night,0
EQ-HAUL-TRUCK-111,haul_truck,6805.4,82.31,7.15,129.61,290.87,70.05,45,3,medium,night,0
EQ-EXCAVATOR-098,excavator,2900.6,71.89,5.9,242.13,348.71,77.19,13,0,low,night,0
EQ-BALL-MILL-021,ball_mill,7647.9,86.61,6.44,151.65,567.91,74.28,43,1,medium,night,0
EQ-CRUSHER-018,crusher,3152.0,90.03,9.15,192.16,563.96,77.44,83,2,high,day,1
EQ-EXCAVATOR-119,excavator,4203.7,78.64,7.64,240.76,308.66,59.13,36,0,medium,day,0
EQ-HAUL-TRUCK-129,haul_truck,6015.0,91.22,2.49,157.91,483.62,81.78,68,0,low,day,1
EQ-EXCAVATOR-012,excavator,1149.9,73.86,6.21,225.4,320.16,84.37,21,0,low,night,0
EQ-DRILL-RIG-088,drill_rig,4090.5,85.43,6.08,211.73,452.06,69.56,7,0,medium,night,0
EQ-CRUSHER-076,crusher,2543.3,87.96,6.24,174.15,612.21,82.11,27,0,high,day,0
EQ-DRILL-RIG-053,drill_rig,3337.2,79.95,5.4,256.05,359.38,62.97,21,1,medium,night,0
EQ-DRILL-RIG-097,drill_rig,6014.1,87.01,5.92,242.69,426.21,76.07,65,1,medium,day,1
EQ-HAUL-TRUCK-138,haul_truck,3141.8,88.55,6.21,115.32,386.98,81.61,66,0,low,night,0
EQ-CONVEYOR-BELT-124,conveyor_belt,3772.6,75.67,2.92,106.57,177.97,74.08,13,3,high,night,0
EQ-BALL-MILL-023,ball_mill,3866.9,97.99,3.93,150.16,654.63,90.37,48,0,high,night,1
EQ-CRUSHER-070,crusher,5270.6,86.66,7.76,201.15,553.29,94.53,58,0,low,night,0
EQ-HAUL-TRUCK-141,haul_truck,5844.8,82.18,1.54,156.6,472.16,76.74,24,0,medium,night,0
EQ-BALL-MILL-036,ball_mill,4462.9,85.41,8.43,165.42,598.52,90.35,38,1,medium,day,0
EQ-BALL-MILL-129,ball_mill,3285.3,92.11,5.89,183.93,488.03,64.37,53,1,medium,day,0
EQ-CRUSHER-074,crusher,4307.4,102.86,8.6,164.63,421.7,72.44,70,1,medium,day,1
EQ-CONVEYOR-BELT-079,conveyor_belt,3217.6,59.33,3.71,61.54,229.14,80.79,39,4,low,night,0
EQ-HAUL-TRUCK-038,haul_truck,7941.2,81.65,2.56,126.5,455.69,72.56,46,4,medium,night,0
EQ-DRILL-RIG-138,drill_rig,3776.7,73.78,8.62,255.48,467.07,78.15,57,1,medium,day,1
EQ-CRUSHER-080,crusher,6444.6,82.98,10.71,218.47,584.91,83.59,13,0,medium,day,1
EQ-HAUL-TRUCK-087,haul_truck,6462.8,83.57,3.58,163.39,385.4,65.11,4,1,medium,day,0
EQ-CONVEYOR-BELT-070,conveyor_belt,4472.6,58.57,2.37,115.87,40.0,59.12,52,1,low,night,0
EQ-BALL-MILL-014,ball_mill,4727.7,95.64,6.12,121.73,567.03,98.66,39,0,medium,day,0
EQ-DRILL-RIG-118,drill_rig,4735.9,86.25,4.67,225.39,488.6,60.96,12,1,high,night,1
EQ-EXCAVATOR-050,excavator,5154.2,75.79,5.43,203.3,351.64,75.01,54,1,medium,day,0
EQ-HAUL-TRUCK-037,haul_truck,2213.3,90.29,5.53,168.34,460.9,79.79,11,2,high,night,1
EQ-BALL-MILL-118,ball_mill,9552.2,87.49,7.04,137.63,556.39,73.22,37,3,medium,night,0
EQ-BALL-MILL-030,ball_mill,4280.0,103.78,9.15,210.33,605.07,97.26,53,0,high,day,1
EQ-CRUSHER-103,crusher,7070.1,99.91,7.16,151.47,626.42,96.49,66,1,medium,night,1
EQ-CONVEYOR-BELT-072,conveyor_belt,4317.9,58.91,0.45,118.3,134.48,63.9,27,2,low,day,0
EQ-CRUSHER-120,crusher,4432.9,90.14,7.07,161.49,554.78,101.6,63,1,high,night,1
EQ-CRUSHER-008,crusher,2965.5,92.62,9.44,198.87,646.18,96.75,29,1,medium,day,1
EQ-HAUL-TRUCK-117,haul_truck,3174.1,88.12,4.73,156.53,488.16,80.17,16,2,high,night,0
EQ-HAUL-TRUCK-035,haul_truck,1408.0,79.98,5.15,152.18,308.02,61.39,21,3,medium,day,0
EQ-EXCAVATOR-131,excavator,8723.0,84.5,4.75,170.95,300.62,74.69,24,0,medium,night,0
EQ-DRILL-RIG-054,drill_rig,6538.9,80.63,6.07,219.34,366.62,73.44,1,2,low,day,0
EQ-HAUL-TRUCK-002,haul_truck,2960.3,89.87,4.53,144.26,497.97,98.94,57,3,medium,night,1
EQ-EXCAVATOR-074,excavator,4126.1,62.09,4.67,206.2,414.46,94.88,45,1,medium,day,0
EQ-CRUSHER-009,crusher,5187.1,89.16,7.84,178.34,569.15,74.77,21,1,high,day,0
EQ-HAUL-TRUCK-041,haul_truck,2304.3,88.58,4.38,161.91,429.27,61.76,47,1,high,night,0
EQ-HAUL-TRUCK-108,haul_truck,2824.0,89.82,4.8,133.15,408.37,70.11,11,0,medium,day,0
EQ-CONVEYOR-BELT-085,conveyor_belt,3867.8,54.35,4.36,108.87,169.01,69.61,49,2,medium,day,0
EQ-EXCAVATOR-107,excavator,7293.7,66.21,5.65,204.13,424.05,72.14,55,1,low,night,0
EQ-CONVEYOR-BELT-132,conveyor_belt,2918.6,62.98,2.93,81.13,209.42,80.31,9,0,medium,day,0
EQ-BALL-MILL-071,ball_mill,5252.4,101.05,7.81,205.6,576.91,79.21,60,0,high,night,0
EQ-HAUL-TRUCK-082,haul_truck,8516.5,84.7,6.26,139.9,528.57,80.27,30,0,medium,day,0
EQ-BALL-MILL-009,ball_mill,6574.9,88.38,6.79,185.76,692.15,91.57,30,1,medium,night,1
EQ-BALL-MILL-044,ball_mill,2169.5,88.23,7.46,189.55,542.44,58.72,9,0,high,night,0
EQ-DRILL-RIG-109,drill_rig,3225.2,85.81,5.41,218.38,479.96,87.24,67,2,low,day,0
EQ-CONVEYOR-BELT-010,conveyor_belt,3879.7,64.13,3.25,109.6,261.58,81.97,67,0,high,day,0
EQ-CONVEYOR-BELT-054,conveyor_belt,2723.4,69.44,5.57,87.09,157.17,75.81,90,3,medium,night,0
EQ-CONVEYOR-BELT-021,conveyor_belt,1442.9,62.72,2.93,81.78,71.72,73.55,72,0,low,night,0
EQ-CONVEYOR-BELT-129,conveyor_belt,6093.9,53.04,3.72,107.98,129.23,70.57,39,0,medium,day,0
EQ-HAUL-TRUCK-085,haul_truck,2059.6,71.08,7.39,169.08,456.59,81.73,43,1,low,day,0
EQ-BALL-MILL-097,ball_mill,2949.2,71.59,8.15,166.08,690.2,110.0,4,0,medium,day,1
EQ-CONVEYOR-BELT-103,conveyor_belt,4705.7,62.44,2.22,79.44,183.12,80.54,3,3,medium,night,0
EQ-DRILL-RIG-034,drill_rig,4019.1,84.73,7.95,270.02,456.71,99.0,31,0,low,night,0
EQ-EXCAVATOR-008,excavator,2705.1,74.58,4.64,243.53,510.46,86.27,31,3,medium,day,1
EQ-HAUL-TRUCK-060,haul_truck,7658.3,88.62,3.22,152.09,539.24,68.47,16,0,medium,night,0
EQ-CRUSHER-028,crusher,2375.7,95.63,8.38,211.86,539.28,75.33,32,1,low,night,0
EQ-CRUSHER-049,crusher,5697.8,85.12,8.37,212.22,530.58,91.44,18,3,high,night,0
EQ-CRUSHER-048,crusher,5076.4,84.07,7.79,131.12,512.43,93.8,68,1,medium,day,1
EQ-EXCAVATOR-118,excavator,5213.6,75.12,5.1,239.65,389.38,86.11,36,1,medium,day,0
EQ-EXCAVATOR-048,excavator,1752.4,73.7,2.74,212.7,376.4,71.87,20,1,medium,day,0
EQ-CRUSHER-023,crusher,3900.5,84.91,7.56,166.46,593.41,93.11,68,0,low,night,0
EQ-EXCAVATOR-144,excavator,4505.9,81.09,5.63,222.68,347.39,58.2,11,0,high,day,0
EQ-BALL-MILL-008,ball_mill,4811.3,94.56,9.28,167.32,609.45,81.83,115,0,medium,day,1
EQ-HAUL-TRUCK-031,haul_truck,3686.9,90.05,4.48,149.5,494.87,67.14,40,0,low,night,0
EQ-EXCAVATOR-053,excavator,5266.6,76.87,4.05,249.31,449.71,66.99,31,2,medium,night,1
EQ-EXCAVATOR-010,excavator,3783.9,88.61,8.27,194.21,394.4,86.18,7,0,medium,day,0
EQ-CRUSHER-135,crusher,2640.8,89.98,9.64,165.98,512.89,61.36,34,0,low,day,0
EQ-CRUSHER-053,crusher,2722.4,90.09,5.52,204.43,485.99,65.62,29,3,medium,day,0
EQ-CONVEYOR-BELT-118,conveyor_belt,4915.3,54.6,6.44,110.82,215.39,76.28,52,1,medium,day,0
EQ-BALL-MILL-021,ball_mill,2784.0,92.62,8.79,164.81,652.97,96.42,31,3,medium,day,1
EQ-EXCAVATOR-079,excavator,5452.0,70.78,4.12,215.83,310.77,69.7,11,0,medium,day,0
EQ-CONVEYOR-BELT-019,conveyor_belt,2774.9,70.49,2.44,110.47,217.3,78.7,27,1,medium,day,0
EQ-HAUL-TRUCK-035,haul_truck,2248.8,86.0,4.3,180.77,534.55,76.35,18,1,low,night,0
EQ-EXCAVATOR-062,excavator,8781.7,80.18,4.57,193.54,327.8,60.25,11,2,medium,night,0
EQ-CRUSHER-130,crusher,7005.8,77.75,5.9,154.26,475.49,96.54,75,1,medium,day,0
EQ-HAUL-TRUCK-046,haul_truck,4226.0,74.16,5.32,158.8,476.92,77.17,6,2,medium,night,0
EQ-CONVEYOR-BELT-114,conveyor_belt,3168.7,70.82,1.71,114.65,121.34,72.77,69,2,medium,day,0
EQ-CONVEYOR-BELT-014,conveyor_belt,5496.6,67.93,0.2,73.96,206.13,56.4,35,1,medium,night,0
EQ-CONVEYOR-BELT-038,conveyor_belt,9666.4,70.09,3.86,103.3,69.25,57.71,55,0,medium,night,0
EQ-CRUSHER-091,crusher,3346.1,84.09,6.43,131.73,580.72,86.78,79,0,medium,night,1
EQ-CONVEYOR-BELT-071,conveyor_belt,8614.3,66.04,3.96,83.95,329.14,75.78,20,0,medium,night,0
EQ-CRUSHER-076,crusher,3161.3,101.93,10.13,162.26,580.52,85.49,37,4,medium,day,1
EQ-HAUL-TRUCK-102,haul_truck,1910.7,85.79,7.15,149.36,533.21,93.22,22,3,medium,day,0
EQ-HAUL-TRUCK-012,haul_truck,4123.2,78.5,4.82,174.63,397.54,65.63,29,3,low,day,0
EQ-CONVEYOR-BELT-105,conveyor_belt,1730.5,65.73,2.77,136.99,157.54,65.15,52,2,medium,day,0
EQ-BALL-MILL-130,ball_mill,5369.2,86.08,6.59,150.26,533.21,82.89,33,1,low,night,0
EQ-HAUL-TRUCK-115,haul_truck,2170.7,87.22,4.12,140.02,553.94,78.25,36,1,high,day,0
EQ-CONVEYOR-BELT-043,conveyor_belt,5017.6,59.84,2.95,61.42,126.37,75.58,15,2,medium,day,0
EQ-DRILL-RIG-053,drill_rig,5909.2,76.96,5.41,271.36,408.92,72.56,31,1,medium,night,0
EQ-DRILL-RIG-145,drill_rig,8242.5,89.31,3.99,236.01,424.36,79.09,24,1,medium,night,0
EQ-CRUSHER-119,crusher,1922.8,91.55,10.48,196.89,543.1,79.07,34,2,medium,night,1
EQ-CONVEYOR-BELT-140,conveyor_belt,2947.3,66.06,2.53,93.55,145.37,65.46,14,0,high,night,0
EQ-CONVEYOR-BELT-138,conveyor_belt,3435.1,70.37,5.39,88.5,107.65,61.75,21,0,medium,night,0
EQ-DRILL-RIG-066,drill_rig,5149.8,77.95,5.39,197.59,411.22,66.16,41,3,medium,day,1
EQ-HAUL-TRUCK-020,haul_truck,3781.0,88.78,6.31,89.61,372.63,75.74,50,2,medium,night,0
EQ-BALL-MILL-035,ball_mill,2442.1,72.09,7.15,144.46,614.0,86.14,38,0,medium,day,0
EQ-HAUL-TRUCK-045,haul_truck,3146.4,85.11,4.64,189.9,545.17,81.65,27,1,high,day,0
EQ-DRILL-RIG-126,drill_rig,4455.6,78.06,6.42,234.65,508.78,73.29,20,1,medium,night,0
EQ-HAUL-TRUCK-042,haul_truck,3326.3,88.25,4.64,133.76,421.88,74.46,6,2,medium,day,0
EQ-HAUL-TRUCK-055,haul_truck,7706.4,85.2,5.96,196.42,386.18,89.11,76,1,low,day,0
EQ-HAUL-TRUCK-128,haul_truck,4792.9,89.32,3.2,147.51,486.11,84.91,66,1,high,day,0
EQ-CRUSHER-025,crusher,2443.3,77.09,8.81,227.63,514.43,74.13,84,2,medium,night,1
EQ-EXCAVATOR-100,excavator,3951.6,75.65,5.25,226.26,301.5,75.56,82,1,low,night,0
EQ-HAUL-TRUCK-083,haul_truck,5290.2,81.33,3.23,118.36,462.45,91.89,42,0,medium,day,0
EQ-CRUSHER-148,crusher,4599.6,95.7,5.07,148.18,480.19,82.27,132,0,medium,night,1
EQ-CRUSHER-074,crusher,3233.2,88.34,8.48,165.57,560.74,75.25,30,2,low,day,1
EQ-DRILL-RIG-079,drill_rig,3670.7,80.45,7.66,237.5,442.17,88.65,37,1,medium,night,0
EQ-BALL-MILL-128,ball_mill,3901.3,76.35,7.51,177.04,688.63,93.07,20,1,medium,day,1
EQ-CONVEYOR-BELT-149,conveyor_belt,6211.3,56.02,2.35,91.05,145.74,78.11,10,0,low,day,0
EQ-HAUL-TRUCK-110,haul_truck,5356.7,95.33,3.54,139.3,474.82,78.85,23,1,high,night,0
EQ-EXCAVATOR-105,excavator,1896.3,82.08,4.55,199.06,436.48,62.16,22,1,high,night,0
EQ-BALL-MILL-132,ball_mill,7533.2,77.51,4.7,146.03,591.24,101.29,55,1,medium,day,1
EQ-HAUL-TRUCK-147,haul_truck,8590.7,94.16,4.52,168.01,544.31,77.34,39,2,medium,day,0
EQ-CRUSHER-111,crusher,3379.4,96.76,7.54,187.85,635.88,81.03,47,0,high,night,0
EQ-BALL-MILL-044,ball_mill,5022.9,90.57,2.76,158.88,553.39,82.0,42,1,medium,day,0
EQ-BALL-MILL-097,ball_mill,11318.2,88.9,7.52,172.3,596.6,99.64,43,1,high,day,1
EQ-CRUSHER-036,crusher,4052.7,93.17,6.84,208.43,544.53,108.72,21,1,low,night,1
EQ-CONVEYOR-BELT-076,conveyor_belt,4447.5,64.9,2.61,62.17,190.02,55.75,41,1,medium,day,0
EQ-CRUSHER-067,crusher,5532.0,83.07,9.79,230.34,502.13,86.43,58,0,medium,day,0
EQ-DRILL-RIG-149,drill_rig,7088.6,81.36,7.62,251.64,454.87,71.08,74,0,medium,day,0
EQ-HAUL-TRUCK-084,haul_truck,1600.6,83.78,6.29,194.09,363.77,73.11,65,2,medium,day,0
EQ-HAUL-TRUCK-144,haul_truck,3997.6,78.53,3.69,179.55,487.92,61.12,52,2,low,day,0
EQ-CONVEYOR-BELT-122,conveyor_belt,7077.8,59.39,0.56,73.72,251.15,76.61,39,3,low,night,0
EQ-EXCAVATOR-128,excavator,5615.4,75.71,2.62,171.05,371.95,63.71,25,0,medium,day,0
EQ-CONVEYOR-BELT-026,conveyor_belt,4803.5,59.11,3.86,59.78,151.56,66.15,43,0,low,night,0
EQ-EXCAVATOR-117,excavator,4459.7,82.15,5.2,236.63,400.16,62.86,86,1,low,day,0
EQ-BALL-MILL-038,ball_mill,6916.7,92.38,8.11,140.57,631.2,82.29,28,2,medium,day,0
EQ-DRILL-RIG-087,drill_rig,5312.6,89.17,4.8,204.77,364.63,67.11,99,1,low,night,1
EQ-CRUSHER-073,crusher,8293.7,90.87,9.54,192.32,503.47,76.37,44,2,low,day,1
EQ-DRILL-RIG-039,drill_rig,3761.4,83.84,5.57,239.39,414.94,74.29,76,1,low,night,0
EQ-EXCAVATOR-148,excavator,1267.9,83.6,6.19,208.48,351.05,84.76,22,1,high,day,0
EQ-CRUSHER-132,crusher,6531.4,95.73,6.69,201.44,596.45,77.19,20,0,low,night,0
EQ-HAUL-TRUCK-087,haul_truck,3576.7,82.59,4.27,182.14,487.15,81.62,11,0,medium,night,1
EQ-DRILL-RIG-002,drill_rig,4182.4,87.03,5.9,304.84,276.46,66.86,85,1,low,day,0
EQ-DRILL-RIG-028,drill_rig,4589.5,85.91,5.9,202.66,253.7,67.8,44,1,low,night,0
EQ-BALL-MILL-035,ball_mill,3196.9,79.67,11.03,202.75,555.72,88.7,57,2,medium,day,1
EQ-DRILL-RIG-146,drill_rig,2131.3,89.03,3.99,245.71,541.21,78.02,37,2,medium,day,0
EQ-BALL-MILL-061,ball_mill,6341.0,87.0,6.87,154.95,564.98,84.55,39,2,medium,day,1
EQ-EXCAVATOR-008,excavator,785.3,71.61,5.13,240.9,423.96,87.81,10,1,medium,night,0
EQ-BALL-MILL-088,ball_mill,9827.2,91.55,6.7,171.56,558.4,84.28,44,1,medium,night,0
EQ-CONVEYOR-BELT-143,conveyor_belt,4232.5,70.65,2.98,58.92,151.75,61.89,62,1,low,night,0
EQ-CRUSHER-085,crusher,1280.4,92.29,9.11,186.58,618.1,82.47,5,1,high,night,0
EQ-CONVEYOR-BELT-067,conveyor_belt,6774.6,65.39,3.89,82.77,102.96,65.77,25,1,low,day,0
EQ-EXCAVATOR-027,excavator,1581.7,91.06,4.71,237.61,329.89,59.0,18,3,high,night,1
EQ-EXCAVATOR-132,excavator,3138.2,83.02,4.89,217.11,272.25,76.26,51,2,medium,night,0
EQ-EXCAVATOR-016,excavator,8712.3,77.02,4.27,178.01,314.35,79.56,49,1,medium,night,0
EQ-HAUL-TRUCK-141,haul_truck,5121.3,90.98,5.26,132.06,494.41,82.39,57,0,medium,night,1
EQ-CRUSHER-034,crusher,4777.4,99.99,6.53,216.93,493.89,63.58,1,0,medium,night,0
EQ-BALL-MILL-021,ball_mill,5075.4,98.26,8.66,180.29,528.92,79.65,37,2,medium,day,1
EQ-CONVEYOR-BELT-053,conveyor_belt,2640.3,70.21,3.84,141.53,241.45,71.71,6,2,high,night,0
EQ-CRUSHER-001,crusher,1118.1,79.35,7.95,172.66,552.21,89.96,43,1,medium,night,0
EQ-CRUSHER-003,crusher,5202.8,99.04,6.16,185.16,582.29,102.89,10,2,high,night,1
EQ-CRUSHER-028,crusher,4897.4,80.26,6.73,136.59,472.23,89.19,48,0,low,day,0
EQ-HAUL-TRUCK-104,haul_truck,3873.9,82.65,3.73,177.92,351.35,83.61,11,1,low,day,0
EQ-DRILL-RIG-123,drill_rig,7577.5,81.29,5.84,246.27,442.71,66.0,15,0,medium,night,0
EQ-HAUL-TRUCK-038,haul_truck,5926.1,86.79,4.19,154.67,456.17,73.14,71,2,high,night,1
EQ-CONVEYOR-BELT-097,conveyor_belt,2307.2,59.04,3.92,109.52,191.17,89.54,32,0,medium,night,0
EQ-DRILL-RIG-053,drill_rig,3438.8,67.01,4.62,205.16,304.33,48.13,32,3,high,night,0
EQ-CONVEYOR-BELT-065,conveyor_belt,3114.6,64.01,2.29,75.96,244.47,75.52,15,2,medium,day,0
EQ-DRILL-RIG-051,drill_rig,2679.1,96.95,7.0,246.08,417.27,69.33,66,1,high,night,1
EQ-EXCAVATOR-134,excavator,7154.5,86.4,4.31,219.53,369.34,66.34,44,3,high,day,0
EQ-BALL-MILL-077,ball_mill,3430.1,86.57,5.48,198.34,502.43,78.56,42,1,medium,day,0
EQ-CONVEYOR-BELT-076,conveyor_belt,5976.6,61.94,2.47,86.96,216.0,82.26,13,2,medium,day,0
EQ-DRILL-RIG-129,drill_rig,5259.9,83.91,8.38,229.64,434.51,68.73,37,0,medium,day,0
EQ-CONVEYOR-BELT-099,conveyor_belt,2277.1,58.98,4.13,64.72,168.05,78.05,145,0,high,day,0
EQ-DRILL-RIG-023,drill_rig,7153.3,90.52,7.01,244.43,440.34,76.11,20,0,medium,night,0
EQ-BALL-MILL-029,ball_mill,4054.4,89.83,9.62,196.37,576.99,80.19,70,1,medium,day,1
EQ-CRUSHER-052,crusher,3433.8,78.86,5.58,201.25,438.0,76.94,4,3,high,night,0
EQ-DRILL-RIG-015,drill_rig,1967.8,63.82,5.73,226.0,283.2,81.46,56,2,medium,day,1
EQ-CONVEYOR-BELT-104,conveyor_belt,2756.3,68.96,2.47,31.85,123.55,72.36,46,1,medium,night,0
EQ-CRUSHER-075,crusher,2460.7,80.83,6.96,220.12,547.93,77.28,29,0,medium,day,0
EQ-BALL-MILL-007,ball_mill,1715.2,79.3,5.94,192.78,656.96,92.69,44,4,medium,night,1
EQ-CRUSHER-061,crusher,5084.8,78.52,5.24,199.63,647.68,81.87,45,2,medium,night,0
EQ-CONVEYOR-BELT-125,conveyor_belt,2514.0,64.97,3.94,91.19,264.67,65.66,45,2,low,day,0
EQ-HAUL-TRUCK-137,haul_truck,4350.0,81.78,4.65,198.48,471.46,64.68,26,1,high,day,0
EQ-EXCAVATOR-145,excavator,6816.4,73.58,7.28,201.77,481.2,65.1,23,1,medium,day,0
EQ-DRILL-RIG-139,drill_rig,5662.0,94.04,6.02,237.23,338.16,76.37,18,1,high,day,0
EQ-CRUSHER-092,crusher,4660.3,99.89,11.5,168.32,683.34,85.02,9,0,medium,day,0
EQ-CRUSHER-140,crusher,1352.5,87.46,6.88,153.92,525.09,83.14,32,2,high,day,1
EQ-EXCAVATOR-144,excavator,1719.8,80.8,6.29,260.66,455.74,92.04,64,2,medium,night,0
EQ-CRUSHER-096,crusher,3040.1,93.04,8.25,222.25,502.66,87.36,22,2,medium,day,0
EQ-DRILL-RIG-062,drill_rig,4832.2,96.98,8.3,237.52,367.8,67.52,13,2,high,day,1
EQ-BALL-MILL-145,ball_mill,2491.5,80.75,7.86,150.11,530.45,95.26,18,0,medium,day,1
EQ-HAUL-TRUCK-063,haul_truck,2458.2,89.7,5.57,169.95,529.75,68.53,36,0,high,day,1
EQ-CONVEYOR-BELT-025,conveyor_belt,6661.9,50.89,3.32,85.43,198.19,65.63,36,0,medium,day,0
EQ-CRUSHER-016,crusher,3650.3,85.3,8.42,163.28,478.2,81.21,17,1,low,night,0
EQ-CONVEYOR-BELT-086,conveyor_belt,1764.8,64.23,4.14,86.19,173.18,68.04,33,3,medium,night,0
EQ-CRUSHER-006,crusher,4887.0,104.54,5.69,177.61,684.57,95.15,29,1,high,day,1
EQ-CRUSHER-018,crusher,2107.9,86.13,8.03,152.96,430.46,61.7,48,0,medium,day,0
EQ-CRUSHER-037,crusher,4828.3,91.85,6.45,195.13,511.27,70.26,81,2,medium,day,0
EQ-CONVEYOR-BELT-080,conveyor_belt,3375.6,74.38,1.84,80.62,262.57,81.68,22,2,low,night,0
EQ-CRUSHER-072,crusher,4168.7,84.28,8.21,224.62,621.1,95.27,19,3,medium,day,0
EQ-CRUSHER-077,crusher,2422.5,99.39,7.54,187.68,530.32,79.53,36,0,high,night,1
EQ-DRILL-RIG-077,drill_rig,3280.0,99.49,3.92,224.53,361.21,78.31,41,1,high,night,0
EQ-CONVEYOR-BELT-150,conveyor_belt,3053.3,66.97,3.01,79.39,244.08,95.69,50,1,medium,night,0
EQ-EXCAVATOR-033,excavator,2576.4,68.18,6.24,222.8,374.77,60.08,8,2,low,day,0
EQ-DRILL-RIG-072,drill_rig,3333.4,72.3,6.62,224.79,395.89,83.28,111,1,low,night,0
EQ-DRILL-RIG-092,drill_rig,1356.6,64.86,7.08,228.16,323.3,68.01,27,0,low,day,0
EQ-HAUL-TRUCK-042,haul_truck,5500.9,91.26,6.3,168.44,356.69,79.95,20,0,high,day,0
EQ-CONVEYOR-BELT-028,conveyor_belt,5354.6,76.35,3.14,101.21,150.9,66.5,13,1,medium,night,0
EQ-EXCAVATOR-007,excavator,3429.0,84.92,4.71,243.08,465.12,80.58,23,1,medium,night,0
EQ-CONVEYOR-BELT-049,conveyor_belt,3478.5,69.26,2.14,65.9,103.23,72.52,9,2,high,day,0
EQ-EXCAVATOR-039,excavator,3273.6,83.61,6.74,216.21,345.43,78.85,69,0,high,day,0
EQ-CONVEYOR-BELT-030,conveyor_belt,5493.9,67.52,2.64,92.09,109.94,71.05,29,3,medium,day,0
EQ-EXCAVATOR-041,excavator,2976.2,82.48,7.42,241.47,455.7,100.28,19,0,high,night,0
EQ-CRUSHER-105,crusher,6082.8,88.64,7.28,214.46,623.0,84.14,61,1,medium,day,1
EQ-BALL-MILL-125,ball_mill,1997.6,89.03,6.77,155.98,548.58,60.22,28,0,medium,day,1
EQ-CRUSHER-078,crusher,6098.5,96.85,6.51,164.9,453.22,78.89,19,0,high,day,0
EQ-DRILL-RIG-010,drill_rig,1143.2,73.74,7.87,221.92,442.11,73.04,91,1,low,night,0
EQ-BALL-MILL-111,ball_mill,3213.9,100.52,5.08,144.02,689.35,77.5,23,1,high,night,0
EQ-DRILL-RIG-023,drill_rig,5543.5,81.68,3.86,222.56,454.5,95.88,5,3,medium,day,0
EQ-HAUL-TRUCK-009,haul_truck,5944.4,87.95,4.93,129.39,445.47,89.65,33,5,high,night,0
EQ-DRILL-RIG-086,drill_rig,2042.2,83.68,5.13,199.14,377.83,83.22,30,0,low,day,0
EQ-HAUL-TRUCK-064,haul_truck,4946.1,87.38,4.2,173.85,553.27,60.09,20,2,medium,night,1
EQ-CRUSHER-047,crusher,4704.0,83.58,9.2,182.96,465.99,68.06,17,1,high,night,0
EQ-DRILL-RIG-146,drill_rig,5075.0,80.27,5.85,213.94,417.89,90.95,35,1,high,day,1
EQ-CONVEYOR-BELT-014,conveyor_belt,10719.4,67.17,2.41,52.06,215.97,65.67,24,3,high,night,0
EQ-CRUSHER-009,crusher,11269.2,94.55,9.8,189.13,518.82,87.19,27,0,medium,night,1
EQ-CRUSHER-089,crusher,6788.7,90.47,8.57,167.35,534.46,85.1,40,3,medium,day,1
EQ-DRILL-RIG-063,drill_rig,2520.0,86.37,5.9,194.9,414.1,78.22,25,1,medium,day,0
EQ-CONVEYOR-BELT-121,conveyor_belt,3124.1,59.87,3.23,132.17,101.76,48.42,21,2,medium,night,0
EQ-CRUSHER-007,crusher,4244.4,78.31,8.68,163.95,651.74,110.0,51,3,medium,day,1
EQ-BALL-MILL-063,ball_mill,3224.4,84.51,6.1,182.46,514.83,62.91,24,0,medium,night,0
EQ-EXCAVATOR-022,excavator,2527.8,81.72,5.02,224.94,330.98,86.38,20,3,medium,day,0
EQ-HAUL-TRUCK-007,haul_truck,5991.3,86.94,4.95,146.43,360.2,95.26,11,2,low,night,0
EQ-CONVEYOR-BELT-070,conveyor_belt,2018.6,62.45,3.83,106.9,160.03,85.72,16,1,high,night,0
EQ-BALL-MILL-111,ball_mill,1194.8,87.26,5.67,155.35,609.97,84.08,12,2,high,night,1
EQ-EXCAVATOR-024,excavator,5370.1,67.18,8.61,203.34,331.92,56.66,10,0,medium,day,0
EQ-EXCAVATOR-127,excavator,5283.1,88.2,3.78,236.4,302.22,60.42,18,1,high,night,0
EQ-HAUL-TRUCK-078,haul_truck,1758.3,93.41,4.8,174.8,452.97,54.27,41,1,high,day,0
EQ-DRILL-RIG-073,drill_rig,1735.1,80.02,5.29,252.98,470.33,68.77,32,1,medium,night,0
EQ-EXCAVATOR-139,excavator,3792.9,74.13,3.55,176.12,401.28,66.32,25,0,medium,night,0
EQ-CRUSHER-050,crusher,4399.1,78.47,6.42,170.77,424.01,85.09,44,2,high,day,0
EQ-BALL-MILL-031,ball_mill,3273.9,77.16,6.09,139.32,575.46,67.74,21,1,medium,night,0
EQ-HAUL-TRUCK-118,haul_truck,2948.6,75.82,7.35,155.76,496.17,97.7,39,4,low,day,0
EQ-CONVEYOR-BELT-017,conveyor_belt,3686.1,70.96,3.38,75.77,231.2,76.12,49,0,medium,day,0
EQ-CRUSHER-131,crusher,5177.1,103.79,8.6,179.38,559.98,98.45,5,3,high,night,1
EQ-DRILL-RIG-124,drill_rig,1801.1,79.97,5.89,240.29,390.1,83.63,31,1,medium,day,0
EQ-EXCAVATOR-147,excavator,4076.2,89.4,4.2,243.25,257.84,74.81,42,0,low,night,0
EQ-CRUSHER-070,crusher,2528.1,91.39,7.09,173.5,559.88,83.13,40,1,low,day,0
EQ-HAUL-TRUCK-094,haul_truck,10069.3,81.96,7.77,148.9,377.77,66.07,33,2,high,day,0
EQ-CONVEYOR-BELT-133,conveyor_belt,4193.8,64.01,1.8,82.47,173.63,76.64,22,2,medium,night,0
EQ-DRILL-RIG-020,drill_rig,7382.7,83.54,5.84,240.89,412.78,71.24,27,0,high,day,0
EQ-HAUL-TRUCK-046,haul_truck,5045.9,82.64,7.81,171.17,450.33,93.57,72,2,medium,night,1
EQ-CRUSHER-071,crusher,8636.0,97.98,5.44,213.43,619.33,98.61,6,6,high,night,1
EQ-BALL-MILL-095,ball_mill,3718.7,72.35,8.32,133.37,505.89,68.39,18,0,low,day,0
EQ-HAUL-TRUCK-102,haul_truck,3959.6,87.16,6.34,163.4,568.32,72.59,32,1,high,day,0
EQ-EXCAVATOR-139,excavator,3465.5,80.67,4.32,244.96,273.5,54.75,10,2,high,day,0
EQ-CONVEYOR-BELT-074,conveyor_belt,2692.7,62.2,2.16,107.56,141.82,64.52,26,0,medium,night,0
EQ-EXCAVATOR-026,excavator,1862.8,69.02,6.42,222.94,457.51,77.81,51,1,medium,day,1
EQ-EXCAVATOR-029,excavator,4413.1,98.25,4.41,199.15,428.0,76.81,46,1,high,night,0
EQ-CRUSHER-121,crusher,5892.9,105.35,6.81,137.59,491.31,76.2,31,2,high,night,1
EQ-HAUL-TRUCK-070,haul_truck,1769.1,80.71,3.78,132.4,519.6,93.06,35,0,medium,day,0
EQ-CRUSHER-095,crusher,3615.1,97.32,7.21,187.19,507.36,71.2,3,0,medium,night,0
EQ-CONVEYOR-BELT-085,conveyor_belt,3029.5,78.82,2.25,110.61,117.67,77.4,13,3,high,day,0
EQ-CONVEYOR-BELT-122,conveyor_belt,7264.6,78.95,5.04,78.08,87.78,57.58,20,1,medium,night,0
EQ-HAUL-TRUCK-033,haul_truck,2235.2,81.99,4.78,193.3,377.15,52.06,25,0,medium,day,0
EQ-DRILL-RIG-026,drill_rig,3875.4,73.13,5.79,218.94,325.14,61.61,53,0,medium,night,0
EQ-HAUL-TRUCK-111,haul_truck,5397.9,86.99,4.54,155.4,409.28,83.97,94,2,low,day,0
EQ-DRILL-RIG-066,drill_rig,2497.8,82.93,5.75,210.08,304.76,66.52,27,0,high,night,0
EQ-EXCAVATOR-123,excavator,3900.7,85.79,2.47,185.93,363.21,69.14,26,1,high,day,0
EQ-DRILL-RIG-020,drill_rig,5991.5,81.92,7.01,219.74,514.81,80.09,31,0,medium,night,0
EQ-HAUL-TRUCK-041,haul_truck,2480.4,75.32,4.95,178.9,512.35,88.8,17,2,medium,night,0
EQ-HAUL-TRUCK-145,haul_truck,5106.6,79.91,7.43,157.39,428.94,80.93,78,0,medium,night,1
EQ-CRUSHER-127,crusher,1584.2,98.81,8.77,150.43,520.81,70.23,16,2,low,night,0
EQ-HAUL-TRUCK-010,haul_truck,3582.8,82.17,6.91,140.65,403.32,84.08,16,3,high,day,1
EQ-EXCAVATOR-123,excavator,6453.4,73.75,4.76,229.22,423.62,86.77,21,0,high,day,0
EQ-CONVEYOR-BELT-010,conveyor_belt,5206.2,65.32,1.25,77.96,186.49,73.56,85,0,medium,day,0
EQ-DRILL-RIG-019,drill_rig,6640.5,76.55,7.82,213.19,357.25,74.85,42,0,low,night,0
EQ-HAUL-TRUCK-135,haul_truck,836.2,90.69,6.33,155.64,451.09,89.1,31,2,low,day,0
EQ-BALL-MILL-019,ball_mill,1010.9,70.82,4.36,198.41,581.81,78.46,25,0,medium,day,0
EQ-DRILL-RIG-046,drill_rig,3648.2,76.2,8.43,192.08,322.21,72.1,29,2,low,night,1
EQ-DRILL-RIG-021,drill_rig,2595.9,82.47,5.88,229.17,408.11,71.54,13,0,medium,day,0
EQ-CONVEYOR-BELT-090,conveyor_belt,3738.0,57.65,1.43,76.85,150.3,58.94,4,0,high,night,0
EQ-CONVEYOR-BELT-009,conveyor_belt,6125.1,63.31,2.94,106.14,135.74,59.4,56,1,medium,day,0
EQ-CRUSHER-044,crusher,7703.3,85.06,7.82,207.35,558.48,76.7,11,2,high,day,1
EQ-CONVEYOR-BELT-049,conveyor_belt,9350.7,56.97,1.72,84.03,263.68,69.54,76,1,low,night,0
EQ-BALL-MILL-098,ball_mill,3073.3,93.56,3.87,114.28,471.95,65.25,43,3,medium,day,0
EQ-HAUL-TRUCK-075,haul_truck,1467.4,88.99,8.64,172.16,467.58,79.75,27,0,high,night,0
EQ-EXCAVATOR-029,excavator,1252.9,82.83,4.97,224.01,398.82,80.38,40,3,high,day,0
EQ-HAUL-TRUCK-070,haul_truck,1992.5,85.53,6.01,213.08,418.58,72.68,34,1,medium,day,0
EQ-BALL-MILL-069,ball_mill,5840.1,85.42,6.99,218.96,595.1,88.19,30,0,medium,day,0
EQ-CRUSHER-054,crusher,4776.3,89.98,7.39,167.9,620.75,78.9,31,0,medium,day,0
EQ-CONVEYOR-BELT-081,conveyor_belt,7716.6,57.79,2.21,101.91,170.21,66.65,56,0,medium,night,0
EQ-DRILL-RIG-049,drill_rig,4921.7,67.25,7.83,215.54,350.6,75.1,41,2,low,day,0
EQ-BALL-MILL-051,ball_mill,3703.4,89.16,5.26,191.83,697.02,84.19,28,0,low,night,0
EQ-HAUL-TRUCK-118,haul_truck,3067.9,79.59,6.76,182.27,507.46,63.28,50,1,medium,night,0
EQ-DRILL-RIG-038,drill_rig,7215.1,86.51,6.73,230.86,451.75,89.55,82,1,low,day,1
EQ-BALL-MILL-050,ball_mill,1000.9,83.91,7.92,151.0,691.45,73.96,28,1,low,night,0
EQ-HAUL-TRUCK-022,haul_truck,2077.6,78.5,5.9,148.02,505.44,87.99,18,2,low,day,0
EQ-DRILL-RIG-105,drill_rig,5307.9,92.49,4.28,208.23,294.61,55.73,52,0,medium,night,0
EQ-EXCAVATOR-106,excavator,3226.3,88.1,6.09,167.53,524.93,87.05,28,1,high,day,0
EQ-CONVEYOR-BELT-102,conveyor_belt,5735.0,77.25,2.46,98.7,235.73,87.89,63,0,high,night,0
EQ-CRUSHER-026,crusher,5460.3,106.4,7.3,183.82,511.75,71.81,13,1,low,day,1
EQ-EXCAVATOR-068,excavator,5178.1,54.35,2.31,201.35,442.9,102.76,22,2,low,day,0
EQ-HAUL-TRUCK-044,haul_truck,5048.5,68.93,5.43,126.6,447.84,89.79,98,0,high,day,0
EQ-HAUL-TRUCK-115,haul_truck,5999.2,82.31,7.92,160.61,499.0,85.4,22,3,low,day,0
EQ-HAUL-TRUCK-051,haul_truck,6000.9,80.7,4.0,161.21,439.82,86.24,65,0,medium,night,0
EQ-CONVEYOR-BELT-063,conveyor_belt,3920.8,54.04,0.2,80.94,69.59,51.36,18,0,low,day,0
EQ-EXCAVATOR-069,excavator,3442.6,80.69,4.66,174.96,371.96,63.97,50,0,medium,night,0
EQ-HAUL-TRUCK-115,haul_truck,4603.6,72.58,2.73,181.74,434.99,80.59,15,0,medium,day,0
EQ-CONVEYOR-BELT-106,conveyor_belt,6761.2,59.6,3.3,61.08,181.29,75.92,53,0,medium,day,0
EQ-CONVEYOR-BELT-123,conveyor_belt,2612.0,62.75,1.21,113.25,190.12,81.84,26,2,medium,day,0
EQ-CRUSHER-065,crusher,3577.1,92.48,9.16,214.18,592.52,93.2,22,1,low,day,1
EQ-BALL-MILL-123,ball_mill,2998.0,93.78,7.07,163.48,515.0,87.13,26,0,medium,night,1
EQ-CRUSHER-131,crusher,2370.7,68.74,5.65,148.39,359.14,50.0,32,3,medium,day,0
EQ-DRILL-RIG-079,drill_rig,3134.9,83.46,5.14,199.45,483.19,78.69,36,0,high,night,0
EQ-HAUL-TRUCK-102,haul_truck,1935.5,86.0,3.51,189.05,428.57,72.89,12,1,medium,day,0
EQ-CONVEYOR-BELT-137,conveyor_belt,1796.3,54.64,5.96,93.14,132.47,62.66,39,1,low,day,0
EQ-BALL-MILL-126,ball_mill,8106.1,92.13,8.2,172.1,506.5,77.32,10,2,medium,day,0
EQ-DRILL-RIG-042,drill_rig,2242.0,83.7,7.8,229.56,404.46,88.28,59,0,low,night,0
EQ-CONVEYOR-BELT-108,conveyor_belt,5156.8,63.19,2.38,94.35,287.74,66.97,41,3,high,day,0
EQ-CONVEYOR-BELT-067,conveyor_belt,9340.0,61.4,2.79,89.7,184.01,77.99,41,2,high,night,0
EQ-EXCAVATOR-023,excavator,6497.2,76.05,5.32,208.74,352.6,79.67,53,1,low,day,1
EQ-CONVEYOR-BELT-056,conveyor_belt,5062.7,55.83,1.74,62.77,171.89,59.95,42,1,medium,day,0
EQ-DRILL-RIG-147,drill_rig,5477.2,87.48,7.4,183.96,395.48,78.35,84,0,medium,night,1
EQ-BALL-MILL-144,ball_mill,3024.3,88.33,4.51,170.23,638.81,82.88,15,0,medium,night,0
EQ-CRUSHER-118,crusher,6569.6,92.99,7.98,214.73,539.65,90.13,12,1,medium,night,0
EQ-HAUL-TRUCK-149,haul_truck,8460.3,77.35,4.53,173.82,438.69,90.38,86,1,medium,day,1
EQ-CONVEYOR-BELT-086,conveyor_belt,3307.7,64.69,3.23,81.19,210.41,70.29,42,0,medium,night,0
EQ-HAUL-TRUCK-114,haul_truck,1756.5,84.55,6.13,180.9,489.51,72.52,45,0,medium,day,0
EQ-EXCAVATOR-025,excavator,5888.1,79.81,5.25,198.04,359.6,67.62,14,4,medium,night,1
EQ-EXCAVATOR-045,excavator,10625.2,66.86,6.44,210.98,308.33,81.82,43,4,medium,day,0
EQ-CONVEYOR-BELT-026,conveyor_belt,2360.9,65.2,3.56,95.94,166.9,68.63,29,0,medium,night,0
EQ-HAUL-TRUCK-141,haul_truck,945.9,85.86,6.73,155.6,500.12,79.17,49,3,medium,day,1
EQ-HAUL-TRUCK-093,haul_truck,3601.4,104.78,3.95,178.96,397.71,83.93,33,4,medium,night,0
EQ-HAUL-TRUCK-140,haul_truck,2916.0,82.62,4.37,166.98,564.09,93.13,29,4,medium,night,0
EQ-DRILL-RIG-063,drill_rig,4312.8,90.24,8.0,254.01,471.14,81.14,33,0,medium,night,1
EQ-CONVEYOR-BELT-061,conveyor_belt,2690.2,55.1,0.75,78.46,185.89,74.22,20,0,medium,day,0
EQ-HAUL-TRUCK-102,haul_truck,3540.3,85.19,3.75,204.04,398.65,45.78,24,1,medium,day,0
EQ-HAUL-TRUCK-086,haul_truck,2274.3,85.02,5.18,165.01,341.82,87.51,67,3,medium,night,0
EQ-CONVEYOR-BELT-056,conveyor_belt,1277.3,55.03,3.63,98.24,226.4,71.84,44,2,low,night,0
EQ-EXCAVATOR-048,excavator,3731.8,77.65,3.9,186.43,372.25,69.56,28,2,medium,night,0
EQ-CONVEYOR-BELT-077,conveyor_belt,5330.8,53.63,3.58,87.24,101.54,68.97,44,1,low,day,0
EQ-CRUSHER-012,crusher,1975.7,85.79,9.21,195.91,571.35,80.5,39,1,medium,day,1
EQ-BALL-MILL-029,ball_mill,9803.6,78.61,7.79,162.04,641.34,110.0,24,0,medium,day,1
EQ-EXCAVATOR-007,excavator,4897.1,68.9,5.02,240.02,385.8,69.98,20,1,medium,night,0
EQ-CONVEYOR-BELT-024,conveyor_belt,3026.4,58.55,1.04,59.73,263.41,69.61,23,0,high,day,0
EQ-HAUL-TRUCK-030,haul_truck,7059.3,81.51,4.86,155.89,439.55,72.99,60,0,high,day,0
EQ-BALL-MILL-012,ball_mill,5998.5,102.13,10.67,165.89,618.1,79.21,28,0,high,night,1
EQ-BALL-MILL-009,ball_mill,5210.7,83.15,7.99,199.14,605.09,83.07,66,1,high,night,0
EQ-CONVEYOR-BELT-123,conveyor_belt,4229.6,62.57,3.65,49.5,189.06,65.2,22,1,low,night,0
EQ-CRUSHER-028,crusher,3069.0,83.52,8.14,175.02,638.57,101.43,18,0,medium,day,0
EQ-HAUL-TRUCK-084,haul_truck,4670.4,85.27,5.55,176.91,483.87,83.46,29,0,medium,day,0
EQ-DRILL-RIG-015,drill_rig,4221.9,78.94,6.76,232.33,475.1,87.85,38,0,low,day,1
EQ-CONVEYOR-BELT-143,conveyor_belt,6883.9,68.68,1.54,98.9,279.68,78.8,33,0,high,day,0
EQ-EXCAVATOR-036,excavator,5025.8,85.01,5.19,173.02,359.89,62.45,41,0,high,night,1
EQ-CRUSHER-113,crusher,3363.3,98.21,7.38,132.9,442.12,82.23,42,0,medium,day,0
EQ-CRUSHER-097,crusher,3336.4,89.61,7.37,226.24,531.97,82.16,48,0,high,day,1
EQ-DRILL-RIG-116,drill_rig,2649.6,87.7,4.33,219.97,403.51,66.46,15,1,medium,day,0
EQ-CONVEYOR-BELT-095,conveyor_belt,4333.0,62.34,2.49,72.49,219.57,72.28,21,1,medium,night,0
EQ-CONVEYOR-BELT-077,conveyor_belt,3144.9,71.74,2.41,83.56,84.34,71.48,35,1,low,night,0
EQ-CONVEYOR-BELT-116,conveyor_belt,2081.7,75.76,1.64,71.61,166.2,86.96,24,0,high,day,0
EQ-EXCAVATOR-123,excavator,5749.5,73.99,4.99,230.62,449.36,79.72,29,1,medium,day,0
EQ-EXCAVATOR-057,excavator,2999.1,79.27,6.19,234.62,483.79,92.82,32,2,medium,day,0
EQ-HAUL-TRUCK-142,haul_truck,3456.1,88.74,3.25,193.56,355.67,57.19,27,2,low,night,0
EQ-DRILL-RIG-149,drill_rig,7558.0,88.72,8.79,226.26,503.93,77.58,24,0,high,day,1
EQ-CRUSHER-109,crusher,6158.1,94.97,5.25,177.4,537.18,95.73,17,4,high,day,1
EQ-CRUSHER-140,crusher,4991.0,86.27,7.72,198.86,581.8,72.33,27,1,medium,night,0
EQ-EXCAVATOR-016,excavator,4310.6,82.49,3.76,181.77,424.62,62.58,23,1,high,night,0
EQ-HAUL-TRUCK-082,haul_truck,8339.2,89.16,3.29,177.93,552.22,69.68,51,2,medium,night,0
EQ-CONVEYOR-BELT-098,conveyor_belt,3510.8,55.05,1.74,112.81,175.61,79.07,45,2,high,day,0
EQ-EXCAVATOR-140,excavator,2686.1,80.93,5.55,200.19,258.92,51.62,14,2,medium,night,0
EQ-HAUL-TRUCK-019,haul_truck,6869.2,88.69,3.96,169.56,415.17,90.82,78,2,medium,day,0
EQ-DRILL-RIG-121,drill_rig,4995.9,79.89,6.04,259.58,397.49,62.84,24,1,high,day,1
EQ-EXCAVATOR-012,excavator,2406.9,79.09,5.07,211.38,431.89,81.56,11,1,high,night,0
EQ-CRUSHER-054,crusher,5000.7,91.99,5.92,188.42,452.78,83.26,22,3,medium,day,0
EQ-CRUSHER-104,crusher,1772.2,99.0,7.96,230.58,593.14,93.49,10,2,high,night,1
EQ-DRILL-RIG-044,drill_rig,6234.8,74.63,5.75,226.4,329.36,84.39,11,1,medium,day,0
EQ-EXCAVATOR-126,excavator,4396.0,75.98,6.61,170.65,430.84,88.2,133,0,low,day,1
EQ-DRILL-RIG-140,drill_rig,4704.9,75.05,4.88,230.93,440.49,93.57,50,0,medium,night,0
EQ-BALL-MILL-024,ball_mill,4843.7,82.85,8.04,196.28,564.27,90.19,13,0,medium,day,1
EQ-CONVEYOR-BELT-039,conveyor_belt,4966.6,66.11,6.13,60.2,85.29,64.31,8,1,medium,night,0
EQ-CRUSHER-012,crusher,3821.0,93.73,6.89,161.14,564.5,85.61,29,1,medium,night,1
EQ-CONVEYOR-BELT-107,conveyor_belt,4015.0,50.13,1.1,110.16,219.15,94.12,7,2,low,day,0
EQ-CRUSHER-133,crusher,3125.6,87.0,10.64,208.06,607.58,96.24,28,2,low,night,1
EQ-CRUSHER-091,crusher,4319.0,96.7,7.1,225.61,532.89,77.05,39,1,high,night,0
EQ-CRUSHER-020,crusher,3828.6,103.59,4.45,158.79,555.92,77.05,41,1,low,night,1
EQ-EXCAVATOR-027,excavator,4127.5,79.21,7.4,205.2,480.63,102.43,13,0,medium,day,0
EQ-HAUL-TRUCK-006,haul_truck,1987.8,79.79,5.24,159.0,495.07,90.83,36,4,medium,night,1
EQ-CRUSHER-074,crusher,2870.7,95.91,7.7,180.53,599.85,92.05,59,1,low,night,0
EQ-HAUL-TRUCK-109,haul_truck,1145.6,85.88,3.2,140.7,394.68,75.8,24,4,medium,night,0
EQ-CRUSHER-023,crusher,3640.9,87.85,5.53,192.54,486.39,74.95,13,0,medium,day,0
EQ-CONVEYOR-BELT-128,conveyor_belt,2253.6,67.61,4.32,59.05,104.04,65.8,23,0,high,day,0
EQ-BALL-MILL-038,ball_mill,1521.0,91.84,8.92,193.38,722.8,110.0,15,1,high,night,0
EQ-HAUL-TRUCK-078,haul_truck,4319.7,74.21,4.02,186.05,441.11,96.65,157,1,medium,night,0
EQ-CONVEYOR-BELT-101,conveyor_belt,2361.3,70.11,3.46,102.55,221.59,98.71,53,0,low,night,0
EQ-CRUSHER-081,crusher,2873.0,83.91,8.09,201.07,514.7,75.99,46,1,medium,night,1
EQ-HAUL-TRUCK-072,haul_truck,4650.4,71.77,5.66,186.1,443.17,77.88,8,0,medium,day,0
EQ-EXCAVATOR-051,excavator,5644.0,89.04,6.47,177.71,355.28,72.66,25,2,medium,night,0
EQ-HAUL-TRUCK-065,haul_truck,3175.6,95.75,7.07,113.66,399.61,81.52,22,0,medium,day,0
EQ-HAUL-TRUCK-036,haul_truck,6233.0,84.64,5.32,141.31,398.51,68.78,19,0,medium,day,0
EQ-EXCAVATOR-045,excavator,6960.6,79.95,3.42,205.62,370.99,72.6,64,2,medium,day,0
EQ-CRUSHER-114,crusher,3736.4,82.14,8.92,197.58,587.22,83.73,115,1,high,night,1
EQ-CRUSHER-133,crusher,3733.1,78.51,6.41,208.38,563.53,89.08,19,2,medium,day,0
EQ-HAUL-TRUCK-128,haul_truck,2793.5,88.27,3.33,175.8,389.51,72.86,5,1,medium,day,0
EQ-HAUL-TRUCK-050,haul_truck,4173.5,91.29,5.99,149.02,358.51,82.47,20,4,high,day,0
EQ-HAUL-TRUCK-049,haul_truck,5657.4,83.65,3.68,172.27,365.48,52.36,62,1,medium,day,0
EQ-CRUSHER-009,crusher,6730.9,77.6,8.29,185.29,450.2,94.23,53,1,low,night,0
EQ-EXCAVATOR-042,excavator,2413.9,80.99,4.49,196.27,342.29,80.67,31,1,low,day,0
EQ-CRUSHER-088,crusher,3856.3,78.61,7.99,193.82,454.75,83.47,45,2,medium,day,0
EQ-EXCAVATOR-041,excavator,5195.6,83.12,5.43,214.23,423.37,64.44,24,2,medium,day,0
EQ-HAUL-TRUCK-111,haul_truck,1560.5,94.69,6.93,138.2,553.88,79.01,19,1,medium,night,1
EQ-BALL-MILL-008,ball_mill,667.3,80.01,6.16,191.03,483.66,75.17,16,1,low,night,0
EQ-HAUL-TRUCK-062,haul_truck,3781.0,82.39,5.63,141.64,415.32,82.76,30,1,low,night,0
EQ-HAUL-TRUCK-043,haul_truck,2452.5,68.77,3.75,134.71,433.43,77.97,20,2,medium,day,0
EQ-HAUL-TRUCK-075,haul_truck,2275.3,85.08,5.4,157.5,475.26,93.76,14,0,medium,day,0
EQ-BALL-MILL-004,ball_mill,2518.8,92.98,6.29,150.88,559.77,77.66,34,3,medium,day,1
EQ-CONVEYOR-BELT-063,conveyor_belt,2533.3,67.72,4.75,86.52,56.86,35.0,22,0,medium,night,0
EQ-CONVEYOR-BELT-119,conveyor_belt,4609.3,58.32,4.69,91.97,156.29,64.62,63,1,medium,day,0
EQ-BALL-MILL-129,ball_mill,1123.6,87.41,5.4,152.19,588.08,88.11,39,2,medium,day,0
EQ-HAUL-TRUCK-039,haul_truck,4453.9,91.92,2.89,159.96,521.74,72.63,94,1,medium,night,1
EQ-BALL-MILL-065,ball_mill,3275.1,93.13,7.2,166.76,521.73,76.96,42,0,medium,night,0
EQ-HAUL-TRUCK-104,haul_truck,1863.2,71.98,5.14,133.36,455.56,75.31,29,1,low,day,0
EQ-CONVEYOR-BELT-070,conveyor_belt,4996.0,72.98,1.37,96.28,241.09,68.88,57,2,medium,night,0
EQ-CRUSHER-082,crusher,4568.7,90.95,6.3,158.22,632.4,90.08,87,3,low,day,0
EQ-CRUSHER-052,crusher,2638.1,96.95,7.27,162.55,550.06,100.66,7,1,medium,day,0
EQ-BALL-MILL-126,ball_mill,1261.5,79.0,10.71,167.53,567.83,84.73,57,0,medium,day,1
EQ-HAUL-TRUCK-095,haul_truck,4851.7,83.38,4.49,137.3,377.78,73.51,30,1,medium,night,0
EQ-BALL-MILL-145,ball_mill,6501.4,98.48,8.31,155.67,642.08,103.48,42,1,high,day,1
EQ-EXCAVATOR-117,excavator,1208.3,79.34,4.65,201.32,356.82,66.13,91,2,medium,night,0
EQ-CONVEYOR-BELT-056,conveyor_belt,2297.6,56.76,2.16,86.14,132.95,68.15,32,1,low,day,0
EQ-BALL-MILL-050,ball_mill,1076.0,93.16,4.78,182.32,591.39,79.24,13,1,high,night,0
EQ-HAUL-TRUCK-014,haul_truck,5401.9,93.13,7.82,150.53,335.76,74.6,9,0,medium,night,0
EQ-BALL-MILL-094,ball_mill,3523.8,94.74,6.02,184.71,618.44,77.02,90,1,medium,night,1
EQ-CONVEYOR-BELT-113,conveyor_belt,3122.0,66.87,4.37,105.02,183.36,66.91,39,1,medium,night,0
EQ-CONVEYOR-BELT-054,conveyor_belt,5232.4,59.12,3.25,80.59,140.59,75.71,32,2,medium,night,0
EQ-HAUL-TRUCK-004,haul_truck,2886.0,91.57,5.2,152.39,381.45,76.15,83,0,medium,night,1
EQ-CRUSHER-124,crusher,5276.6,89.53,9.8,182.94,440.9,94.46,18,3,high,day,0
EQ-CONVEYOR-BELT-034,conveyor_belt,2070.2,67.49,1.68,63.43,195.91,64.32,18,2,medium,night,0
EQ-CRUSHER-088,crusher,3784.0,90.52,7.38,177.28,505.32,81.6,101,2,medium,day,1
EQ-HAUL-TRUCK-008,haul_truck,5713.2,85.94,4.92,142.98,430.45,71.77,16,1,high,day,0
EQ-EXCAVATOR-010,excavator,1669.6,85.35,4.58,217.22,483.17,84.0,11,2,high,day,0
EQ-DRILL-RIG-135,drill_rig,2540.4,68.67,5.2,213.64,413.43,83.06,100,1,low,day,0
EQ-HAUL-TRUCK-101,haul_truck,3117.3,79.96,1.82,173.11,397.61,90.28,56,1,medium,night,0
EQ-CONVEYOR-BELT-001,conveyor_belt,7978.4,59.96,2.08,79.58,144.41,71.01,30,1,low,day,0
EQ-BALL-MILL-016,ball_mill,4348.3,92.47,8.36,142.26,735.65,101.83,133,1,medium,day,1
EQ-HAUL-TRUCK-074,haul_truck,1894.4,88.3,6.1,150.67,541.89,93.27,22,1,high,night,1
EQ-HAUL-TRUCK-103,haul_truck,8576.3,90.05,6.81,163.36,444.21,90.52,48,0,high,night,1
EQ-CONVEYOR-BELT-064,conveyor_belt,7643.1,55.04,6.29,80.56,208.35,73.54,44,1,high,day,0
EQ-HAUL-TRUCK-131,haul_truck,4192.8,90.54,6.73,168.98,527.21,85.76,84,0,medium,night,0
EQ-CONVEYOR-BELT-098,conveyor_belt,9713.9,59.23,3.74,95.06,147.23,105.5,17,1,low,day,0
EQ-CONVEYOR-BELT-093,conveyor_belt,2787.4,66.65,3.47,64.89,141.67,87.66,100,1,low,day,0
EQ-CONVEYOR-BELT-044,conveyor_belt,3323.5,71.7,4.25,110.35,220.52,76.92,123,0,low,night,0
EQ-EXCAVATOR-103,excavator,2314.2,82.74,6.2,194.16,274.5,58.98,75,2,medium,night,0
EQ-CONVEYOR-BELT-132,conveyor_belt,5249.5,62.77,1.67,119.11,281.75,86.37,19,2,medium,night,0
EQ-CONVEYOR-BELT-008,conveyor_belt,8985.1,71.14,4.91,83.54,181.46,46.06,38,1,medium,day,0
EQ-HAUL-TRUCK-111,haul_truck,6075.8,80.84,4.58,140.22,392.62,67.2,44,1,low,day,0
EQ-CONVEYOR-BELT-132,conveyor_belt,2416.5,58.29,0.2,102.41,157.27,53.81,43,2,low,day,0
EQ-BALL-MILL-065,ball_mill,2880.4,83.1,7.32,192.0,582.74,76.83,9,2,low,night,0
EQ-CONVEYOR-BELT-115,conveyor_belt,5733.7,81.38,5.05,136.11,138.06,67.79,52,0,high,day,0
EQ-CRUSHER-054,crusher,2374.6,95.11,7.28,199.89,595.01,89.02,40,0,medium,day,0
EQ-EXCAVATOR-029,excavator,3759.8,64.09,3.57,135.48,354.87,62.92,29,1,low,day,0
EQ-HAUL-TRUCK-123,haul_truck,1597.1,96.22,4.07,171.52,388.69,77.06,31,2,medium,night,0
EQ-EXCAVATOR-047,excavator,3300.2,80.31,2.7,203.44,339.21,57.76,136,1,low,day,0
EQ-HAUL-TRUCK-114,haul_truck,4186.7,86.97,7.1,163.41,431.15,100.86,75,0,medium,night,0
EQ-BALL-MILL-048,ball_mill,4280.6,101.36,6.81,171.82,583.01,85.38,8,2,high,night,1
EQ-EXCAVATOR-060,excavator,4966.2,85.33,3.78,177.8,258.67,66.0,29,2,medium,day,0
EQ-DRILL-RIG-103,drill_rig,7396.5,76.66,6.9,260.63,308.88,65.13,67,1,low,day,0
EQ-HAUL-TRUCK-052,haul_truck,6253.4,79.37,4.78,161.81,459.26,75.55,77,1,low,day,1
EQ-EXCAVATOR-122,excavator,6013.9,80.5,5.69,230.68,400.49,70.18,42,2,low,night,0
EQ-CRUSHER-006,crusher,5604.8,98.53,8.25,144.08,551.8,104.19,14,2,high,night,1
EQ-EXCAVATOR-002,excavator,4305.1,70.88,7.26,182.56,424.94,71.11,13,0,medium,day,0
EQ-DRILL-RIG-013,drill_rig,3788.7,83.7,6.56,238.27,498.15,103.89,52,1,medium,night,1
EQ-BALL-MILL-039,ball_mill,6410.3,84.65,5.59,181.87,532.81,61.04,25,0,medium,day,0
EQ-DRILL-RIG-009,drill_rig,5698.1,77.2,3.78,258.52,350.94,87.74,16,0,medium,night,0
EQ-HAUL-TRUCK-058,haul_truck,2688.2,81.46,4.97,141.44,515.78,82.23,3,1,medium,night,1
EQ-DRILL-RIG-004,drill_rig,5157.2,78.16,5.12,185.2,370.35,67.32,10,0,medium,night,0
EQ-HAUL-TRUCK-114,haul_truck,4343.0,80.84,4.18,179.85,426.7,61.46,39,2,high,day,0
EQ-BALL-MILL-023,ball_mill,4798.1,88.46,5.54,195.8,525.41,89.2,28,1,medium,day,1
EQ-CRUSHER-146,crusher,6831.0,94.6,7.36,195.3,632.66,91.64,82,3,medium,night,1
EQ-EXCAVATOR-129,excavator,2781.6,75.1,7.82,232.82,322.83,71.53,12,1,high,day,0
EQ-HAUL-TRUCK-105,haul_truck,2641.7,90.49,1.9,123.79,382.82,83.86,19,1,low,night,1
EQ-HAUL-TRUCK-120,haul_truck,4532.1,81.93,3.66,156.81,425.59,70.49,22,3,low,night,0
EQ-EXCAVATOR-117,excavator,2919.9,71.93,5.07,222.46,387.78,82.37,36,1,low,night,0
EQ-BALL-MILL-127,ball_mill,1778.9,94.27,5.09,189.15,626.6,84.8,22,1,low,night,0
EQ-DRILL-RIG-084,drill_rig,2200.8,71.34,4.98,205.22,355.7,77.87,17,1,low,day,0
EQ-BALL-MILL-094,ball_mill,9739.7,75.68,8.82,183.98,521.97,65.68,43,1,high,night,0
EQ-HAUL-TRUCK-071,haul_truck,4166.8,63.84,5.03,141.2,420.73,75.01,35,1,medium,day,1
EQ-CONVEYOR-BELT-094,conveyor_belt,5223.1,60.53,3.7,93.59,84.75,58.32,57,0,medium,night,0
EQ-EXCAVATOR-058,excavator,3611.9,78.24,3.89,213.14,320.66,72.12,27,4,low,day,0
EQ-CRUSHER-019,crusher,6527.5,96.83,7.4,201.74,477.6,82.05,72,1,low,night,1
EQ-EXCAVATOR-140,excavator,1170.4,83.22,5.15,236.43,422.64,65.11,16,4,low,night,0
EQ-EXCAVATOR-105,excavator,7940.4,63.14,5.26,155.05,247.2,60.96,51,2,low,night,0
EQ-CONVEYOR-BELT-106,conveyor_belt,4128.3,64.4,4.43,62.29,182.34,76.2,61,1,medium,day,0
EQ-HAUL-TRUCK-043,haul_truck,2907.5,79.1,5.24,150.54,253.89,47.6,4,1,low,day,0
EQ-CRUSHER-116,crusher,7403.4,93.68,8.72,136.26,614.11,106.64,52,2,low,night,1
EQ-CONVEYOR-BELT-078,conveyor_belt,5068.1,57.07,2.57,82.77,139.71,79.92,30,3,medium,night,0
EQ-HAUL-TRUCK-012,haul_truck,3838.8,95.44,4.89,128.77,437.58,77.35,37,2,high,day,0
EQ-BALL-MILL-144,ball_mill,1889.1,91.02,7.37,192.43,668.02,81.55,81,2,low,night,0
EQ-CRUSHER-149,crusher,3906.5,85.34,8.15,221.78,617.97,99.04,32,1,medium,night,0
EQ-DRILL-RIG-131,drill_rig,4366.4,88.47,5.14,230.55,439.81,70.93,15,1,medium,night,0
EQ-CONVEYOR-BELT-072,conveyor_belt,4634.4,63.98,2.18,75.72,147.5,67.82,50,1,medium,night,0
EQ-CONVEYOR-BELT-035,conveyor_belt,2717.6,69.65,5.31,94.97,184.99,61.58,28,2,medium,night,0
EQ-CONVEYOR-BELT-002,conveyor_belt,2760.4,85.2,7.35,116.32,177.23,85.31,33,1,medium,night,0
EQ-DRILL-RIG-111,drill_rig,2166.8,85.52,6.41,246.88,312.63,76.37,30,3,high,day,0
EQ-CONVEYOR-BELT-134,conveyor_belt,2874.2,58.79,3.1,50.89,110.67,49.59,55,2,low,night,0
EQ-EXCAVATOR-016,excavator,5476.0,76.55,2.81,207.11,249.68,69.89,43,1,medium,night,0
EQ-HAUL-TRUCK-103,haul_truck,8766.5,82.1,5.87,144.09,506.09,87.8,33,1,medium,night,1
EQ-CONVEYOR-BELT-005,conveyor_belt,3561.8,53.31,4.95,119.5,159.49,66.86,41,0,high,night,0
EQ-HAUL-TRUCK-117,haul_truck,4701.5,75.89,2.73,135.33,547.98,88.25,16,4,medium,night,0
EQ-EXCAVATOR-005,excavator,2104.8,80.86,3.08,208.82,455.9,95.15,52,2,high,day,0
EQ-HAUL-TRUCK-147,haul_truck,2136.2,80.49,3.53,126.77,472.61,73.61,43,1,medium,day,0
EQ-CRUSHER-026,crusher,6349.0,92.0,11.62,228.2,584.23,97.48,88,1,medium,day,1
EQ-HAUL-TRUCK-061,haul_truck,1045.4,92.44,8.32,171.32,366.78,86.4,21,3,high,night,0
EQ-CONVEYOR-BELT-105,conveyor_belt,5092.2,73.65,3.39,95.55,178.94,59.03,21,2,medium,night,0
EQ-DRILL-RIG-127,drill_rig,5195.2,84.47,3.96,252.75,439.98,85.45,38,1,medium,day,0
EQ-DRILL-RIG-055,drill_rig,6437.5,81.56,6.22,229.8,464.22,71.73,32,4,high,day,0
EQ-EXCAVATOR-148,excavator,4827.6,78.89,3.52,200.25,402.18,76.85,15,0,low,night,0
EQ-CRUSHER-003,crusher,1830.3,106.04,9.88,209.26,568.31,80.04,13,1,high,day,1
EQ-CONVEYOR-BELT-071,conveyor_belt,7106.9,67.34,2.3,105.49,158.57,69.5,69,2,high,day,0
EQ-CRUSHER-149,crusher,3113.2,88.38,7.57,180.12,618.95,75.2,19,2,medium,day,1
EQ-CONVEYOR-BELT-042,conveyor_belt,6858.3,72.87,5.7,99.51,236.44,66.22,27,4,low,night,0
EQ-HAUL-TRUCK-081,haul_truck,6166.8,83.6,6.12,143.91,411.02,88.52,12,0,medium,night,0
EQ-BALL-MILL-067,ball_mill,4743.7,95.0,8.66,161.65,566.99,92.5,124,2,medium,night,1
EQ-HAUL-TRUCK-060,haul_truck,6195.9,77.26,6.69,155.09,470.77,69.48,20,1,medium,day,0
EQ-DRILL-RIG-116,drill_rig,7553.3,78.68,9.32,210.82,316.83,63.41,30,1,medium,day,0
EQ-CONVEYOR-BELT-078,conveyor_belt,5082.8,60.63,2.81,76.12,216.26,67.86,9,1,high,night,0
EQ-EXCAVATOR-108,excavator,5865.9,73.49,7.32,210.11,442.27,92.77,37,0,medium,night,0
EQ-CONVEYOR-BELT-078,conveyor_belt,2548.9,78.07,4.21,100.6,251.89,73.13,103,1,medium,day,0
EQ-HAUL-TRUCK-150,haul_truck,5659.0,92.38,4.75,167.55,396.28,88.59,13,1,high,night,0
EQ-DRILL-RIG-071,drill_rig,2521.0,85.59,4.89,211.22,383.09,61.42,38,2,high,night,0
EQ-CONVEYOR-BELT-120,conveyor_belt,4514.7,61.33,3.81,112.54,243.74,91.35,24,0,medium,night,0
EQ-HAUL-TRUCK-092,haul_truck,2923.2,91.86,6.32,165.85,462.25,74.28,33,3,medium,day,0
EQ-HAUL-TRUCK-121,haul_truck,3267.6,94.02,6.07,156.4,379.35,63.37,25,0,medium,day,0
EQ-DRILL-RIG-133,drill_rig,8008.6,71.34,8.01,259.93,311.91,75.76,11,1,medium,day,0
EQ-EXCAVATOR-034,excavator,4077.7,77.19,4.5,204.93,335.58,51.13,41,2,low,night,0
EQ-BALL-MILL-046,ball_mill,4495.1,85.33,7.16,191.77,582.1,75.94,58,0,medium,night,0
EQ-DRILL-RIG-046,drill_rig,5775.9,81.05,5.61,242.19,371.13,85.02,25,0,medium,day,0
EQ-CONVEYOR-BELT-074,conveyor_belt,4346.3,62.63,4.12,117.01,288.92,81.99,69,0,medium,day,1
EQ-EXCAVATOR-074,excavator,5611.9,81.77,4.32,179.28,401.03,63.6,70,0,high,day,0
EQ-CONVEYOR-BELT-001,conveyor_belt,5860.4,69.23,2.54,114.56,181.81,66.73,58,0,high,night,0
EQ-BALL-MILL-135,ball_mill,3147.0,92.44,7.21,147.71,636.74,76.27,15,2,medium,night,0
EQ-HAUL-TRUCK-129,haul_truck,2302.9,83.21,7.82,144.48,417.08,70.27,49,1,low,day,1
EQ-EXCAVATOR-091,excavator,4317.4,76.72,5.61,220.63,328.9,53.93,45,3,low,night,0
EQ-EXCAVATOR-046,excavator,3277.6,81.5,6.75,198.3,345.71,72.54,17,2,medium,night,0
EQ-CRUSHER-124,crusher,6090.6,99.5,8.31,178.83,600.4,97.61,23,3,high,night,1
EQ-CONVEYOR-BELT-041,conveyor_belt,3327.3,57.59,3.45,79.17,194.13,64.21,34,0,medium,night,0
EQ-CRUSHER-046,crusher,7526.6,101.5,5.98,172.18,420.71,75.4,22,1,low,day,1
EQ-CONVEYOR-BELT-150,conveyor_belt,7661.6,61.06,1.97,119.19,99.23,74.77,30,1,low,night,0
EQ-EXCAVATOR-139,excavator,7222.0,76.35,4.31,216.03,486.5,79.08,90,5,low,night,0
EQ-HAUL-TRUCK-088,haul_truck,5388.5,84.05,5.61,150.96,380.22,80.35,18,3,medium,night,0
EQ-EXCAVATOR-026,excavator,2972.0,81.23,5.64,210.91,412.9,84.21,17,0,medium,night,0
EQ-DRILL-RIG-019,drill_rig,3533.3,76.93,4.03,252.14,309.85,57.64,66,0,low,day,0
EQ-CONVEYOR-BELT-145,conveyor_belt,5343.5,53.56,5.39,113.29,163.96,53.22,35,1,medium,night,0
EQ-EXCAVATOR-040,excavator,3873.6,77.24,5.73,230.99,365.13,82.13,38,1,high,night,0
EQ-DRILL-RIG-103,drill_rig,3762.1,71.32,2.79,271.92,515.68,75.14,28,0,medium,day,0
EQ-HAUL-TRUCK-053,haul_truck,7387.3,86.33,3.18,163.77,421.12,61.37,28,0,low,night,0
EQ-EXCAVATOR-075,excavator,2063.3,77.63,6.68,249.22,384.0,84.51,31,1,medium,day,0
EQ-EXCAVATOR-148,excavator,5496.2,78.99,5.21,171.46,303.48,71.47,38,1,high,night,0
EQ-BALL-MILL-089,ball_mill,5186.7,99.39,7.02,160.54,620.61,94.81,58,1,low,day,1
EQ-CONVEYOR-BELT-065,conveyor_belt,4455.6,66.34,3.24,110.38,162.92,46.66,16,2,low,day,0
EQ-CONVEYOR-BELT-063,conveyor_belt,2472.0,62.32,3.16,64.05,204.19,71.65,19,2,medium,night,0
EQ-HAUL-TRUCK-035,haul_truck,3564.0,94.08,3.47,182.75,365.72,55.29,67,4,medium,night,1
EQ-HAUL-TRUCK-084,haul_truck,4417.8,95.56,5.45,108.47,543.15,82.24,36,2,high,night,1
EQ-CONVEYOR-BELT-086,conveyor_belt,2327.2,46.87,4.03,78.39,222.96,68.93,25,1,medium,night,0
EQ-EXCAVATOR-015,excavator,6722.2,76.54,3.12,234.34,434.68,67.84,42,1,low,day,0
EQ-BALL-MILL-061,ball_mill,4192.3,90.13,6.46,130.33,607.12,81.25,22,5,high,night,0
EQ-DRILL-RIG-097,drill_rig,4044.9,78.76,7.7,162.21,353.22,76.09,64,0,medium,night,0
EQ-CRUSHER-009,crusher,5644.5,86.39,6.5,184.84,501.49,66.97,20,2,medium,day,1
EQ-CONVEYOR-BELT-147,conveyor_belt,8102.3,62.82,4.45,93.21,229.07,85.61,22,1,medium,night,0
EQ-BALL-MILL-130,ball_mill,3519.3,90.53,5.4,200.22,641.86,89.55,25,0,medium,day,1
EQ-CRUSHER-096,crusher,2205.1,83.85,7.77,175.01,582.5,91.02,45,1,high,day,0
EQ-CONVEYOR-BELT-003,conveyor_belt,8556.0,65.51,2.29,108.93,169.43,68.42,69,3,low,night,0
EQ-BALL-MILL-078,ball_mill,4638.7,80.37,6.27,166.19,579.17,95.69,49,0,medium,night,1
EQ-EXCAVATOR-135,excavator,10083.5,80.92,5.05,224.79,291.14,63.74,58,0,high,day,0
EQ-BALL-MILL-004,ball_mill,7591.5,94.38,4.53,157.23,674.13,72.66,9,0,medium,night,1
EQ-HAUL-TRUCK-119,haul_truck,2809.9,81.29,1.36,168.28,419.73,81.8,9,1,low,day,0
EQ-CONVEYOR-BELT-126,conveyor_belt,3813.4,65.71,1.69,58.24,269.1,78.88,11,0,low,night,0
EQ-DRILL-RIG-012,drill_rig,1046.7,77.99,6.49,207.27,346.71,68.31,32,0,medium,day,0
EQ-CONVEYOR-BELT-035,conveyor_belt,2965.7,76.0,2.63,65.05,129.63,75.33,23,1,medium,day,0
EQ-CRUSHER-109,crusher,2031.4,87.81,9.43,192.52,645.18,101.88,12,0,low,day,0
EQ-CONVEYOR-BELT-137,conveyor_belt,3091.7,63.28,4.4,92.41,220.43,69.79,1,1,low,day,0
EQ-HAUL-TRUCK-116,haul_truck,1654.5,77.15,5.47,133.48,559.83,74.93,48,1,medium,day,1
EQ-HAUL-TRUCK-079,haul_truck,2683.4,87.02,5.75,148.26,466.63,78.92,77,3,medium,night,1
EQ-EXCAVATOR-091,excavator,3042.9,73.68,6.07,217.83,405.22,91.14,59,1,low,night,0
EQ-CONVEYOR-BELT-079,conveyor_belt,4042.7,63.75,2.61,66.58,151.0,57.75,30,4,medium,night,0
EQ-CRUSHER-087,crusher,1856.0,86.16,7.89,185.77,528.93,68.63,39,0,medium,day,0
EQ-EXCAVATOR-116,excavator,1565.9,74.95,5.24,231.2,408.39,82.59,20,3,low,night,0
EQ-BALL-MILL-008,ball_mill,6858.9,90.17,5.23,173.61,471.31,73.18,33,0,low,day,0
EQ-EXCAVATOR-032,excavator,2979.2,80.57,4.25,248.52,257.51,69.73,31,1,high,night,0
EQ-CRUSHER-009,crusher,4761.9,94.93,8.33,198.19,593.18,101.93,44,2,high,night,1
EQ-CRUSHER-120,crusher,2920.9,81.42,7.0,176.61,561.92,75.79,19,1,medium,day,0
EQ-HAUL-TRUCK-110,haul_truck,4157.8,86.73,7.15,154.88,440.97,85.13,122,2,high,day,0
EQ-CONVEYOR-BELT-008,conveyor_belt,3963.4,64.55,1.57,81.73,200.18,69.36,13,1,medium,night,0
EQ-CRUSHER-016,crusher,7003.4,84.87,6.0,162.57,568.94,88.94,38,2,high,day,1
EQ-HAUL-TRUCK-040,haul_truck,3660.8,91.5,2.06,157.17,359.08,59.09,52,1,high,night,0
EQ-BALL-MILL-037,ball_mill,3762.4,97.16,7.13,171.85,586.34,85.94,14,1,medium,night,0
EQ-DRILL-RIG-078,drill_rig,2395.2,75.5,2.26,202.4,382.89,61.81,8,0,medium,day,0
EQ-CONVEYOR-BELT-075,conveyor_belt,1642.4,73.43,3.19,87.58,122.29,57.13,53,2,low,day,0
EQ-DRILL-RIG-054,drill_rig,4629.4,90.47,6.27,183.13,370.33,78.05,124,2,medium,day,1
EQ-BALL-MILL-025,ball_mill,4679.0,77.89,6.23,124.59,559.07,73.14,6,2,medium,night,1
EQ-EXCAVATOR-098,excavator,4423.2,75.82,3.44,196.91,352.66,74.57,123,0,medium,day,0
EQ-CONVEYOR-BELT-119,conveyor_belt,6199.1,55.46,5.41,45.63,195.17,62.31,54,0,low,day,0
EQ-CONVEYOR-BELT-097,conveyor_belt,4012.4,63.96,2.85,95.04,94.65,55.75,32,1,high,day,0
EQ-EXCAVATOR-122,excavator,3326.7,68.65,7.04,283.11,394.45,85.26,59,2,high,night,1
EQ-EXCAVATOR-138,excavator,4374.7,86.37,6.14,181.86,313.54,66.29,71,0,low,night,1
EQ-HAUL-TRUCK-127,haul_truck,3709.6,77.67,2.86,145.73,364.22,48.34,29,1,medium,night,0
EQ-CONVEYOR-BELT-098,conveyor_belt,1968.1,73.64,1.11,86.04,184.99,83.4,147,0,high,night,0
EQ-DRILL-RIG-008,drill_rig,6489.6,89.84,4.09,240.19,467.89,79.6,121,2,medium,night,0
EQ-DRILL-RIG-051,drill_rig,2932.5,84.06,9.28,204.27,404.57,75.3,21,0,high,night,1
EQ-EXCAVATOR-065,excavator,3825.1,76.05,5.37,203.05,353.17,76.93,41,1,medium,day,0
EQ-HAUL-TRUCK-107,haul_truck,3065.7,79.22,5.27,184.88,431.21,86.82,13,0,medium,day,0
EQ-CRUSHER-128,crusher,6973.1,90.32,6.93,211.03,517.27,96.97,10,3,medium,night,1
EQ-CRUSHER-097,crusher,3120.8,86.67,6.88,162.97,603.09,83.56,26,2,medium,day,1
EQ-BALL-MILL-055,ball_mill,7474.1,91.97,6.9,176.23,641.92,81.92,40,3,medium,day,1
EQ-DRILL-RIG-119,drill_rig,2799.7,88.03,6.17,214.79,391.89,75.93,17,2,high,night,0
EQ-BALL-MILL-105,ball_mill,5502.4,98.13,8.78,201.05,579.16,85.86,58,1,medium,night,1
EQ-DRILL-RIG-120,drill_rig,3756.2,78.73,5.57,229.26,375.98,72.18,43,1,medium,day,0
EQ-BALL-MILL-089,ball_mill,1792.8,91.84,8.16,176.01,528.35,90.28,35,0,medium,day,0
EQ-CRUSHER-098,crusher,7358.0,101.23,8.62,181.13,515.49,91.69,18,0,medium,day,0
EQ-HAUL-TRUCK-053,haul_truck,2694.1,89.98,4.96,172.06,445.42,81.98,20,0,medium,day,0
EQ-HAUL-TRUCK-060,haul_truck,3384.6,85.14,5.07,149.54,435.35,83.68,27,2,medium,day,1
EQ-CRUSHER-042,crusher,4580.9,86.55,9.77,181.45,443.96,80.62,21,2,medium,night,0
EQ-EXCAVATOR-039,excavator,2230.4,86.37,3.79,223.92,397.89,71.9,25,3,high,night,0
EQ-HAUL-TRUCK-098,haul_truck,2893.5,78.59,6.14,194.3,503.68,68.69,19,1,high,day,0
EQ-BALL-MILL-058,ball_mill,3615.7,88.18,7.28,160.38,580.44,78.5,46,2,medium,day,1
EQ-HAUL-TRUCK-021,haul_truck,1728.0,94.49,5.46,143.91,481.12,79.95,12,1,medium,night,1
EQ-BALL-MILL-006,ball_mill,4380.2,77.14,5.55,165.73,650.89,101.52,63,0,high,day,1
EQ-DRILL-RIG-130,drill_rig,2106.4,78.6,5.58,229.74,338.61,73.96,22,1,low,day,0
EQ-CONVEYOR-BELT-066,conveyor_belt,5450.2,63.44,1.96,55.86,190.17,68.73,47,0,low,day,0
EQ-CONVEYOR-BELT-087,conveyor_belt,6538.7,55.86,2.24,76.75,110.87,58.95,34,1,low,night,0
EQ-EXCAVATOR-136,excavator,5610.3,65.9,6.49,198.98,462.58,87.99,11,1,medium,day,0
EQ-CONVEYOR-BELT-017,conveyor_belt,5954.2,65.69,2.95,106.67,208.62,56.39,61,2,medium,day,0
EQ-HAUL-TRUCK-141,haul_truck,3536.6,83.27,7.3,142.48,515.71,89.51,96,1,medium,night,0
EQ-BALL-MILL-106,ball_mill,1996.6,82.93,5.94,172.46,606.06,110.0,29,1,medium,night,0
EQ-EXCAVATOR-097,excavator,6398.8,78.63,4.42,207.91,378.08,70.6,7,1,low,night,0
EQ-EXCAVATOR-065,excavator,2925.4,78.06,2.95,222.31,296.05,81.63,44,0,medium,night,0
EQ-CONVEYOR-BELT-106,conveyor_belt,3908.6,75.92,4.12,81.88,258.34,80.88,35,1,low,night,0
EQ-CONVEYOR-BELT-031,conveyor_belt,2521.3,63.4,4.43,89.65,163.68,78.35,17,2,medium,day,0
EQ-CRUSHER-046,crusher,2352.1,87.24,6.66,187.19,580.43,95.17,36,1,medium,day,1
EQ-CONVEYOR-BELT-145,conveyor_belt,4526.0,58.98,2.77,95.43,187.51,55.82,78,1,low,day,0
EQ-HAUL-TRUCK-042,haul_truck,4131.7,84.5,6.67,161.79,506.32,80.1,69,0,low,day,0
EQ-CONVEYOR-BELT-108,conveyor_belt,1750.1,63.97,2.01,47.96,162.81,76.38,26,2,medium,day,0
EQ-EXCAVATOR-140,excavator,2990.5,64.73,6.34,215.11,313.93,63.15,26,2,low,day,0
EQ-EXCAVATOR-089,excavator,8646.3,90.3,2.19,248.32,307.11,61.91,16,1,medium,night,0
EQ-HAUL-TRUCK-045,haul_truck,5153.2,84.93,3.9,146.75,401.04,72.12,27,1,high,night,0
EQ-EXCAVATOR-128,excavator,2839.3,87.39,4.69,240.49,272.24,60.53,39,0,medium,day,0
EQ-EXCAVATOR-124,excavator,3327.5,78.79,6.54,198.94,310.67,84.77,38,0,low,day,1
EQ-CRUSHER-082,crusher,4090.0,93.39,8.16,182.3,534.45,100.37,42,1,medium,day,0
EQ-HAUL-TRUCK-018,haul_truck,3336.4,83.75,5.41,168.23,373.48,80.27,41,0,low,day,1
EQ-HAUL-TRUCK-067,haul_truck,7135.4,96.0,6.0,152.93,489.3,92.58,19,2,high,day,1
EQ-CRUSHER-065,crusher,5011.9,111.72,10.06,177.21,542.99,81.56,60,1,high,day,1
EQ-HAUL-TRUCK-029,haul_truck,5616.3,93.04,7.64,166.76,441.13,79.58,67,0,medium,day,0
EQ-CONVEYOR-BELT-061,conveyor_belt,5882.7,64.13,0.7,120.69,248.09,63.14,35,2,medium,night,0
EQ-BALL-MILL-024,ball_mill,4997.0,83.67,5.92,183.85,518.92,72.99,149,0,medium,night,1
EQ-CRUSHER-104,crusher,5318.8,89.98,7.3,189.35,447.7,77.48,45,2,medium,night,0
EQ-BALL-MILL-065,ball_mill,6995.5,94.22,6.46,175.82,638.66,110.0,12,2,low,day,1
EQ-HAUL-TRUCK-110,haul_truck,5439.2,97.67,5.04,139.73,402.58,65.39,28,3,high,day,0
EQ-HAUL-TRUCK-069,haul_truck,2260.8,80.5,6.11,199.19,606.47,96.72,26,1,medium,day,0
EQ-CONVEYOR-BELT-108,conveyor_belt,8138.2,83.86,3.65,99.48,74.4,78.54,7,0,high,night,0
EQ-DRILL-RIG-110,drill_rig,1534.9,89.11,7.06,263.33,511.33,96.26,28,0,high,day,0
EQ-DRILL-RIG-025,drill_rig,4911.5,73.93,5.69,239.14,442.31,78.51,59,1,medium,day,1
EQ-HAUL-TRUCK-067,haul_truck,4281.1,89.87,4.23,148.48,462.46,74.47,66,1,medium,night,1
EQ-DRILL-RIG-113,drill_rig,3203.2,77.74,4.79,182.36,521.38,84.67,100,1,medium,day,0
EQ-EXCAVATOR-089,excavator,5895.0,86.8,5.61,217.19,395.18,81.11,47,0,high,day,1
EQ-EXCAVATOR-034,excavator,3748.2,80.46,6.51,231.09,365.11,88.68,55,0,low,night,0
EQ-HAUL-TRUCK-125,haul_truck,5040.7,72.14,5.58,190.95,363.86,70.17,22,1,medium,day,0
EQ-BALL-MILL-030,ball_mill,2130.0,77.82,4.03,140.6,502.52,75.7,51,1,medium,night,1
EQ-HAUL-TRUCK-150,haul_truck,6374.8,84.13,3.33,129.72,437.7,70.97,44,2,low,day,0
EQ-DRILL-RIG-107,drill_rig,6117.5,80.94,6.75,214.5,437.09,66.34,26,2,low,night,0
EQ-CONVEYOR-BELT-049,conveyor_belt,4044.6,73.15,0.48,98.57,187.1,52.91,103,1,high,day,0
EQ-CONVEYOR-BELT-030,conveyor_belt,2574.4,50.83,5.59,103.61,226.29,70.05,12,3,medium,night,0
EQ-CONVEYOR-BELT-136,conveyor_belt,6576.4,74.76,4.81,87.64,150.65,73.7,36,2,medium,night,0
EQ-DRILL-RIG-079,drill_rig,1587.6,73.2,4.73,211.29,354.7,66.35,78,1,low,night,0
EQ-HAUL-TRUCK-121,haul_truck,4142.3,98.3,4.13,198.98,473.75,83.3,17,3,medium,night,0
EQ-HAUL-TRUCK-125,haul_truck,3505.5,76.88,6.6,156.64,383.69,71.13,23,1,medium,night,0
EQ-CONVEYOR-BELT-011,conveyor_belt,4842.7,60.69,5.5,89.1,237.22,86.85,57,1,medium,day,0
EQ-EXCAVATOR-103,excavator,3474.6,78.19,6.9,164.42,420.94,80.96,57,0,high,day,0
EQ-HAUL-TRUCK-051,haul_truck,5968.3,76.02,5.83,154.23,442.07,59.76,31,0,low,day,0
EQ-HAUL-TRUCK-137,haul_truck,2257.7,82.85,6.94,103.78,384.41,82.74,42,0,medium,day,0
EQ-EXCAVATOR-033,excavator,6600.8,68.67,3.96,214.9,433.35,75.45,36,1,high,day,0
EQ-HAUL-TRUCK-006,haul_truck,3801.9,81.66,8.16,130.23,397.04,80.15,61,1,low,night,0
EQ-HAUL-TRUCK-100,haul_truck,3133.7,94.14,6.29,138.13,422.03,78.86,63,0,high,night,1
EQ-BALL-MILL-083,ball_mill,4789.6,105.62,8.86,168.69,572.39,65.69,83,1,medium,night,0
EQ-EXCAVATOR-084,excavator,5815.2,68.53,5.21,201.66,241.9,70.98,83,1,low,day,0
EQ-BALL-MILL-040,ball_mill,3645.3,83.76,7.36,189.69,572.39,82.98,43,0,low,night,0
EQ-BALL-MILL-075,ball_mill,3802.5,91.76,7.95,174.37,567.71,87.34,14,3,medium,night,1
EQ-HAUL-TRUCK-145,haul_truck,2732.1,93.67,5.1,134.64,389.95,66.48,20,0,high,night,1
EQ-CONVEYOR-BELT-115,conveyor_belt,1537.8,70.17,2.71,139.64,128.64,62.08,22,3,high,night,0
EQ-CONVEYOR-BELT-148,conveyor_belt,3051.4,70.75,3.07,57.88,120.64,59.05,32,1,medium,day,0
EQ-CONVEYOR-BELT-050,conveyor_belt,4069.2,72.25,1.23,103.1,205.94,56.66,37,0,low,day,0
EQ-HAUL-TRUCK-131,haul_truck,3386.7,71.14,4.09,172.89,433.36,73.27,17,2,medium,night,0
EQ-HAUL-TRUCK-058,haul_truck,3393.2,78.07,4.29,149.42,405.55,82.69,6,0,medium,night,0
EQ-HAUL-TRUCK-141,haul_truck,2244.7,82.31,5.0,159.07,460.8,78.93,49,1,low,night,0
EQ-CONVEYOR-BELT-130,conveyor_belt,2428.3,66.41,4.17,66.71,240.4,60.02,34,0,low,night,0
EQ-BALL-MILL-025,ball_mill,2218.8,92.2,6.39,134.89,633.78,75.92,107,0,medium,night,0
EQ-CONVEYOR-BELT-146,conveyor_belt,4116.7,65.78,1.2,120.35,161.02,84.16,21,2,medium,night,0
EQ-CONVEYOR-BELT-092,conveyor_belt,4879.2,62.87,2.64,91.58,212.78,58.82,96,1,medium,night,0
EQ-BALL-MILL-117,ball_mill,4194.3,83.61,7.37,163.66,622.23,79.34,18,0,medium,night,0
EQ-CONVEYOR-BELT-087,conveyor_belt,4998.5,62.09,1.89,58.84,236.43,72.79,33,3,low,day,0
EQ-HAUL-TRUCK-033,haul_truck,2409.6,77.89,4.93,163.4,462.14,81.29,35,0,low,day,0
EQ-DRILL-RIG-148,drill_rig,3963.1,83.27,7.49,272.13,374.61,77.36,10,0,medium,day,0
EQ-EXCAVATOR-017,excavator,3156.5,74.11,5.39,209.06,496.16,85.3,41,0,medium,day,1
EQ-HAUL-TRUCK-122,haul_truck,3679.4,85.94,6.47,88.81,294.74,94.6,20,1,low,night,0
EQ-CRUSHER-032,crusher,1806.3,101.39,8.78,164.38,535.92,78.88,71,1,high,night,1
EQ-BALL-MILL-118,ball_mill,2190.5,85.48,7.01,153.48,538.72,90.06,56,2,medium,day,1
EQ-EXCAVATOR-064,excavator,4057.9,90.41,5.25,251.75,414.7,80.88,45,1,low,day,0
EQ-CRUSHER-036,crusher,2725.2,87.06,5.9,180.24,530.67,89.35,23,0,medium,day,0
EQ-HAUL-TRUCK-036,haul_truck,2807.4,91.27,3.77,152.42,515.95,80.69,13,0,high,night,0
EQ-HAUL-TRUCK-048,haul_truck,3537.0,69.69,4.26,204.3,475.27,83.25,93,2,medium,night,0
EQ-HAUL-TRUCK-136,haul_truck,4919.3,79.74,5.27,182.49,405.19,67.58,88,1,low,day,1
EQ-CONVEYOR-BELT-116,conveyor_belt,5754.2,76.9,5.28,101.38,101.08,72.64,23,1,medium,day,0
EQ-DRILL-RIG-101,drill_rig,1599.5,88.57,7.83,261.71,476.75,68.27,63,0,low,night,0
EQ-HAUL-TRUCK-095,haul_truck,3085.6,82.47,2.66,169.33,364.54,65.3,17,2,high,night,0
EQ-EXCAVATOR-063,excavator,4297.9,76.1,6.05,228.98,381.23,65.2,20,2,high,night,0
EQ-HAUL-TRUCK-136,haul_truck,4818.6,89.26,7.13,161.94,490.29,85.27,34,0,high,night,1
EQ-HAUL-TRUCK-042,haul_truck,5527.1,88.63,6.06,190.25,390.77,72.63,46,3,medium,day,1
EQ-CONVEYOR-BELT-142,conveyor_belt,4599.6,53.82,3.5,113.15,116.8,57.1,13,1,medium,day,0
EQ-CONVEYOR-BELT-058,conveyor_belt,2857.2,62.79,3.65,97.28,138.53,75.64,6,1,medium,day,0
EQ-CONVEYOR-BELT-052,conveyor_belt,4253.9,72.21,2.9,109.24,205.42,79.9,19,1,high,day,0
EQ-CRUSHER-072,crusher,4016.4,78.87,10.29,186.83,505.59,71.67,31,1,low,day,0
EQ-CONVEYOR-BELT-113,conveyor_belt,2137.0,79.17,4.07,121.21,126.25,63.82,12,0,medium,day,0
EQ-HAUL-TRUCK-108,haul_truck,2703.9,85.48,4.89,171.98,372.22,58.56,25,0,high,day,0
EQ-HAUL-TRUCK-116,haul_truck,4469.7,79.5,3.61,155.51,431.25,83.22,25,1,high,night,0
EQ-BALL-MILL-014,ball_mill,5533.0,75.16,8.1,169.46,529.59,63.1,121,1,medium,day,0
EQ-DRILL-RIG-025,drill_rig,3004.0,87.59,5.49,227.74,370.86,65.25,47,0,medium,night,0
EQ-BALL-MILL-128,ball_mill,8646.3,93.36,8.01,175.56,569.78,80.72,39,0,low,day,0
EQ-BALL-MILL-148,ball_mill,963.2,92.9,6.41,165.5,610.63,68.62,28,0,medium,day,0
EQ-CONVEYOR-BELT-020,conveyor_belt,3857.2,75.38,5.27,107.18,175.12,67.69,83,2,low,day,0
EQ-BALL-MILL-136,ball_mill,4056.1,83.36,4.93,159.8,574.83,76.59,13,0,medium,day,1
EQ-CRUSHER-040,crusher,6011.9,84.43,6.86,145.79,560.46,90.42,53,0,medium,day,0
EQ-HAUL-TRUCK-147,haul_truck,2816.5,97.71,4.96,166.9,439.26,89.25,86,1,high,night,0
EQ-HAUL-TRUCK-150,haul_truck,3045.2,82.97,5.74,176.86,397.76,66.21,60,3,high,night,0
EQ-HAUL-TRUCK-096,haul_truck,3071.4,83.31,3.73,186.71,305.44,58.93,21,2,high,day,0
EQ-HAUL-TRUCK-029,haul_truck,5875.5,73.66,2.93,128.14,492.79,93.62,12,2,high,day,0
EQ-EXCAVATOR-119,excavator,6359.1,75.63,6.05,220.25,387.39,67.8,62,1,medium,day,0
EQ-CONVEYOR-BELT-016,conveyor_belt,3292.6,65.9,5.28,80.4,220.93,65.66,54,2,low,night,0
EQ-DRILL-RIG-051,drill_rig,2520.8,86.31,3.66,213.11,385.32,67.03,69,1,medium,day,0
EQ-CONVEYOR-BELT-096,conveyor_belt,2559.2,69.63,6.57,119.75,178.95,56.88,57,1,medium,day,0
EQ-HAUL-TRUCK-011,haul_truck,1965.3,89.22,5.86,161.9,421.37,92.22,73,1,medium,night,1
EQ-CONVEYOR-BELT-059,conveyor_belt,6664.9,72.57,1.84,100.17,153.23,74.42,27,4,medium,night,0
EQ-EXCAVATOR-120,excavator,3891.4,82.92,6.7,194.45,363.55,75.81,36,2,high,night,0
EQ-HAUL-TRUCK-014,haul_truck,5741.3,84.11,5.59,180.4,451.86,89.14,14,1,medium,day,0
EQ-EXCAVATOR-056,excavator,3456.7,81.32,3.88,236.1,296.31,74.17,12,1,medium,day,0
EQ-EXCAVATOR-001,excavator,9246.6,79.5,5.86,185.86,379.07,82.73,44,0,high,day,0
EQ-EXCAVATOR-099,excavator,5324.5,76.56,3.89,207.31,227.02,81.45,22,0,medium,night,0
EQ-DRILL-RIG-012,drill_rig,4499.0,77.01,5.66,239.32,377.69,70.18,88,2,medium,night,0
EQ-DRILL-RIG-043,drill_rig,4910.1,80.78,6.58,240.52,452.25,100.28,53,1,medium,day,1
EQ-CONVEYOR-BELT-079,conveyor_belt,2447.7,63.66,2.32,79.12,228.69,69.34,38,2,medium,night,0
EQ-HAUL-TRUCK-033,haul_truck,3098.4,85.44,4.1,146.21,390.36,68.82,9,1,low,day,0
EQ-DRILL-RIG-035,drill_rig,5704.7,89.72,4.59,227.18,462.05,97.24,16,1,medium,night,0
EQ-CONVEYOR-BELT-126,conveyor_belt,3946.3,73.27,4.3,99.62,235.19,72.12,20,0,high,day,0
EQ-HAUL-TRUCK-117,haul_truck,5047.4,76.34,8.17,154.78,428.76,74.71,26,0,low,day,0
EQ-CONVEYOR-BELT-013,conveyor_belt,3405.1,60.83,2.78,98.85,182.83,45.89,64,2,medium,day,0
EQ-CRUSHER-129,crusher,3693.1,89.38,6.57,213.26,531.05,85.8,11,1,medium,night,1
EQ-CRUSHER-071,crusher,6435.5,102.09,10.25,230.76,509.36,88.48,119,4,medium,day,1
EQ-HAUL-TRUCK-022,haul_truck,4240.3,91.55,3.88,195.19,436.14,82.37,58,3,high,day,1
EQ-CRUSHER-137,crusher,4325.8,97.55,8.97,198.55,471.49,84.21,14,3,medium,night,1
EQ-HAUL-TRUCK-051,haul_truck,3785.7,98.41,7.07,164.22,434.1,87.77,84,2,high,night,0
EQ-HAUL-TRUCK-049,haul_truck,3236.0,72.48,5.86,142.57,441.32,76.52,52,0,high,night,0
EQ-HAUL-TRUCK-022,haul_truck,3501.0,88.61,5.99,127.72,546.34,107.13,22,1,medium,night,1
EQ-BALL-MILL-133,ball_mill,3959.2,98.69,5.64,200.01,630.36,99.68,59,0,high,night,0
EQ-EXCAVATOR-044,excavator,6587.2,99.85,5.7,219.32,445.53,65.6,15,0,high,night,0
EQ-EXCAVATOR-089,excavator,3977.6,77.47,7.33,216.18,303.75,62.12,36,0,high,day,0
EQ-EXCAVATOR-036,excavator,6032.2,94.81,7.05,201.92,343.48,55.88,49,0,medium,day,0
EQ-BALL-MILL-135,ball_mill,2563.1,85.92,6.35,158.04,589.95,85.35,16,1,low,day,0
EQ-CONVEYOR-BELT-119,conveyor_belt,4772.3,53.27,3.69,92.94,235.22,73.73,40,2,low,day,0
EQ-BALL-MILL-076,ball_mill,1502.0,74.27,7.62,169.64,670.77,108.03,46,1,medium,day,1
EQ-EXCAVATOR-052,excavator,2761.4,75.15,3.45,194.76,292.81,73.99,26,2,medium,day,0
EQ-HAUL-TRUCK-099,haul_truck,2817.7,73.76,8.33,156.6,467.5,84.61,20,1,medium,day,0
EQ-CONVEYOR-BELT-075,conveyor_belt,3123.7,70.51,1.34,60.57,144.16,84.02,37,2,medium,night,0
EQ-EXCAVATOR-142,excavator,6024.9,83.05,4.06,249.61,476.34,93.89,29,0,high,night,0
EQ-DRILL-RIG-102,drill_rig,1578.0,73.03,3.54,174.57,502.86,89.27,93,0,low,night,0
EQ-DRILL-RIG-005,drill_rig,6364.8,76.53,3.59,219.13,581.13,88.9,50,1,high,night,0
EQ-CRUSHER-124,crusher,1484.6,93.38,6.67,176.56,580.96,91.85,29,1,low,day,0
EQ-BALL-MILL-029,ball_mill,3325.6,95.85,5.24,130.35,484.4,76.17,34,0,medium,day,0
EQ-CONVEYOR-BELT-046,conveyor_belt,3408.1,67.3,4.21,116.22,210.73,63.25,21,1,high,day,0
EQ-EXCAVATOR-066,excavator,7283.7,83.06,5.82,182.85,365.03,71.71,71,0,low,night,0
EQ-CRUSHER-032,crusher,5214.0,84.95,8.11,177.6,480.57,74.39,53,2,low,day,1
EQ-HAUL-TRUCK-142,haul_truck,8367.4,91.66,6.6,146.14,498.12,79.42,97,1,high,night,1
EQ-DRILL-RIG-147,drill_rig,8947.0,84.12,7.98,217.15,414.01,85.08,39,0,high,day,0
EQ-HAUL-TRUCK-024,haul_truck,6006.0,94.5,3.99,186.82,500.87,76.32,30,0,high,day,0
EQ-EXCAVATOR-049,excavator,2720.3,74.9,4.46,231.06,430.67,73.77,40,2,low,night,0
EQ-CONVEYOR-BELT-056,conveyor_belt,4665.7,70.87,2.33,106.57,141.06,60.13,95,1,medium,day,0
EQ-HAUL-TRUCK-101,haul_truck,4090.0,76.26,4.21,142.85,417.34,80.55,25,1,low,night,0
EQ-HAUL-TRUCK-090,haul_truck,2995.2,77.83,3.96,178.79,534.96,82.26,23,4,low,night,0
EQ-CONVEYOR-BELT-102,conveyor_belt,5852.0,71.26,3.92,76.97,176.94,77.8,28,1,high,night,0
EQ-HAUL-TRUCK-005,haul_truck,1960.3,84.45,5.17,158.64,388.97,65.66,21,0,low,night,0
EQ-CRUSHER-078,crusher,2548.1,85.91,7.94,162.13,394.37,55.24,42,1,medium,day,1
EQ-EXCAVATOR-032,excavator,1565.1,66.62,7.07,204.52,436.17,76.83,26,2,low,day,0
EQ-EXCAVATOR-035,excavator,2400.4,81.37,6.33,189.75,275.62,74.19,81,1,medium,night,0
EQ-HAUL-TRUCK-117,haul_truck,2655.1,81.89,3.73,149.05,338.02,64.82,14,2,low,day,0
EQ-DRILL-RIG-022,drill_rig,3632.4,77.77,7.04,214.2,359.96,60.25,54,1,low,day,0
EQ-BALL-MILL-005,ball_mill,6061.2,87.48,6.84,191.82,680.76,95.57,74,0,low,day,1
EQ-HAUL-TRUCK-074,haul_truck,3077.2,78.93,1.86,152.75,431.69,69.84,14,2,high,night,1
EQ-BALL-MILL-111,ball_mill,6119.1,94.06,8.58,161.93,616.49,92.07,48,2,medium,day,0
EQ-CONVEYOR-BELT-077,conveyor_belt,8867.4,60.42,2.68,101.15,150.28,56.2,65,3,medium,night,0
EQ-CONVEYOR-BELT-025,conveyor_belt,6496.7,73.87,1.17,97.47,125.48,42.73,9,1,medium,day,0
EQ-CONVEYOR-BELT-117,conveyor_belt,2475.4,69.35,5.6,55.76,82.96,71.69,18,2,medium,day,0
EQ-CONVEYOR-BELT-058,conveyor_belt,2845.9,69.99,3.92,88.26,192.28,63.28,71,1,medium,day,0
EQ-DRILL-RIG-107,drill_rig,6133.9,89.45,4.47,191.76,422.8,84.84,71,1,medium,day,0
EQ-CRUSHER-031,crusher,2814.7,83.6,6.13,219.31,528.45,91.5,33,1,medium,day,1
EQ-CRUSHER-137,crusher,4053.5,99.81,5.87,155.54,471.64,69.72,40,1,high,night,1
EQ-EXCAVATOR-043,excavator,4815.7,72.12,5.73,203.57,327.1,60.62,52,1,high,day,0
EQ-HAUL-TRUCK-146,haul_truck,5381.0,83.02,4.22,186.74,460.41,74.48,64,2,high,day,1
EQ-CONVEYOR-BELT-057,conveyor_belt,4313.9,56.74,3.3,97.08,200.43,76.81,38,1,medium,day,0
EQ-HAUL-TRUCK-110,haul_truck,2184.6,76.6,6.29,176.51,548.82,79.83,64,0,low,day,1
EQ-EXCAVATOR-076,excavator,3245.4,60.92,3.66,205.05,329.26,66.42,6,1,low,night,0
EQ-HAUL-TRUCK-012,haul_truck,6491.8,80.4,6.78,164.05,473.66,73.1,30,1,low,day,0
EQ-HAUL-TRUCK-015,haul_truck,3912.7,97.78,6.14,145.81,506.81,77.73,52,2,medium,night,1
EQ-CONVEYOR-BELT-061,conveyor_belt,7980.1,59.77,1.81,126.41,191.78,70.58,44,1,medium,day,0
EQ-CONVEYOR-BELT-029,conveyor_belt,4421.3,61.0,4.37,92.11,115.11,77.1,86,0,medium,day,0
EQ-CRUSHER-092,crusher,2613.0,98.54,9.04,205.6,513.68,86.41,18,1,medium,night,1
EQ-HAUL-TRUCK-021,haul_truck,5068.3,85.1,4.51,175.44,473.16,62.34,17,3,medium,day,0
EQ-CRUSHER-089,crusher,6642.6,101.04,8.36,174.7,566.12,71.95,93,2,high,night,1
EQ-EXCAVATOR-031,excavator,4167.1,78.99,6.32,184.94,309.65,71.25,10,1,low,day,0
EQ-CONVEYOR-BELT-028,conveyor_belt,4196.9,62.42,3.88,127.45,136.95,71.36,58,1,low,day,0
EQ-CONVEYOR-BELT-056,conveyor_belt,4652.8,80.66,2.08,84.17,177.05,79.12,54,2,medium,night,0
EQ-CRUSHER-088,crusher,4890.8,80.76,6.25,214.54,508.74,94.0,24,2,medium,day,0
EQ-CRUSHER-060,crusher,2882.9,85.59,7.37,199.58,618.44,76.16,91,2,medium,night,1
EQ-BALL-MILL-053,ball_mill,1596.4,93.29,7.88,152.0,477.46,63.29,35,3,high,night,1
EQ-DRILL-RIG-052,drill_rig,5187.2,86.57,7.34,248.39,400.09,57.75,37,2,low,day,0
EQ-CRUSHER-051,crusher,3928.8,104.45,8.53,204.49,521.97,76.03,18,3,medium,day,0
EQ-CRUSHER-061,crusher,4686.1,99.61,8.03,188.81,534.9,92.93,21,3,high,night,1
EQ-HAUL-TRUCK-126,haul_truck,3608.2,76.48,6.69,161.86,432.96,91.31,16,3,medium,day,0
EQ-BALL-MILL-087,ball_mill,4720.9,87.1,6.39,139.39,492.61,75.38,49,2,medium,night,0
EQ-EXCAVATOR-064,excavator,2502.5,68.3,6.39,241.63,449.23,91.32,48,0,low,day,0
EQ-EXCAVATOR-113,excavator,3298.9,84.16,5.42,216.47,394.11,87.23,6,0,medium,day,0
EQ-BALL-MILL-080,ball_mill,2451.2,84.84,7.28,166.11,623.24,97.66,69,1,low,day,1
EQ-CONVEYOR-BELT-143,conveyor_belt,3334.0,56.59,4.46,85.45,271.9,104.45,32,1,medium,night,0
EQ-HAUL-TRUCK-085,haul_truck,2016.3,87.4,7.43,150.02,434.15,62.8,10,3,medium,night,0
EQ-HAUL-TRUCK-033,haul_truck,5415.4,86.7,5.77,139.04,409.83,81.38,87,3,high,night,1
EQ-HAUL-TRUCK-085,haul_truck,7157.1,94.07,4.83,146.77,419.2,66.77,27,0,medium,day,0
EQ-CONVEYOR-BELT-117,conveyor_belt,2075.5,62.95,2.96,54.06,215.56,65.3,27,1,low,day,0
EQ-HAUL-TRUCK-032,haul_truck,3950.2,83.88,7.49,135.65,449.81,82.39,33,4,high,day,0
EQ-BALL-MILL-031,ball_mill,3608.8,79.53,8.77,200.15,582.12,86.89,65,1,medium,day,1
EQ-BALL-MILL-090,ball_mill,7288.8,91.37,8.81,186.31,551.21,73.32,24,1,medium,day,1
EQ-CRUSHER-133,crusher,4070.7,99.2,7.33,221.55,621.73,90.49,77,0,medium,night,1
EQ-CONVEYOR-BELT-051,conveyor_belt,6352.3,60.65,3.75,88.96,137.3,67.82,16,1,high,day,0
EQ-EXCAVATOR-077,excavator,5257.9,82.69,2.99,187.64,354.71,61.42,26,1,high,day,0
EQ-HAUL-TRUCK-099,haul_truck,4462.0,81.38,4.39,141.22,491.58,95.15,4,0,low,night,0
EQ-CONVEYOR-BELT-100,conveyor_belt,3032.1,58.21,3.71,81.62,197.37,57.62,28,2,medium,day,0
EQ-HAUL-TRUCK-022,haul_truck,4471.5,93.29,6.21,218.75,545.69,86.99,12,0,medium,night,0
EQ-HAUL-TRUCK-060,haul_truck,2429.9,78.07,0.48,119.02,490.36,68.24,14,2,medium,day,0
EQ-EXCAVATOR-150,excavator,3288.3,83.01,7.62,193.58,388.56,88.73,12,1,medium,day,0
EQ-HAUL-TRUCK-134,haul_truck,1493.6,77.16,4.5,178.91,442.82,80.58,34,0,medium,night,0
EQ-CRUSHER-116,crusher,6821.2,90.57,6.73,149.32,547.07,91.79,34,0,medium,night,1
EQ-CONVEYOR-BELT-004,conveyor_belt,4225.9,61.61,2.22,78.03,138.33,67.13,57,2,low,night,0
EQ-DRILL-RIG-063,drill_rig,6733.8,84.33,6.78,229.28,424.74,93.05,27,2,high,day,0
EQ-CONVEYOR-BELT-008,conveyor_belt,4143.7,67.66,3.83,78.81,153.33,69.92,50,2,medium,day,0
EQ-DRILL-RIG-046,drill_rig,4289.5,80.92,6.81,213.64,329.51,81.65,37,0,medium,night,0
EQ-CRUSHER-130,crusher,5119.2,99.08,8.17,146.86,489.46,72.84,22,0,high,day,0
EQ-DRILL-RIG-059,drill_rig,3810.1,83.36,0.69,199.49,300.41,67.22,67,1,high,night,0
EQ-CRUSHER-026,crusher,3593.4,90.2,7.33,151.15,503.9,72.32,20,2,high,day,1
EQ-EXCAVATOR-109,excavator,3371.7,87.29,4.01,169.76,416.38,93.19,8,0,medium,day,0
EQ-BALL-MILL-114,ball_mill,2511.2,87.68,7.12,165.41,554.1,63.75,5,3,low,day,1
EQ-EXCAVATOR-099,excavator,3379.8,82.49,3.27,216.87,353.03,78.89,23,0,low,night,0
EQ-HAUL-TRUCK-122,haul_truck,6081.5,88.9,1.78,170.33,408.93,74.03,30,1,high,day,0
EQ-EXCAVATOR-106,excavator,3239.0,89.95,5.82,201.73,416.42,67.37,30,3,high,night,1
EQ-EXCAVATOR-096,excavator,8708.7,73.46,6.72,176.58,388.11,74.74,4,1,medium,day,0
EQ-EXCAVATOR-134,excavator,1572.4,85.76,4.54,188.45,321.6,91.27,44,1,medium,day,0
EQ-CRUSHER-049,crusher,6200.0,94.48,7.63,174.73,758.51,91.14,27,1,medium,day,1
EQ-BALL-MILL-069,ball_mill,3527.9,88.76,7.84,156.4,584.0,61.1,55,0,medium,night,0
EQ-EXCAVATOR-085,excavator,4852.2,81.26,3.72,196.03,355.71,61.57,34,2,low,night,0
EQ-CRUSHER-101,crusher,2595.3,89.26,7.75,169.11,383.27,80.75,49,1,medium,day,0
EQ-EXCAVATOR-072,excavator,1754.4,81.39,5.64,190.88,349.76,69.46,11,2,medium,day,0
EQ-DRILL-RIG-067,drill_rig,5660.8,78.24,5.21,213.66,500.54,80.5,55,1,high,night,0
EQ-HAUL-TRUCK-025,haul_truck,6732.4,85.19,5.79,124.68,473.39,63.51,42,0,medium,day,0
EQ-HAUL-TRUCK-096,haul_truck,3985.8,76.2,4.06,177.7,472.94,88.92,20,2,medium,night,0
EQ-CRUSHER-019,crusher,3239.8,88.79,8.69,173.15,512.11,70.71,86,2,low,night,0
EQ-CONVEYOR-BELT-072,conveyor_belt,3849.4,45.19,5.15,69.26,161.8,65.45,125,2,low,day,0
EQ-DRILL-RIG-062,drill_rig,3845.6,76.45,7.5,235.84,348.27,64.84,21,0,low,night,0
EQ-CONVEYOR-BELT-117,conveyor_belt,3497.0,55.4,4.18,70.34,153.34,70.89,58,2,medium,night,1
EQ-DRILL-RIG-072,drill_rig,4181.3,72.12,2.98,254.96,343.82,74.12,33,1,medium,day,0
EQ-CRUSHER-001,crusher,4969.4,90.11,4.91,221.46,603.92,85.56,47,1,medium,day,1
EQ-HAUL-TRUCK-076,haul_truck,4780.1,70.07,6.37,205.42,563.75,103.64,39,2,medium,day,1
EQ-HAUL-TRUCK-033,haul_truck,2953.5,87.75,4.43,159.48,338.53,92.23,56,0,medium,night,0
EQ-HAUL-TRUCK-058,haul_truck,3530.1,87.7,4.05,180.18,410.71,64.61,6,0,medium,night,0
EQ-EXCAVATOR-045,excavator,2362.0,88.18,8.0,266.03,404.66,78.44,46,0,high,day,0
EQ-CRUSHER-025,crusher,4718.1,72.52,7.41,171.52,617.68,110.0,41,1,low,day,1
EQ-EXCAVATOR-142,excavator,2693.3,85.51,7.61,231.71,356.9,70.15,35,0,medium,day,0
EQ-CONVEYOR-BELT-039,conveyor_belt,1169.3,58.52,3.24,90.49,200.12,71.24,72,1,low,day,0
EQ-CRUSHER-077,crusher,3096.0,79.55,8.04,205.21,553.35,79.51,14,0,low,day,0
EQ-CONVEYOR-BELT-125,conveyor_belt,4821.5,62.6,3.33,103.92,146.59,72.54,54,3,medium,day,0
EQ-CONVEYOR-BELT-055,conveyor_belt,4941.7,60.62,5.27,120.46,196.51,65.3,19,1,high,day,0
EQ-EXCAVATOR-141,excavator,6147.5,81.69,6.23,181.75,341.47,55.46,23,3,medium,night,0
EQ-EXCAVATOR-061,excavator,9373.6,66.56,5.46,223.43,372.41,61.29,20,1,medium,night,0
EQ-CONVEYOR-BELT-143,conveyor_belt,3915.5,59.62,4.96,98.54,146.57,52.2,35,3,low,day,0
EQ-CONVEYOR-BELT-068,conveyor_belt,3598.5,60.88,1.84,55.44,125.08,77.38,55,0,low,night,0
EQ-EXCAVATOR-003,excavator,4144.2,90.63,4.69,205.95,404.56,58.93,33,1,high,day,0
EQ-EXCAVATOR-131,excavator,3292.8,74.51,4.82,213.96,360.6,69.11,61,1,medium,day,0
EQ-CONVEYOR-BELT-130,conveyor_belt,2238.1,69.56,3.84,96.97,220.42,66.31,25,0,medium,night,0
EQ-CONVEYOR-BELT-145,conveyor_belt,2153.8,70.57,2.99,119.36,218.55,78.33,9,0,high,night,0
EQ-HAUL-TRUCK-019,haul_truck,3722.4,87.79,4.45,156.54,555.72,100.84,39,2,medium,day,1
EQ-CRUSHER-127,crusher,7003.2,96.08,7.76,186.8,566.06,74.79,29,4,low,day,0
EQ-BALL-MILL-052,ball_mill,3191.0,84.4,8.44,200.62,565.59,91.66,84,1,medium,night,0
EQ-HAUL-TRUCK-127,haul_truck,5316.0,91.05,5.64,168.95,355.99,71.19,15,1,medium,day,0
EQ-DRILL-RIG-145,drill_rig,6437.2,81.0,8.47,255.71,530.96,75.2,43,2,medium,night,0
EQ-HAUL-TRUCK-030,haul_truck,5283.3,84.7,5.38,118.56,346.23,73.48,33,0,medium,day,0
EQ-CRUSHER-056,crusher,5545.0,94.34,10.29,209.11,569.44,78.18,10,2,medium,day,0
EQ-CRUSHER-041,crusher,2239.4,95.38,7.97,193.21,508.64,75.44,7,2,medium,night,0
EQ-HAUL-TRUCK-046,haul_truck,3481.5,84.42,3.59,159.97,340.85,69.81,8,0,medium,night,0
EQ-BALL-MILL-090,ball_mill,1851.9,76.96,6.47,151.03,444.21,69.27,55,0,low,day,0
EQ-CRUSHER-062,crusher,2929.2,82.2,9.62,192.94,608.23,95.47,32,0,medium,night,0
EQ-BALL-MILL-099,ball_mill,2137.0,95.49,6.52,173.52,625.76,100.17,48,3,medium,night,0
EQ-EXCAVATOR-102,excavator,4839.5,80.37,5.19,201.69,422.42,93.82,49,1,medium,day,0
EQ-DRILL-RIG-031,drill_rig,2134.4,80.13,7.08,209.25,428.17,72.36,93,2,high,day,1
EQ-BALL-MILL-007,ball_mill,2154.7,75.94,8.43,166.93,610.28,93.06,64,0,medium,day,1
EQ-CONVEYOR-BELT-112,conveyor_belt,3802.6,65.12,1.38,96.38,182.96,65.69,32,2,medium,night,0
EQ-HAUL-TRUCK-028,haul_truck,1523.2,90.52,4.9,160.19,447.63,79.76,46,2,medium,night,1
EQ-CONVEYOR-BELT-030,conveyor_belt,8979.9,72.45,4.08,117.04,116.37,54.42,13,1,medium,day,0
EQ-CRUSHER-091,crusher,3447.4,85.88,9.17,178.83,585.04,102.98,11,1,low,night,1
EQ-BALL-MILL-040,ball_mill,6368.2,93.78,8.39,204.5,532.37,53.04,29,2,medium,day,1
EQ-CRUSHER-029,crusher,2209.2,99.35,9.34,164.72,567.78,89.51,19,3,medium,night,1
EQ-EXCAVATOR-047,excavator,4500.9,82.24,5.79,224.12,495.33,89.24,34,2,low,night,0
EQ-HAUL-TRUCK-079,haul_truck,4920.8,87.71,3.62,150.23,352.1,55.43,23,2,high,day,0
EQ-CONVEYOR-BELT-127,conveyor_belt,2436.9,70.11,3.91,82.92,88.76,66.36,60,0,medium,day,0
EQ-BALL-MILL-149,ball_mill,5443.8,73.49,6.26,166.81,563.31,87.12,45,1,medium,day,0
EQ-HAUL-TRUCK-110,haul_truck,2892.1,75.03,4.13,192.11,436.38,67.29,20,1,medium,night,0
EQ-CONVEYOR-BELT-135,conveyor_belt,3181.8,62.26,1.99,77.49,154.98,49.01,50,0,medium,day,0
EQ-BALL-MILL-080,ball_mill,2427.6,85.49,5.9,222.28,573.18,74.21,13,1,medium,night,0
EQ-HAUL-TRUCK-062,haul_truck,5567.7,83.63,4.55,158.85,517.33,90.88,31,2,low,day,1
EQ-HAUL-TRUCK-123,haul_truck,4459.6,91.56,4.72,156.54,461.13,106.51,61,2,high,day,1
EQ-CONVEYOR-BELT-046,conveyor_belt,4330.9,56.39,2.65,78.44,303.56,59.23,6,0,medium,night,0
EQ-CONVEYOR-BELT-122,conveyor_belt,4274.7,62.7,4.78,101.56,40.0,66.47,74,1,medium,day,0
EQ-HAUL-TRUCK-150,haul_truck,4399.7,79.13,5.52,151.79,414.79,53.63,24,1,medium,night,0
EQ-DRILL-RIG-059,drill_rig,2827.0,84.43,6.2,285.2,418.24,95.74,62,2,medium,day,1
EQ-CRUSHER-096,crusher,5256.9,82.96,7.45,150.25,495.21,87.7,24,2,high,day,1
EQ-BALL-MILL-118,ball_mill,2625.9,91.97,6.26,176.17,654.72,80.51,8,0,medium,day,1
EQ-DRILL-RIG-118,drill_rig,4307.2,90.83,4.87,280.87,350.4,82.88,21,1,high,day,0
EQ-DRILL-RIG-031,drill_rig,3657.0,85.72,7.39,200.6,490.27,82.4,70,0,medium,night,1
EQ-CRUSHER-145,crusher,3097.4,87.99,6.1,198.63,501.73,83.86,37,1,high,day,1
EQ-EXCAVATOR-076,excavator,3702.2,66.27,4.63,239.53,401.77,74.4,63,1,high,day,0
EQ-CRUSHER-007,crusher,4328.5,82.46,10.76,226.37,552.18,104.39,25,0,high,day,0
EQ-HAUL-TRUCK-018,haul_truck,5247.2,100.48,6.15,150.38,466.07,89.61,17,2,high,night,0
EQ-CONVEYOR-BELT-110,conveyor_belt,4010.4,55.47,2.39,70.15,201.97,56.34,60,1,medium,night,0
EQ-HAUL-TRUCK-065,haul_truck,5850.4,83.28,2.55,156.75,298.29,64.72,32,0,medium,night,0
EQ-CRUSHER-017,crusher,2903.2,93.71,7.97,172.99,516.72,95.04,41,0,low,night,0
EQ-HAUL-TRUCK-079,haul_truck,3440.8,91.52,4.57,153.63,373.24,72.93,43,5,medium,day,0
EQ-EXCAVATOR-090,excavator,4888.0,75.64,5.01,212.91,173.67,81.13,5,1,medium,day,0
EQ-EXCAVATOR-012,excavator,2214.1,77.23,4.43,189.2,312.01,75.94,51,1,low,day,0
EQ-CONVEYOR-BELT-053,conveyor_belt,9994.6,68.17,2.31,83.55,113.57,67.32,13,4,medium,day,0
EQ-DRILL-RIG-070,drill_rig,5528.3,83.54,6.5,205.39,315.61,70.63,7,1,low,night,0
EQ-HAUL-TRUCK-118,haul_truck,2291.8,78.62,8.39,169.62,436.32,64.08,22,1,medium,night,0
EQ-DRILL-RIG-098,drill_rig,7981.9,86.92,5.65,226.26,318.67,73.22,28,0,medium,day,0
EQ-DRILL-RIG-014,drill_rig,2919.1,85.77,7.15,254.72,448.39,87.07,79,1,high,night,1
EQ-EXCAVATOR-093,excavator,7668.5,97.07,4.99,211.06,361.05,71.89,53,1,low,day,0
EQ-CONVEYOR-BELT-136,conveyor_belt,5341.6,77.14,1.42,98.74,190.4,59.33,7,1,low,night,0
EQ-CRUSHER-009,crusher,1999.6,85.18,7.75,184.59,516.64,102.29,41,2,medium,day,1
EQ-HAUL-TRUCK-148,haul_truck,2569.4,91.28,7.0,172.12,493.27,89.02,32,0,medium,night,0
EQ-CRUSHER-015,crusher,2122.2,96.7,5.91,162.37,554.35,67.82,15,0,low,day,0
EQ-HAUL-TRUCK-094,haul_truck,3415.6,95.12,8.16,192.02,373.01,84.31,49,1,medium,night,0
EQ-DRILL-RIG-053,drill_rig,5823.8,100.91,4.52,259.93,325.15,70.28,79,2,high,night,1
EQ-BALL-MILL-110,ball_mill,7230.1,94.36,4.52,141.8,559.72,82.96,34,0,medium,day,0
EQ-DRILL-RIG-127,drill_rig,2412.2,83.69,5.22,239.72,327.1,70.3,24,1,low,day,0
EQ-CONVEYOR-BELT-128,conveyor_belt,2259.9,66.38,4.1,119.64,135.57,76.08,35,2,low,night,0
EQ-CONVEYOR-BELT-131,conveyor_belt,4609.9,71.95,0.77,71.68,167.88,47.79,41,2,medium,night,0
EQ-BALL-MILL-123,ball_mill,2031.8,87.17,4.59,192.6,551.42,79.39,108,1,medium,night,0
EQ-EXCAVATOR-047,excavator,5783.0,88.87,5.14,227.65,407.68,74.41,19,0,high,night,1
EQ-HAUL-TRUCK-070,haul_truck,5131.4,77.9,3.63,150.18,432.32,79.33,19,1,low,night,0
EQ-CONVEYOR-BELT-108,conveyor_belt,4040.9,58.95,1.22,121.44,250.97,72.7,59,2,medium,night,0
EQ-EXCAVATOR-026,excavator,5680.8,74.64,5.55,230.14,434.01,70.46,23,2,high,day,0
EQ-EXCAVATOR-087,excavator,5599.8,85.9,5.78,203.92,246.61,60.01,5,2,low,night,0
EQ-HAUL-TRUCK-080,haul_truck,2553.4,89.04,4.63,137.95,336.43,86.54,80,1,high,day,0
EQ-CONVEYOR-BELT-148,conveyor_belt,2228.6,65.34,2.84,122.9,179.29,68.36,77,1,medium,day,0
EQ-EXCAVATOR-008,excavator,3823.7,89.82,9.39,178.3,327.42,74.33,11,1,medium,night,0
EQ-HAUL-TRUCK-015,haul_truck,5740.3,82.34,3.93,163.52,449.95,84.89,34,1,medium,day,0
EQ-HAUL-TRUCK-005,haul_truck,2490.1,79.82,4.81,164.06,443.66,65.54,7,1,high,day,0
EQ-EXCAVATOR-083,excavator,2292.5,80.82,6.85,235.21,366.07,65.21,56,0,high,night,0
EQ-DRILL-RIG-083,drill_rig,2351.1,77.01,5.7,246.26,429.77,77.43,54,1,low,night,0
EQ-EXCAVATOR-089,excavator,3215.8,78.44,6.76,206.22,336.84,68.31,32,1,medium,day,0
EQ-CONVEYOR-BELT-037,conveyor_belt,965.7,60.88,2.18,66.7,189.52,61.88,65,2,low,day,0
EQ-DRILL-RIG-047,drill_rig,2663.2,77.42,5.37,232.5,428.24,79.04,8,2,medium,day,0
EQ-EXCAVATOR-063,excavator,4775.0,81.65,7.21,218.93,379.92,79.06,38,5,medium,day,0
EQ-DRILL-RIG-008,drill_rig,5726.1,75.39,6.23,238.59,307.29,72.66,5,3,medium,day,0
EQ-CONVEYOR-BELT-113,conveyor_belt,9005.8,57.97,1.25,79.69,188.39,67.76,15,3,medium,day,0
EQ-CONVEYOR-BELT-008,conveyor_belt,3755.0,64.46,1.72,77.67,146.66,73.85,7,0,medium,night,0
EQ-HAUL-TRUCK-101,haul_truck,2995.9,84.29,5.44,180.65,357.92,81.65,87,1,low,night,0
EQ-HAUL-TRUCK-069,haul_truck,8141.3,81.23,5.59,129.53,366.54,71.03,64,4,low,night,0
EQ-BALL-MILL-150,ball_mill,531.5,92.44,5.0,202.98,598.98,85.7,5,1,low,night,0
EQ-DRILL-RIG-104,drill_rig,3952.8,82.66,5.85,239.92,427.08,71.88,40,3,medium,night,0
EQ-BALL-MILL-072,ball_mill,4003.3,84.03,6.46,174.88,613.52,68.44,5,1,high,night,0
EQ-BALL-MILL-106,ball_mill,6608.2,82.22,6.4,189.15,559.89,91.42,51,1,medium,day,1
EQ-HAUL-TRUCK-018,haul_truck,1774.9,86.66,4.21,158.33,345.22,69.66,59,1,high,night,0
EQ-DRILL-RIG-028,drill_rig,4091.8,70.93,6.76,216.35,275.49,61.42,52,2,low,night,0
EQ-CRUSHER-075,crusher,2125.0,91.07,8.88,182.11,533.61,100.0,40,1,medium,day,0
EQ-DRILL-RIG-129,drill_rig,1540.6,77.5,6.84,278.86,429.47,84.2,28,0,low,day,0
EQ-HAUL-TRUCK-124,haul_truck,2567.0,73.82,4.18,185.39,458.42,83.61,38,0,low,day,0
EQ-EXCAVATOR-057,excavator,7469.9,81.7,5.66,253.44,317.67,56.47,15,3,medium,day,0
EQ-DRILL-RIG-043,drill_rig,1780.7,64.14,7.56,254.69,316.9,68.48,40,0,medium,night,0
EQ-DRILL-RIG-145,drill_rig,3211.2,89.84,3.89,248.85,425.86,75.49,25,1,medium,day,1
EQ-CONVEYOR-BELT-085,conveyor_belt,5497.2,56.06,0.38,68.26,117.03,43.33,7,3,medium,day,0
EQ-EXCAVATOR-018,excavator,2640.8,80.8,2.82,222.75,363.92,61.77,13,0,high,day,0
EQ-EXCAVATOR-034,excavator,8940.6,71.99,6.01,224.98,459.31,73.88,59,1,medium,night,0
EQ-BALL-MILL-126,ball_mill,3884.6,89.05,5.78,215.67,560.48,64.34,8,1,low,day,0
EQ-CRUSHER-135,crusher,1692.4,92.75,3.98,177.52,494.07,91.63,36,1,medium,day,1
EQ-CRUSHER-137,crusher,2544.1,94.97,5.69,170.11,579.22,98.0,24,1,medium,night,1
EQ-CONVEYOR-BELT-002,conveyor_belt,1753.9,74.65,3.53,95.71,222.28,76.42,13,1,high,night,0
EQ-CRUSHER-124,crusher,2696.3,98.51,5.61,162.69,529.01,102.88,66,1,low,day,0
EQ-CONVEYOR-BELT-017,conveyor_belt,3413.4,62.23,1.68,109.12,287.99,87.48,74,3,medium,night,1
EQ-CRUSHER-122,crusher,5547.8,94.54,5.83,207.37,553.25,74.96,8,1,medium,day,1
EQ-DRILL-RIG-133,drill_rig,9776.5,84.82,7.2,224.69,347.43,48.54,36,0,high,night,1
EQ-BALL-MILL-055,ball_mill,3471.4,84.65,6.6,184.63,515.21,78.45,27,1,low,night,1
EQ-BALL-MILL-030,ball_mill,5154.3,87.66,8.84,135.86,643.18,78.5,35,1,high,night,1
EQ-CONVEYOR-BELT-108,conveyor_belt,3692.8,58.05,1.18,91.65,116.36,54.79,149,1,medium,day,0
EQ-CRUSHER-011,crusher,2476.0,99.47,7.26,207.45,564.73,87.82,24,0,medium,night,1
EQ-CONVEYOR-BELT-087,conveyor_belt,2860.3,68.4,3.33,88.92,246.64,89.37,17,0,high,day,0
EQ-DRILL-RIG-050,drill_rig,7161.2,98.42,5.56,216.69,387.12,83.76,30,1,medium,day,0
EQ-CONVEYOR-BELT-064,conveyor_belt,3127.4,68.52,3.05,125.41,181.58,79.85,42,1,low,night,0
EQ-CONVEYOR-BELT-124,conveyor_belt,7760.1,72.62,3.18,78.8,196.49,61.63,23,1,medium,night,0
EQ-CONVEYOR-BELT-149,conveyor_belt,4039.5,59.15,5.93,93.08,221.52,71.07,141,1,medium,day,0
EQ-CONVEYOR-BELT-061,conveyor_belt,4198.6,65.57,2.17,87.91,159.31,63.3,16,0,medium,night,0
EQ-CONVEYOR-BELT-044,conveyor_belt,6500.3,71.46,0.2,74.54,206.28,71.48,52,0,medium,day,0
EQ-HAUL-TRUCK-126,haul_truck,4337.9,91.49,4.01,179.5,509.91,92.66,83,1,medium,night,0
EQ-CRUSHER-062,crusher,888.5,88.7,8.4,216.01,539.1,72.41,3,2,high,day,1
EQ-CONVEYOR-BELT-030,conveyor_belt,2719.4,56.76,4.74,72.76,137.07,88.45,45,0,medium,day,0
EQ-HAUL-TRUCK-136,haul_truck,4177.7,82.56,4.76,185.92,526.27,77.18,17,1,medium,night,0
EQ-DRILL-RIG-149,drill_rig,4401.3,78.89,5.29,194.05,385.89,87.82,13,1,low,day,0
EQ-CONVEYOR-BELT-044,conveyor_belt,4352.1,69.08,1.49,97.08,223.57,75.93,28,1,high,night,0
EQ-HAUL-TRUCK-024,haul_truck,3754.6,79.93,6.18,152.17,391.66,96.2,80,1,low,day,0
EQ-DRILL-RIG-023,drill_rig,4114.2,81.51,5.2,223.84,422.25,83.97,61,2,medium,night,0
EQ-CONVEYOR-BELT-090,conveyor_belt,6785.8,64.55,4.13,125.5,193.35,66.52,7,0,medium,day,0
EQ-DRILL-RIG-047,drill_rig,3271.1,77.97,5.03,235.26,385.33,84.37,60,0,high,night,0
EQ-CRUSHER-094,crusher,3759.8,84.59,7.61,203.44,525.5,100.99,16,2,low,night,1
EQ-DRILL-RIG-114,drill_rig,5846.7,81.15,5.17,202.95,351.39,73.19,71,2,medium,night,1
EQ-CRUSHER-001,crusher,5952.5,77.41,8.82,165.33,490.03,74.16,4,0,low,day,0
EQ-CONVEYOR-BELT-129,conveyor_belt,2202.5,61.62,1.97,99.95,246.07,74.26,47,0,high,night,0
EQ-HAUL-TRUCK-005,haul_truck,1400.3,78.18,5.98,111.47,427.04,74.42,15,3,medium,night,0
EQ-CONVEYOR-BELT-018,conveyor_belt,5391.3,71.91,2.95,67.78,46.56,54.54,60,0,medium,day,0
EQ-CONVEYOR-BELT-109,conveyor_belt,4699.5,61.43,2.99,74.82,210.96,87.46,94,0,low,night,0
EQ-CONVEYOR-BELT-094,conveyor_belt,3921.5,74.64,2.47,94.42,108.06,67.48,29,0,medium,night,0
EQ-CRUSHER-147,crusher,5616.6,93.16,10.45,171.3,527.83,65.11,20,0,low,night,0
EQ-DRILL-RIG-086,drill_rig,3545.3,94.38,7.0,221.31,430.11,96.39,26,3,medium,day,0
EQ-CONVEYOR-BELT-063,conveyor_belt,4609.2,59.63,0.63,75.7,110.13,67.34,31,4,high,day,0
EQ-EXCAVATOR-101,excavator,3132.5,65.94,4.59,206.66,325.84,60.95,46,0,low,night,0
EQ-BALL-MILL-115,ball_mill,2689.7,87.71,7.63,149.03,557.87,98.61,7,1,medium,night,0
EQ-CONVEYOR-BELT-101,conveyor_belt,3498.7,44.91,2.43,97.44,74.76,72.34,12,0,low,day,0
EQ-BALL-MILL-056,ball_mill,1810.1,86.82,6.65,169.98,508.04,69.74,35,0,medium,night,0
EQ-BALL-MILL-144,ball_mill,2585.8,86.25,7.83,164.82,553.7,85.66,31,0,medium,day,0
EQ-BALL-MILL-046,ball_mill,3855.4,98.61,6.07,152.26,593.83,90.0,11,2,medium,day,0
EQ-DRILL-RIG-052,drill_rig,4675.3,84.15,8.18,221.81,437.13,73.47,69,2,medium,night,0
EQ-CONVEYOR-BELT-042,conveyor_belt,6442.3,64.63,1.46,102.17,182.5,64.54,18,0,high,night,0
EQ-HAUL-TRUCK-045,haul_truck,3752.7,96.05,6.45,165.46,452.75,59.4,107,1,high,night,1
EQ-CRUSHER-032,crusher,2654.3,91.62,7.8,192.49,427.64,72.69,45,1,high,night,0
EQ-DRILL-RIG-088,drill_rig,2133.2,86.74,6.99,246.72,358.93,92.29,57,2,low,day,1
EQ-CRUSHER-110,crusher,6222.2,92.18,8.98,167.49,543.03,76.96,38,1,high,day,0
EQ-DRILL-RIG-065,drill_rig,4197.5,81.27,4.91,245.25,355.26,70.6,21,4,medium,day,0
EQ-HAUL-TRUCK-139,haul_truck,3673.4,74.33,5.24,170.27,421.82,63.19,37,2,low,night,0
EQ-CRUSHER-072,crusher,4257.9,90.13,8.62,217.84,520.6,74.5,28,0,medium,day,1
EQ-CRUSHER-071,crusher,5645.3,92.87,8.26,184.61,613.22,85.66,9,2,low,night,1
EQ-CRUSHER-011,crusher,7297.9,89.02,6.03,165.05,471.33,93.46,9,1,high,day,1
EQ-HAUL-TRUCK-136,haul_truck,1971.6,70.77,5.79,145.43,324.55,60.66,24,1,low,day,0
EQ-HAUL-TRUCK-023,haul_truck,3533.4,84.98,3.08,167.79,436.15,82.52,47,2,medium,day,0
EQ-DRILL-RIG-025,drill_rig,5423.7,93.14,4.61,212.21,510.67,96.22,24,0,medium,night,0
EQ-CRUSHER-141,crusher,2051.5,90.33,7.4,199.28,481.41,69.51,25,0,low,day,0
EQ-HAUL-TRUCK-078,haul_truck,8499.6,85.03,6.81,162.53,536.92,99.24,48,0,high,night,0
EQ-HAUL-TRUCK-011,haul_truck,3514.6,89.89,6.82,127.5,464.83,90.89,24,1,medium,night,1
EQ-CRUSHER-067,crusher,9051.0,81.46,6.69,202.4,575.23,97.72,134,1,medium,day,0
EQ-HAUL-TRUCK-089,haul_truck,1902.3,96.36,7.67,182.69,495.27,88.06,18,2,medium,night,0
EQ-CONVEYOR-BELT-002,conveyor_belt,6121.0,69.97,3.48,82.27,127.59,60.64,60,2,high,day,0
EQ-DRILL-RIG-114,drill_rig,2855.9,86.76,5.6,221.96,377.98,76.7,34,1,medium,day,0
EQ-EXCAVATOR-101,excavator,3967.4,69.3,4.38,225.82,332.59,66.91,180,0,low,day,0
EQ-CONVEYOR-BELT-002,conveyor_belt,5157.8,65.01,6.11,41.52,193.6,73.61,23,0,high,night,0
EQ-HAUL-TRUCK-093,haul_truck,5894.8,94.49,8.28,126.73,526.62,96.07,53,0,medium,night,1
EQ-EXCAVATOR-034,excavator,4790.8,72.18,3.34,162.43,405.42,83.39,31,5,low,day,1
EQ-BALL-MILL-111,ball_mill,3875.6,95.48,7.09,197.42,520.36,90.39,4,1,low,night,0
EQ-CRUSHER-057,crusher,4218.1,97.93,8.32,194.81,617.49,87.65,33,3,low,night,0
EQ-BALL-MILL-031,ball_mill,11377.6,98.82,5.76,162.68,647.11,78.9,22,3,high,night,1
EQ-EXCAVATOR-077,excavator,6330.9,81.54,3.26,160.31,367.11,70.91,40,0,high,night,0
EQ-EXCAVATOR-067,excavator,2455.9,84.49,4.85,214.5,485.4,65.69,17,0,medium,night,0
EQ-CRUSHER-052,crusher,4180.0,75.94,8.43,203.58,609.16,97.17,2,1,medium,night,0
EQ-CRUSHER-132,crusher,4914.9,85.37,7.08,193.46,509.44,86.5,89,0,high,day,1
EQ-BALL-MILL-098,ball_mill,1114.8,89.59,4.49,216.6,592.23,88.31,19,2,medium,night,0
EQ-HAUL-TRUCK-074,haul_truck,6675.3,90.7,3.53,175.55,375.35,85.55,58,1,medium,day,0
EQ-DRILL-RIG-034,drill_rig,2579.1,80.26,5.76,219.46,514.4,66.1,29,0,high,night,0
EQ-DRILL-RIG-086,drill_rig,2972.5,84.64,4.66,207.27,418.75,52.6,39,0,low,night,0
EQ-CONVEYOR-BELT-004,conveyor_belt,2221.4,62.72,3.01,89.22,179.06,66.18,37,0,low,day,0
EQ-EXCAVATOR-133,excavator,6145.4,74.96,5.83,175.8,369.51,82.62,24,0,high,day,0
EQ-CRUSHER-001,crusher,5273.8,96.16,8.88,220.22,575.53,96.37,33,3,medium,night,1
EQ-EXCAVATOR-105,excavator,6296.1,71.23,4.97,247.32,361.82,54.9,56,2,low,night,0
EQ-DRILL-RIG-052,drill_rig,7561.9,90.22,5.79,218.63,358.73,70.63,34,0,medium,night,0
EQ-CRUSHER-108,crusher,4431.8,95.64,6.95,208.33,562.07,71.57,63,0,medium,night,1
EQ-BALL-MILL-055,ball_mill,3172.6,90.11,6.88,163.89,594.35,97.64,22,3,medium,day,0
EQ-CONVEYOR-BELT-004,conveyor_belt,4467.8,66.82,5.34,111.97,176.62,57.31,31,1,high,day,0
EQ-CRUSHER-143,crusher,2961.2,98.79,8.19,170.7,586.69,84.88,12,0,high,night,0
EQ-CONVEYOR-BELT-115,conveyor_belt,5112.0,57.75,0.86,99.1,237.18,80.88,42,2,medium,day,0
EQ-CRUSHER-007,crusher,6779.8,82.33,5.87,169.79,589.32,76.1,29,1,medium,night,0
EQ-BALL-MILL-005,ball_mill,2660.6,81.14,6.73,185.44,573.26,73.38,36,0,medium,day,1
EQ-HAUL-TRUCK-080,haul_truck,4485.3,75.62,6.53,140.29,418.05,90.63,86,1,low,day,0
EQ-BALL-MILL-144,ball_mill,3831.2,102.83,6.25,206.39,611.16,78.04,30,2,medium,night,0
EQ-DRILL-RIG-087,drill_rig,3955.3,67.9,5.95,235.0,373.62,86.56,79,2,medium,night,0
EQ-DRILL-RIG-002,drill_rig,6093.6,80.8,7.97,195.85,422.01,67.33,16,0,high,night,1
EQ-CRUSHER-105,crusher,4953.8,71.96,5.59,182.37,493.71,91.08,18,0,high,day,0
EQ-DRILL-RIG-065,drill_rig,3543.3,68.91,3.62,240.6,485.7,58.89,17,0,low,night,0
EQ-EXCAVATOR-096,excavator,3748.1,84.42,4.39,232.99,301.32,57.96,11,0,high,day,0
EQ-DRILL-RIG-053,drill_rig,4205.5,88.93,6.21,208.74,344.6,73.95,35,1,medium,night,1
EQ-HAUL-TRUCK-002,haul_truck,4084.5,90.82,4.53,163.9,400.36,79.19,46,2,low,night,0
EQ-EXCAVATOR-003,excavator,4202.6,72.49,5.7,246.18,316.64,58.83,111,1,medium,day,0
EQ-CRUSHER-095,crusher,5632.2,104.06,9.87,184.69,656.35,90.19,29,1,high,night,1
EQ-EXCAVATOR-096,excavator,2201.4,74.86,6.14,201.92,298.81,66.49,83,3,medium,night,0
EQ-CRUSHER-049,crusher,4981.7,90.09,9.36,170.03,509.02,93.31,13,0,medium,day,1
EQ-DRILL-RIG-013,drill_rig,5225.4,86.93,6.23,198.9,529.0,94.4,18,1,medium,night,1
EQ-EXCAVATOR-116,excavator,8810.3,77.07,5.71,216.98,347.18,56.67,28,2,medium,day,0
EQ-CONVEYOR-BELT-023,conveyor_belt,3867.7,85.1,2.95,124.45,194.56,42.78,13,0,medium,night,0
EQ-HAUL-TRUCK-029,haul_truck,4944.0,80.82,4.17,162.1,410.57,68.33,38,1,medium,day,0
EQ-DRILL-RIG-068,drill_rig,6071.3,82.97,7.08,215.46,496.77,94.27,10,3,high,day,0
EQ-DRILL-RIG-108,drill_rig,4897.7,81.84,6.15,226.12,275.33,39.98,32,0,medium,night,0
EQ-CRUSHER-150,crusher,1454.2,92.21,8.51,163.24,567.99,91.58,31,1,low,day,0
EQ-CONVEYOR-BELT-094,conveyor_belt,1544.8,64.76,2.38,107.09,148.75,56.73,42,3,medium,night,0
EQ-BALL-MILL-145,ball_mill,3708.3,82.73,8.58,187.64,545.21,82.69,79,0,medium,day,0
EQ-DRILL-RIG-098,drill_rig,4054.2,82.7,8.12,239.66,498.72,82.46,19,1,medium,day,0
EQ-CRUSHER-128,crusher,4671.4,83.83,6.64,180.08,527.95,93.22,99,3,medium,day,1
EQ-CRUSHER-027,crusher,2118.6,87.75,6.4,170.38,541.6,86.8,64,1,low,day,1
EQ-DRILL-RIG-009,drill_rig,5302.3,83.27,6.18,215.91,414.19,81.26,41,1,medium,day,0
EQ-EXCAVATOR-101,excavator,2134.2,79.4,6.45,208.27,339.68,94.23,10,3,high,day,0
EQ-DRILL-RIG-147,drill_rig,4866.7,97.82,5.28,239.91,400.12,60.16,37,1,medium,day,1
EQ-EXCAVATOR-111,excavator,2473.6,70.0,5.84,203.05,310.35,45.39,12,1,medium,day,0
EQ-DRILL-RIG-052,drill_rig,827.6,79.44,6.66,233.87,400.4,75.63,49,0,medium,day,0
EQ-HAUL-TRUCK-074,haul_truck,5179.0,76.02,4.26,162.03,403.95,64.38,23,0,medium,day,0
EQ-HAUL-TRUCK-017,haul_truck,6086.2,87.8,4.26,183.87,476.93,73.72,73,1,medium,day,0
EQ-BALL-MILL-052,ball_mill,2764.4,97.88,6.91,180.16,633.78,72.8,75,1,medium,day,1
EQ-DRILL-RIG-103,drill_rig,4831.1,81.88,3.76,255.66,349.47,95.99,52,3,medium,day,0
EQ-BALL-MILL-025,ball_mill,4360.0,86.82,8.13,192.45,616.13,99.55,14,1,medium,day,1
EQ-BALL-MILL-073,ball_mill,2701.1,97.12,5.1,194.89,526.2,79.25,25,2,medium,day,1
EQ-CRUSHER-044,crusher,2074.5,78.72,5.72,186.24,511.76,79.36,75,2,medium,day,0
EQ-EXCAVATOR-074,excavator,5350.6,82.43,2.84,187.83,441.16,78.53,140,1,low,night,0
EQ-HAUL-TRUCK-115,haul_truck,8251.5,80.98,4.46,178.58,354.23,58.9,21,2,medium,day,0
EQ-CRUSHER-133,crusher,3540.5,87.94,7.68,134.48,659.3,96.11,37,0,medium,day,0
EQ-EXCAVATOR-062,excavator,1471.0,85.33,5.71,203.52,394.28,69.47,22,2,low,night,0
EQ-BALL-MILL-125,ball_mill,1112.5,84.62,8.57,179.85,493.69,79.61,15,1,medium,day,0
EQ-HAUL-TRUCK-106,haul_truck,4188.4,82.9,4.35,142.89,510.2,74.18,17,1,medium,day,0
EQ-HAUL-TRUCK-139,haul_truck,1818.2,90.22,5.61,161.17,507.34,74.45,32,2,medium,night,0
EQ-EXCAVATOR-112,excavator,1631.1,76.38,4.48,192.56,362.68,74.63,7,0,medium,night,0
EQ-HAUL-TRUCK-083,haul_truck,2670.5,90.95,6.17,173.21,506.52,87.75,66,1,medium,night,1
EQ-EXCAVATOR-102,excavator,5286.6,97.85,7.73,220.78,462.85,67.67,27,0,high,night,0
EQ-CONVEYOR-BELT-048,conveyor_belt,5088.9,59.0,2.31,79.25,179.04,78.76,39,0,low,night,0
EQ-EXCAVATOR-102,excavator,5434.1,74.4,6.81,197.49,321.39,71.41,38,0,medium,night,0
EQ-CONVEYOR-BELT-107,conveyor_belt,3131.1,82.66,0.25,77.89,109.6,66.77,27,1,medium,day,0
EQ-BALL-MILL-092,ball_mill,3238.9,94.28,7.42,181.43,527.84,70.9,21,1,medium,night,0
EQ-CONVEYOR-BELT-016,conveyor_belt,6269.3,62.1,4.04,84.17,235.46,83.45,19,2,high,night,0
EQ-CONVEYOR-BELT-078,conveyor_belt,3445.7,67.92,4.58,81.45,162.02,82.49,63,1,high,day,0
EQ-EXCAVATOR-107,excavator,2052.1,76.08,5.48,238.15,433.15,63.02,10,2,low,day,0
EQ-HAUL-TRUCK-030,haul_truck,2740.2,81.36,6.65,171.94,527.22,76.38,52,3,low,night,0
EQ-EXCAVATOR-119,excavator,5474.2,73.4,5.23,191.74,358.31,86.98,54,1,high,night,0
EQ-BALL-MILL-127,ball_mill,4788.2,97.41,9.36,193.94,504.92,87.07,19,0,low,night,1
EQ-CONVEYOR-BELT-081,conveyor_belt,3681.2,63.11,3.49,94.45,212.19,80.43,24,1,high,day,0
EQ-EXCAVATOR-145,excavator,1750.7,76.15,1.98,204.25,366.05,59.47,41,3,medium,night,0
EQ-CRUSHER-129,crusher,4770.8,96.02,8.1,208.85,453.25,75.57,38,0,medium,day,0
EQ-DRILL-RIG-070,drill_rig,3364.9,84.85,6.28,224.39,365.42,80.04,63,1,low,night,0
EQ-CONVEYOR-BELT-133,conveyor_belt,2038.3,55.62,1.26,64.78,324.35,86.55,55,2,medium,day,0
EQ-CONVEYOR-BELT-140,conveyor_belt,5414.4,68.73,1.78,73.99,89.76,67.22,17,1,low,day,0
EQ-BALL-MILL-017,ball_mill,3452.1,97.76,8.74,167.22,523.72,90.13,73,2,medium,day,1
EQ-CONVEYOR-BELT-150,conveyor_belt,4096.1,67.37,2.5,83.21,114.79,68.58,23,0,high,day,0
EQ-CONVEYOR-BELT-001,conveyor_belt,6695.5,55.38,4.78,90.45,186.1,70.39,10,1,medium,day,0
EQ-HAUL-TRUCK-073,haul_truck,4571.2,86.45,6.03,171.84,456.25,92.02,8,0,medium,night,1
EQ-HAUL-TRUCK-141,haul_truck,5234.6,88.46,4.81,161.33,344.53,73.01,51,0,low,day,0
EQ-BALL-MILL-109,ball_mill,3971.7,91.18,4.11,152.24,504.1,68.67,119,1,medium,night,1
EQ-CONVEYOR-BELT-041,conveyor_belt,5705.2,79.7,1.59,107.48,141.39,81.06,16,2,medium,night,1
EQ-CRUSHER-097,crusher,2267.1,75.04,6.92,177.66,430.18,79.31,7,2,medium,day,0
EQ-CONVEYOR-BELT-033,conveyor_belt,1750.3,68.96,3.99,80.08,233.14,63.76,48,2,high,night,0
EQ-HAUL-TRUCK-036,haul_truck,2146.4,83.43,5.81,178.94,342.81,66.95,13,1,high,night,0
EQ-DRILL-RIG-137,drill_rig,3250.2,92.15,6.85,217.34,461.76,90.1,59,1,high,night,0
EQ-HAUL-TRUCK-008,haul_truck,5231.8,72.4,6.81,177.16,489.11,97.87,28,2,low,night,0
EQ-DRILL-RIG-145,drill_rig,3061.8,81.46,6.04,288.08,435.79,61.58,17,1,low,night,0
EQ-CRUSHER-069,crusher,5162.1,104.76,9.94,191.92,499.49,91.95,29,2,low,night,1
EQ-EXCAVATOR-010,excavator,4194.0,90.84,3.63,218.21,321.95,72.2,84,0,medium,day,0
EQ-HAUL-TRUCK-119,haul_truck,8898.9,78.56,6.1,167.81,442.53,90.86,6,1,low,day,0
EQ-DRILL-RIG-008,drill_rig,4247.2,87.87,5.7,251.68,398.14,85.84,60,3,high,night,0
EQ-HAUL-TRUCK-049,haul_truck,2909.1,84.72,5.81,155.35,399.95,79.59,64,0,high,day,1
EQ-HAUL-TRUCK-037,haul_truck,4928.3,82.58,8.75,196.32,467.75,71.54,23,1,low,night,0
EQ-DRILL-RIG-118,drill_rig,4056.0,80.84,6.58,213.05,369.83,75.06,49,1,medium,day,0
EQ-EXCAVATOR-060,excavator,2269.5,80.44,5.08,208.64,441.36,100.25,41,2,medium,day,1
EQ-CRUSHER-099,crusher,3656.7,81.91,4.56,132.37,479.74,82.67,64,0,medium,night,0
EQ-EXCAVATOR-011,excavator,3621.5,78.35,5.95,197.11,456.27,82.61,29,0,medium,day,0
EQ-DRILL-RIG-105,drill_rig,3719.1,77.19,6.4,251.75,466.85,72.2,9,1,low,day,0
EQ-EXCAVATOR-107,excavator,2344.7,76.66,4.48,227.15,313.37,60.37,76,0,high,night,0
EQ-HAUL-TRUCK-043,haul_truck,8305.8,101.34,4.66,153.24,482.39,103.22,18,2,medium,night,0
EQ-EXCAVATOR-133,excavator,1843.2,67.71,7.59,202.67,479.5,88.0,23,2,low,night,0
EQ-HAUL-TRUCK-071,haul_truck,6751.7,76.91,6.32,140.55,365.18,78.47,27,3,low,day,0
EQ-EXCAVATOR-101,excavator,3889.7,91.16,4.51,234.09,368.39,77.43,70,0,high,night,0
EQ-HAUL-TRUCK-028,haul_truck,2542.5,82.34,5.43,153.31,392.01,87.77,107,3,low,night,1
EQ-HAUL-TRUCK-140,haul_truck,7706.4,82.46,3.01,163.75,526.8,94.68,25,1,high,night,0
EQ-CRUSHER-037,crusher,905.4,85.64,8.73,186.76,559.99,80.16,25,2,medium,day,1
EQ-DRILL-RIG-094,drill_rig,2527.2,104.33,6.85,274.47,498.75,66.95,39,1,high,day,0
EQ-HAUL-TRUCK-014,haul_truck,3545.1,90.15,2.72,153.24,368.25,83.05,14,1,high,night,0
EQ-HAUL-TRUCK-007,haul_truck,2698.5,92.16,2.17,141.66,337.46,65.4,48,1,high,night,0
EQ-BALL-MILL-020,ball_mill,3739.5,88.04,5.5,213.18,678.44,89.08,48,3,medium,day,1
EQ-BALL-MILL-142,ball_mill,5053.9,93.23,5.66,170.4,676.12,91.18,40,2,medium,night,0
EQ-CONVEYOR-BELT-032,conveyor_belt,2069.1,72.97,5.14,43.15,146.03,79.94,10,3,low,night,0
EQ-EXCAVATOR-132,excavator,4351.1,80.78,8.42,208.06,319.91,68.97,104,4,medium,day,0
EQ-CRUSHER-088,crusher,5271.5,87.56,7.75,181.78,560.17,98.92,51,1,medium,day,1
EQ-HAUL-TRUCK-014,haul_truck,2180.8,89.23,5.04,157.56,496.49,76.13,95,3,medium,day,0
EQ-HAUL-TRUCK-067,haul_truck,4192.8,87.26,2.68,184.7,466.94,72.54,12,3,medium,night,1
EQ-EXCAVATOR-072,excavator,3606.4,71.74,3.7,223.44,468.83,82.75,16,2,low,night,0
EQ-CONVEYOR-BELT-041,conveyor_belt,2397.1,75.51,3.06,111.9,177.6,70.87,19,1,medium,night,0
EQ-EXCAVATOR-091,excavator,2505.0,71.18,6.53,219.62,360.09,88.53,108,0,low,night,0
EQ-CONVEYOR-BELT-130,conveyor_belt,2518.8,54.95,3.73,84.26,226.92,81.05,38,1,medium,night,0
EQ-EXCAVATOR-133,excavator,3114.5,81.83,4.97,173.48,246.6,65.87,32,1,medium,day,0
EQ-EXCAVATOR-079,excavator,3134.6,89.57,4.74,250.71,263.06,68.88,3,1,high,night,0
EQ-DRILL-RIG-135,drill_rig,6863.3,83.49,6.74,233.68,434.61,69.4,25,1,medium,night,0
EQ-DRILL-RIG-139,drill_rig,4492.8,95.22,6.52,233.5,393.84,76.29,29,1,high,day,0
EQ-EXCAVATOR-014,excavator,4552.1,72.36,5.08,175.9,389.82,68.44,41,4,high,night,1
EQ-CONVEYOR-BELT-096,conveyor_belt,4096.7,67.56,3.06,85.12,126.71,79.99,109,1,low,day,0
EQ-EXCAVATOR-116,excavator,4250.4,79.15,4.26,233.25,331.0,80.14,83,0,medium,night,0
EQ-HAUL-TRUCK-003,haul_truck,4691.3,86.16,4.89,130.06,517.23,77.86,28,2,medium,night,0
EQ-CONVEYOR-BELT-091,conveyor_belt,2242.6,76.29,1.28,106.98,179.06,68.44,15,3,high,night,0
EQ-HAUL-TRUCK-138,haul_truck,3679.7,68.53,5.31,163.19,490.26,81.73,27,1,medium,night,0
EQ-CRUSHER-041,crusher,2555.5,103.04,7.23,183.72,497.24,54.83,36,4,low,day,0
EQ-CRUSHER-129,crusher,5852.6,86.33,3.8,189.19,575.31,93.79,49,0,low,day,0
EQ-HAUL-TRUCK-141,haul_truck,2983.9,90.51,4.27,135.24,461.2,73.82,1,2,medium,night,0
EQ-HAUL-TRUCK-096,haul_truck,4718.6,91.63,4.6,135.7,442.44,74.11,27,2,low,day,0
EQ-EXCAVATOR-095,excavator,5095.3,79.66,5.82,201.2,372.84,83.7,29,1,medium,day,1
EQ-BALL-MILL-081,ball_mill,4372.8,100.48,7.28,151.0,596.41,85.31,27,1,high,night,0
EQ-CONVEYOR-BELT-062,conveyor_belt,4166.6,63.4,3.58,114.21,292.44,88.1,108,1,low,day,0
EQ-CRUSHER-068,crusher,3879.0,94.25,6.2,172.59,444.99,60.81,30,0,medium,day,0
EQ-HAUL-TRUCK-079,haul_truck,5204.6,78.52,6.35,123.43,455.2,79.79,34,0,medium,day,0
EQ-CONVEYOR-BELT-073,conveyor_belt,2648.7,71.75,2.1,99.22,228.98,80.27,100,1,medium,day,0
EQ-HAUL-TRUCK-124,haul_truck,4523.9,77.44,3.5,160.03,461.75,61.5,82,0,low,night,1
EQ-CRUSHER-116,crusher,1579.9,79.86,5.96,193.22,501.47,83.82,74,2,low,day,0
EQ-DRILL-RIG-053,drill_rig,2918.4,82.15,6.21,214.15,426.34,69.9,40,2,high,day,0
EQ-CRUSHER-077,crusher,3091.6,87.69,9.66,125.96,499.45,94.44,24,0,medium,night,1
EQ-EXCAVATOR-033,excavator,1929.7,78.76,4.34,209.29,364.17,80.99,15,1,medium,day,0
EQ-HAUL-TRUCK-027,haul_truck,4169.8,80.84,5.05,121.31,381.55,74.42,64,0,high,night,0
EQ-HAUL-TRUCK-056,haul_truck,2730.6,86.33,1.94,162.87,428.69,81.16,95,2,low,day,0
EQ-CRUSHER-009,crusher,6373.0,88.31,6.89,190.97,591.05,90.12,50,0,low,day,1
EQ-BALL-MILL-129,ball_mill,3466.0,93.19,8.2,181.34,527.67,72.0,13,0,low,night,0
EQ-EXCAVATOR-019,excavator,5041.5,81.58,5.38,196.19,415.28,63.34,38,2,high,night,0
EQ-CONVEYOR-BELT-049,conveyor_belt,5907.4,62.61,4.12,90.54,117.17,50.24,73,1,medium,night,0
EQ-CONVEYOR-BELT-038,conveyor_belt,4768.3,75.65,4.04,84.56,169.82,47.19,16,0,medium,day,0
EQ-HAUL-TRUCK-032,haul_truck,3243.7,74.1,5.42,156.8,381.87,80.05,17,2,low,day,0
EQ-HAUL-TRUCK-056,haul_truck,3870.8,86.12,6.71,169.81,431.53,69.74,47,1,high,day,0
EQ-EXCAVATOR-108,excavator,1936.8,72.31,6.2,231.39,446.37,94.79,50,0,high,night,0
EQ-CONVEYOR-BELT-134,conveyor_belt,5078.2,60.92,3.02,67.41,40.0,58.87,46,1,medium,day,0
EQ-CRUSHER-029,crusher,9060.5,76.4,4.86,189.0,451.99,76.87,79,1,low,night,0
EQ-CONVEYOR-BELT-036,conveyor_belt,5695.0,77.06,2.52,95.7,147.68,69.72,33,0,medium,night,0
EQ-DRILL-RIG-071,drill_rig,3177.8,73.93,5.76,254.78,450.51,85.71,22,1,medium,day,0
EQ-DRILL-RIG-048,drill_rig,3315.8,69.37,6.47,240.38,390.65,52.82,61,0,low,day,0
EQ-BALL-MILL-120,ball_mill,5803.0,90.41,6.59,133.5,622.58,78.52,123,1,medium,day,1
EQ-DRILL-RIG-034,drill_rig,1267.3,80.3,9.1,195.34,481.55,86.49,24,2,medium,night,0
EQ-DRILL-RIG-061,drill_rig,2089.9,71.49,7.25,226.63,394.4,57.03,55,1,high,night,0
EQ-DRILL-RIG-082,drill_rig,2794.7,91.9,5.41,227.91,490.85,66.41,86,1,medium,night,0
EQ-CONVEYOR-BELT-058,conveyor_belt,2906.6,65.76,4.19,64.17,122.83,82.46,42,0,low,day,0
EQ-DRILL-RIG-093,drill_rig,1527.0,79.78,4.91,223.83,440.68,85.9,14,0,medium,day,0
EQ-BALL-MILL-120,ball_mill,4629.0,96.85,7.12,183.3,564.61,64.36,43,1,medium,day,1
EQ-CRUSHER-080,crusher,3199.5,81.5,8.19,218.92,435.31,89.16,48,1,medium,day,0
EQ-CONVEYOR-BELT-069,conveyor_belt,3212.3,68.83,2.11,89.17,184.4,66.27,28,2,medium,night,0
EQ-CRUSHER-143,crusher,4084.9,85.64,8.87,191.12,478.85,75.44,28,0,low,night,1
EQ-DRILL-RIG-148,drill_rig,1786.7,83.72,6.86,224.45,385.91,86.3,11,1,medium,night,0
EQ-CRUSHER-150,crusher,3709.8,97.89,8.33,134.04,588.25,69.68,20,0,high,night,0
EQ-DRILL-RIG-003,drill_rig,1771.6,72.39,7.58,192.5,467.2,80.52,22,3,low,day,0
EQ-DRILL-RIG-126,drill_rig,4624.2,72.67,5.99,276.69,430.42,86.61,17,1,medium,night,0
EQ-BALL-MILL-135,ball_mill,6140.9,78.44,5.43,164.99,571.5,66.66,32,3,low,night,1
EQ-EXCAVATOR-121,excavator,5066.8,78.49,5.31,193.42,383.65,64.88,67,2,medium,day,0
EQ-CONVEYOR-BELT-113,conveyor_belt,2927.7,58.39,0.2,131.83,176.05,66.4,21,2,high,day,0
EQ-DRILL-RIG-055,drill_rig,4824.0,75.07,6.0,224.87,437.78,79.17,90,1,medium,night,1
EQ-BALL-MILL-109,ball_mill,3415.0,91.6,6.22,127.3,617.48,91.04,46,2,low,night,1
EQ-BALL-MILL-087,ball_mill,3989.9,83.22,7.88,171.62,673.45,97.74,150,0,medium,day,1
EQ-CONVEYOR-BELT-125,conveyor_belt,4703.1,74.51,1.84,58.92,136.26,73.11,56,1,low,night,0
EQ-CONVEYOR-BELT-053,conveyor_belt,842.3,59.6,2.84,99.27,270.14,86.27,9,3,medium,night,0
EQ-HAUL-TRUCK-112,haul_truck,1598.8,78.09,6.04,112.97,462.85,72.49,80,0,high,night,0
EQ-BALL-MILL-118,ball_mill,3526.9,100.67,8.24,149.53,547.93,78.11,6,0,medium,day,1
EQ-EXCAVATOR-126,excavator,2622.4,83.5,4.6,185.32,401.54,76.91,7,0,medium,day,0
EQ-CONVEYOR-BELT-026,conveyor_belt,3760.1,78.15,1.63,81.34,78.52,74.05,67,2,medium,night,0
EQ-DRILL-RIG-130,drill_rig,4046.9,92.27,5.6,263.87,445.03,73.97,114,2,high,day,0
EQ-CRUSHER-033,crusher,2938.7,87.7,7.41,174.65,468.42,73.68,114,0,low,day,0
EQ-HAUL-TRUCK-141,haul_truck,3273.1,88.41,4.38,122.49,428.58,61.45,43,0,medium,night,0
EQ-HAUL-TRUCK-006,haul_truck,2346.6,78.96,4.29,150.95,363.65,69.46,27,1,low,day,0
EQ-DRILL-RIG-034,drill_rig,4267.2,85.57,9.08,219.74,453.5,71.97,33,0,low,day,0
EQ-CRUSHER-092,crusher,5337.7,94.3,8.52,174.87,505.29,73.66,33,3,low,night,1
EQ-HAUL-TRUCK-082,haul_truck,1817.4,85.49,7.01,159.39,455.44,57.43,37,2,medium,day,1
EQ-CONVEYOR-BELT-104,conveyor_belt,5218.5,66.59,4.92,73.26,263.1,67.28,19,1,low,night,0
EQ-EXCAVATOR-061,excavator,4513.9,71.09,7.18,239.71,345.12,72.02,36,2,high,day,0
EQ-DRILL-RIG-001,drill_rig,5047.9,80.29,6.41,198.16,307.59,74.75,24,1,medium,day,0
EQ-EXCAVATOR-093,excavator,6204.7,82.15,2.63,240.32,293.91,62.39,17,1,high,day,0
EQ-HAUL-TRUCK-077,haul_truck,2941.3,76.01,5.87,181.52,396.71,75.34,92,0,low,day,0
EQ-HAUL-TRUCK-077,haul_truck,5797.7,79.01,5.21,156.2,432.81,83.02,50,0,medium,day,0
EQ-CRUSHER-057,crusher,6249.9,85.29,6.37,182.8,491.09,91.2,49,0,medium,night,1
EQ-CRUSHER-134,crusher,1927.6,100.44,8.53,177.46,512.52,110.0,38,0,medium,night,1
EQ-DRILL-RIG-119,drill_rig,4053.3,72.48,7.27,231.64,434.64,76.74,19,3,medium,day,0
EQ-CRUSHER-028,crusher,3981.9,97.73,8.37,186.54,497.79,87.96,35,1,high,day,1
EQ-EXCAVATOR-006,excavator,6419.7,82.46,5.98,207.71,309.48,76.68,111,2,medium,night,0
EQ-EXCAVATOR-028,excavator,10169.3,73.21,7.69,183.83,391.5,74.83,50,0,high,day,0
EQ-EXCAVATOR-008,excavator,5072.9,71.67,6.95,199.85,361.21,81.72,32,2,low,day,0
EQ-BALL-MILL-107,ball_mill,8393.0,94.35,7.86,175.01,605.85,88.3,45,0,medium,day,1
EQ-HAUL-TRUCK-094,haul_truck,2692.9,79.99,5.8,141.77,473.48,69.94,27,1,medium,day,0
EQ-BALL-MILL-070,ball_mill,4865.8,79.4,5.94,163.27,596.25,75.44,26,0,medium,night,0
EQ-EXCAVATOR-089,excavator,3722.5,71.97,3.71,200.76,414.47,73.59,69,2,medium,day,0
EQ-HAUL-TRUCK-122,haul_truck,4666.4,79.55,3.79,184.82,387.96,53.07,38,0,medium,night,0
EQ-EXCAVATOR-125,excavator,5110.7,81.27,4.32,231.6,362.33,76.56,51,0,high,day,0
EQ-HAUL-TRUCK-066,haul_truck,5494.8,75.7,4.99,145.99,444.21,87.47,37,1,low,day,0
EQ-DRILL-RIG-089,drill_rig,3298.3,81.18,4.68,250.91,363.35,73.06,59,2,low,night,0
EQ-CRUSHER-087,crusher,3574.9,85.47,7.55,164.0,552.91,78.36,26,0,low,day,0
EQ-EXCAVATOR-143,excavator,5302.4,69.78,5.48,245.36,440.46,93.88,29,1,low,night,0
EQ-CONVEYOR-BELT-115,conveyor_belt,4380.0,69.11,0.8,79.4,208.46,57.64,105,1,medium,night,0
EQ-CONVEYOR-BELT-048,conveyor_belt,2817.7,62.42,3.4,92.43,155.53,56.03,7,1,medium,night,0
EQ-BALL-MILL-134,ball_mill,3619.6,78.82,5.94,150.31,531.8,80.96,58,3,medium,day,0
EQ-BALL-MILL-060,ball_mill,5982.4,81.37,6.16,180.83,675.13,86.54,41,3,high,day,1
EQ-CONVEYOR-BELT-114,conveyor_belt,2453.0,64.75,2.91,140.92,115.34,53.56,30,2,high,day,0
EQ-DRILL-RIG-147,drill_rig,3789.8,90.94,5.62,214.71,381.51,66.8,19,0,medium,night,0
EQ-DRILL-RIG-122,drill_rig,2053.5,95.84,8.88,255.42,244.33,58.97,77,3,medium,night,0
EQ-CRUSHER-017,crusher,6215.3,86.54,6.85,220.07,409.81,69.74,113,0,medium,day,0
EQ-CONVEYOR-BELT-031,conveyor_belt,10406.5,52.72,1.66,108.11,176.06,75.45,29,0,medium,day,0
EQ-HAUL-TRUCK-120,haul_truck,6943.9,75.04,4.04,126.9,580.02,80.3,54,0,medium,day,0
EQ-DRILL-RIG-019,drill_rig,3030.2,95.09,5.94,218.95,425.64,65.74,53,1,low,day,0
EQ-BALL-MILL-002,ball_mill,3022.9,94.64,7.34,137.44,553.72,87.62,56,2,high,day,1
EQ-HAUL-TRUCK-039,haul_truck,6068.3,88.8,6.09,167.2,434.37,68.38,13,0,medium,night,1
EQ-DRILL-RIG-073,drill_rig,5737.3,83.04,7.4,203.55,471.85,87.13,72,2,low,night,0
EQ-BALL-MILL-020,ball_mill,7390.7,93.8,9.21,151.32,562.73,77.16,9,1,medium,day,1
EQ-EXCAVATOR-024,excavator,3877.1,66.14,3.63,222.64,454.71,71.97,52,3,medium,day,0
EQ-CRUSHER-051,crusher,2287.1,86.49,6.19,182.37,609.16,76.59,83,1,medium,day,1
EQ-BALL-MILL-090,ball_mill,3918.4,72.59,6.92,171.76,611.04,90.98,24,1,low,day,1
EQ-BALL-MILL-082,ball_mill,3658.5,83.37,6.89,169.06,549.63,68.79,40,1,low,night,1
EQ-HAUL-TRUCK-120,haul_truck,9401.3,86.1,3.51,160.24,417.67,67.89,60,2,medium,day,0
EQ-EXCAVATOR-148,excavator,5142.1,82.54,3.96,206.06,445.34,55.92,30,0,medium,night,0
EQ-CONVEYOR-BELT-005,conveyor_belt,1603.5,69.85,3.2,103.73,203.53,73.55,18,0,low,night,0
EQ-EXCAVATOR-104,excavator,5230.3,88.37,3.39,185.74,381.87,84.25,55,2,high,day,0
EQ-EXCAVATOR-025,excavator,6242.4,80.36,6.39,222.18,424.44,83.54,15,1,high,night,0
EQ-HAUL-TRUCK-055,haul_truck,5816.5,82.54,4.49,178.66,443.78,87.86,6,1,medium,night,0
EQ-HAUL-TRUCK-052,haul_truck,5665.1,93.78,5.67,136.81,425.95,82.79,39,1,high,night,1
EQ-CONVEYOR-BELT-106,conveyor_belt,4343.9,67.21,1.72,78.52,156.75,76.55,30,2,medium,day,0
EQ-CONVEYOR-BELT-039,conveyor_belt,3578.3,75.39,3.43,66.73,191.23,79.71,56,1,low,night,0
EQ-CONVEYOR-BELT-135,conveyor_belt,2221.1,62.62,3.24,73.74,200.39,71.85,41,1,medium,day,0
EQ-DRILL-RIG-058,drill_rig,7613.3,75.68,4.47,236.87,455.05,73.41,125,0,medium,day,0
EQ-CRUSHER-123,crusher,4936.7,85.0,6.56,232.86,418.17,71.41,79,1,medium,night,0
EQ-EXCAVATOR-143,excavator,3061.8,67.28,6.5,225.66,243.4,58.56,44,1,high,day,1
EQ-HAUL-TRUCK-077,haul_truck,4134.1,94.34,1.54,160.97,456.63,85.74,73,1,medium,day,0
EQ-HAUL-TRUCK-016,haul_truck,2231.4,77.04,3.58,145.01,359.3,61.33,87,2,low,day,0
EQ-EXCAVATOR-106,excavator,4117.5,67.77,4.07,179.84,281.43,60.53,87,1,low,day,0
EQ-HAUL-TRUCK-064,haul_truck,6641.0,88.47,3.8,165.43,404.65,83.98,16,2,high,day,0
EQ-HAUL-TRUCK-051,haul_truck,5240.6,83.48,5.02,144.47,390.4,66.43,19,0,low,day,0
EQ-HAUL-TRUCK-069,haul_truck,6147.1,84.01,4.92,160.28,442.53,62.41,97,1,high,night,0
EQ-CONVEYOR-BELT-045,conveyor_belt,5944.0,78.51,0.39,117.42,188.88,59.59,40,0,low,night,0
EQ-CONVEYOR-BELT-043,conveyor_belt,4752.0,60.37,0.37,78.78,237.62,62.69,41,0,high,day,0
EQ-BALL-MILL-149,ball_mill,3688.1,86.29,8.73,159.14,557.86,98.27,51,0,medium,night,1
EQ-DRILL-RIG-042,drill_rig,3327.4,82.42,6.12,260.73,403.5,70.19,33,1,low,night,0
EQ-CONVEYOR-BELT-069,conveyor_belt,7373.7,66.16,5.23,95.45,262.17,71.25,103,2,low,night,0
EQ-HAUL-TRUCK-108,haul_truck,5014.7,74.39,7.73,185.33,492.13,77.65,47,0,low,night,1
EQ-CONVEYOR-BELT-034,conveyor_belt,4849.4,68.99,3.62,91.05,165.34,65.71,68,1,low,night,0
EQ-HAUL-TRUCK-093,haul_truck,5001.5,99.15,3.75,161.38,350.64,83.31,28,2,low,day,0
EQ-CRUSHER-135,crusher,3482.3,87.81,8.96,155.32,468.07,72.29,31,1,medium,night,1
EQ-CRUSHER-122,crusher,4719.3,90.83,6.49,175.7,459.66,76.71,19,3,medium,night,0
EQ-CRUSHER-005,crusher,2924.0,93.03,7.11,201.25,502.71,82.42,63,1,medium,night,1
EQ-EXCAVATOR-061,excavator,3193.4,74.41,4.68,206.33,362.47,68.44,35,0,medium,day,1
EQ-CONVEYOR-BELT-001,conveyor_belt,5337.3,72.71,1.92,93.31,50.08,49.83,63,0,high,night,0
EQ-DRILL-RIG-092,drill_rig,4935.9,80.47,3.58,275.63,370.39,86.32,59,0,high,night,0
EQ-DRILL-RIG-049,drill_rig,5412.4,89.67,5.47,199.1,308.61,75.02,17,1,medium,day,0
EQ-CONVEYOR-BELT-135,conveyor_belt,5753.8,63.41,2.53,87.74,161.5,62.18,32,1,medium,night,0
EQ-CRUSHER-027,crusher,3498.9,100.43,8.39,152.3,604.33,73.67,16,2,high,night,0
EQ-HAUL-TRUCK-128,haul_truck,3984.3,90.9,2.84,152.72,453.68,78.37,18,4,high,night,0
EQ-CONVEYOR-BELT-052,conveyor_belt,5233.0,58.04,2.78,101.24,284.08,85.46,15,2,high,day,0
EQ-CRUSHER-139,crusher,2765.7,92.87,5.97,211.65,545.08,96.85,20,0,medium,night,0
EQ-EXCAVATOR-030,excavator,906.6,80.76,3.73,225.97,389.16,63.81,23,0,medium,night,0
EQ-EXCAVATOR-041,excavator,1801.1,75.52,5.99,202.3,328.28,70.12,143,0,high,day,1
EQ-BALL-MILL-053,ball_mill,3136.4,91.69,7.63,150.72,585.71,72.36,30,1,medium,night,0
EQ-CONVEYOR-BELT-148,conveyor_belt,3524.8,62.81,4.53,73.9,178.23,72.43,65,1,low,day,0
EQ-CRUSHER-111,crusher,4637.6,85.0,6.72,188.23,540.51,97.89,53,0,high,night,1
EQ-CONVEYOR-BELT-123,conveyor_belt,6286.3,65.31,2.56,104.07,269.49,71.22,46,0,high,night,0
EQ-CRUSHER-083,crusher,3618.5,88.44,5.05,187.91,569.33,82.89,71,1,low,night,0
EQ-CRUSHER-120,crusher,3024.2,94.33,10.21,213.87,439.82,62.21,44,0,low,night,0
EQ-EXCAVATOR-095,excavator,2225.1,82.57,4.2,211.0,314.16,70.68,19,0,high,day,0
EQ-CRUSHER-101,crusher,2868.6,104.58,7.24,174.89,548.48,87.45,50,1,medium,night,0
EQ-CONVEYOR-BELT-126,conveyor_belt,2847.8,77.92,0.95,134.62,92.76,61.11,58,0,medium,day,0
EQ-HAUL-TRUCK-148,haul_truck,4226.2,82.21,6.66,191.06,429.26,78.87,15,0,low,day,0
EQ-DRILL-RIG-087,drill_rig,2853.9,88.95,6.25,214.91,467.72,80.66,44,0,low,day,0
EQ-EXCAVATOR-067,excavator,3443.6,73.34,3.92,230.38,322.38,72.92,68,0,medium,night,0
EQ-CONVEYOR-BELT-098,conveyor_belt,3284.2,72.92,2.18,90.93,169.03,54.18,37,1,high,night,0
EQ-CONVEYOR-BELT-112,conveyor_belt,4031.8,65.52,2.01,82.96,203.67,70.71,116,1,medium,day,0
EQ-CONVEYOR-BELT-148,conveyor_belt,5111.3,72.81,2.94,86.81,282.57,74.06,24,1,low,day,0
EQ-CONVEYOR-BELT-105,conveyor_belt,4715.7,68.0,4.77,106.88,149.25,54.17,30,1,low,day,0
EQ-BALL-MILL-144,ball_mill,2611.1,83.77,8.07,150.17,532.5,88.16,51,1,low,day,1
EQ-CRUSHER-110,crusher,3100.3,92.58,8.65,172.56,634.06,92.22,25,0,high,day,1
EQ-CONVEYOR-BELT-143,conveyor_belt,5536.1,52.76,1.34,63.83,223.09,79.37,25,1,medium,night,0
EQ-CONVEYOR-BELT-113,conveyor_belt,6115.8,76.14,1.48,117.15,205.89,64.64,83,1,high,night,0
EQ-EXCAVATOR-133,excavator,2078.2,90.61,6.53,211.14,441.39,87.98,31,3,high,night,0
EQ-EXCAVATOR-029,excavator,1942.6,67.26,7.35,159.8,423.23,97.04,69,1,medium,day,1
EQ-CRUSHER-149,crusher,7478.4,87.63,10.52,176.0,552.76,72.99,17,0,low,day,1
EQ-EXCAVATOR-053,excavator,2236.9,79.34,5.18,235.47,357.48,60.19,30,3,high,day,0
EQ-EXCAVATOR-120,excavator,2748.5,73.32,2.94,220.03,387.07,75.2,29,3,low,night,0
EQ-CRUSHER-059,crusher,3485.5,93.43,5.47,178.15,523.98,68.87,31,0,high,night,1
EQ-CONVEYOR-BELT-069,conveyor_belt,2699.2,69.35,4.1,92.69,128.3,73.83,17,2,medium,night,0
EQ-HAUL-TRUCK-113,haul_truck,2773.4,86.28,3.81,156.99,550.25,65.16,28,1,medium,day,0
EQ-DRILL-RIG-082,drill_rig,2778.8,81.29,7.54,217.28,439.58,71.8,37,0,medium,night,0
EQ-CRUSHER-108,crusher,4221.8,93.14,7.8,157.47,590.47,101.59,8,1,medium,night,1
EQ-CONVEYOR-BELT-012,conveyor_belt,1755.6,67.51,1.9,98.29,148.15,70.47,24,4,medium,day,0
EQ-HAUL-TRUCK-126,haul_truck,5537.4,102.48,4.74,165.12,377.6,56.28,51,0,medium,night,0
EQ-CRUSHER-062,crusher,975.6,85.97,6.67,193.44,488.85,75.61,22,2,medium,night,0
EQ-HAUL-TRUCK-119,haul_truck,1944.5,82.48,4.32,178.58,384.73,82.94,43,2,medium,day,0
EQ-CONVEYOR-BELT-043,conveyor_belt,7101.6,66.01,4.64,88.1,195.63,69.01,20,0,medium,night,0
EQ-EXCAVATOR-090,excavator,3156.8,83.62,7.05,175.51,423.52,86.05,35,3,high,night,0
EQ-BALL-MILL-089,ball_mill,7763.9,94.1,6.73,183.42,584.25,65.23,6,0,high,night,0
EQ-EXCAVATOR-021,excavator,3030.3,68.47,3.27,230.21,396.34,87.59,50,2,medium,day,0
EQ-CONVEYOR-BELT-072,conveyor_belt,1571.3,63.99,5.04,90.27,250.55,99.18,25,0,high,day,0
EQ-EXCAVATOR-096,excavator,1491.5,80.29,3.22,191.05,354.26,58.05,64,4,medium,night,0
EQ-CONVEYOR-BELT-126,conveyor_belt,3823.8,55.21,4.23,70.35,176.63,76.15,32,4,low,day,0
EQ-CRUSHER-134,crusher,1558.4,94.66,7.06,177.22,450.97,77.27,27,1,low,day,1
EQ-EXCAVATOR-058,excavator,2725.8,77.1,4.72,229.49,386.87,74.02,22,1,high,day,0
EQ-HAUL-TRUCK-097,haul_truck,4991.8,84.34,5.85,156.02,484.78,80.64,25,2,medium,day,0
EQ-HAUL-TRUCK-027,haul_truck,4172.1,88.92,5.33,157.28,466.05,72.57,24,1,high,night,1
EQ-HAUL-TRUCK-135,haul_truck,3343.4,93.14,4.33,157.09,414.05,73.01,20,0,medium,night,0
EQ-BALL-MILL-131,ball_mill,3985.6,78.22,7.34,173.43,656.05,68.81,21,0,low,day,0
EQ-CRUSHER-150,crusher,5044.4,93.22,7.53,180.75,554.57,74.32,111,1,medium,night,1
EQ-HAUL-TRUCK-073,haul_truck,3118.2,85.89,4.99,166.87,463.62,79.03,33,2,medium,day,0
EQ-BALL-MILL-054,ball_mill,5468.8,78.08,6.94,191.08,577.99,63.41,8,0,medium,day,0
EQ-HAUL-TRUCK-114,haul_truck,3821.2,76.14,4.18,213.14,489.36,73.37,8,0,high,day,0
EQ-CRUSHER-109,crusher,6004.5,105.97,9.48,181.23,516.97,75.85,113,1,medium,day,0
EQ-CONVEYOR-BELT-032,conveyor_belt,3969.2,70.32,4.84,70.28,202.25,70.34,32,1,medium,day,0
EQ-BALL-MILL-081,ball_mill,1950.8,84.02,4.66,138.76,531.92,67.45,14,1,medium,night,0
EQ-CONVEYOR-BELT-097,conveyor_belt,2696.2,61.17,4.55,62.76,203.09,76.96,69,2,medium,day,0
EQ-CRUSHER-069,crusher,3747.0,94.05,8.36,202.71,563.48,78.19,22,0,high,night,1
EQ-BALL-MILL-056,ball_mill,10178.9,87.5,5.85,183.73,694.76,94.97,36,4,medium,day,1
EQ-HAUL-TRUCK-036,haul_truck,2602.3,73.14,5.16,185.58,524.26,85.73,40,0,medium,night,0
EQ-BALL-MILL-062,ball_mill,9055.6,90.09,6.36,169.48,512.35,78.26,15,1,medium,night,0
EQ-DRILL-RIG-037,drill_rig,5708.1,84.22,5.91,219.81,398.66,72.62,22,2,low,day,0
EQ-BALL-MILL-046,ball_mill,5824.5,77.6,6.16,163.29,568.98,88.68,55,3,medium,night,1
EQ-EXCAVATOR-028,excavator,5053.7,80.85,5.84,180.24,287.37,84.1,83,0,medium,night,0
EQ-HAUL-TRUCK-057,haul_truck,8693.7,91.24,4.46,182.34,484.55,86.21,59,2,medium,day,0
EQ-CONVEYOR-BELT-095,conveyor_belt,2803.8,61.25,2.19,59.01,222.99,65.6,44,2,medium,night,0
EQ-CRUSHER-057,crusher,5625.1,95.16,9.93,191.84,623.61,82.42,27,0,low,night,1
EQ-CRUSHER-022,crusher,2123.9,84.94,7.54,195.34,588.93,70.88,48,3,low,day,0
EQ-BALL-MILL-121,ball_mill,2817.3,83.5,6.15,172.78,649.24,88.24,54,5,medium,night,1
EQ-CONVEYOR-BELT-065,conveyor_belt,5222.2,86.03,6.67,117.26,168.84,78.92,82,3,medium,day,0
EQ-EXCAVATOR-088,excavator,5882.9,75.41,4.48,222.96,381.57,64.78,35,0,medium,night,0
EQ-CRUSHER-079,crusher,4621.7,91.56,6.37,181.31,481.24,56.68,137,0,low,night,1
EQ-HAUL-TRUCK-076,haul_truck,1430.1,87.23,6.97,140.31,399.24,77.01,65,0,medium,night,1
EQ-HAUL-TRUCK-066,haul_truck,2569.0,83.17,4.51,150.66,360.93,75.49,32,2,medium,night,0
EQ-HAUL-TRUCK-114,haul_truck,1952.0,82.96,4.35,172.69,406.92,80.91,73,0,high,night,1
EQ-DRILL-RIG-129,drill_rig,3647.4,89.42,5.87,233.68,372.23,63.67,27,1,medium,day,0
EQ-CONVEYOR-BELT-136,conveyor_belt,1934.1,61.2,1.34,86.8,202.64,73.0,22,3,medium,day,0
EQ-CRUSHER-067,crusher,2867.2,95.59,9.27,195.78,556.78,87.14,8,1,medium,night,0
EQ-EXCAVATOR-052,excavator,2830.7,85.77,6.97,215.43,364.83,67.16,109,1,medium,day,0
EQ-CONVEYOR-BELT-013,conveyor_belt,6519.5,64.49,3.11,98.51,155.28,68.39,27,0,high,night,0
EQ-DRILL-RIG-067,drill_rig,2973.1,70.76,4.88,279.2,457.42,75.77,54,2,low,day,0
EQ-BALL-MILL-149,ball_mill,8927.4,90.65,9.97,174.76,613.58,89.0,66,0,medium,day,1
EQ-CRUSHER-040,crusher,3172.0,100.84,6.68,228.31,466.58,76.63,27,0,low,day,0
EQ-DRILL-RIG-127,drill_rig,4897.5,88.26,5.83,279.76,318.53,67.59,29,2,low,night,0
EQ-CRUSHER-114,crusher,4311.7,85.32,7.49,210.91,469.35,68.98,8,2,low,day,1
EQ-CRUSHER-100,crusher,4027.5,85.06,8.44,164.31,514.44,84.04,16,1,low,day,1
EQ-DRILL-RIG-085,drill_rig,5659.7,83.95,7.06,289.27,359.81,65.96,11,2,medium,night,0
EQ-CRUSHER-114,crusher,3769.8,89.7,8.87,210.13,557.67,83.09,127,0,low,night,1
EQ-CRUSHER-015,crusher,2866.2,77.38,7.75,195.14,545.16,95.12,31,0,low,night,0
EQ-EXCAVATOR-020,excavator,5247.1,75.79,5.8,187.99,393.57,84.27,21,0,low,day,1
EQ-CRUSHER-030,crusher,2352.3,93.96,8.18,185.52,489.57,55.71,26,0,low,day,0
EQ-CRUSHER-115,crusher,3240.2,91.09,6.69,202.9,518.68,82.74,35,0,medium,night,0
EQ-CONVEYOR-BELT-065,conveyor_belt,5653.2,71.81,2.71,99.01,144.64,66.88,19,3,high,day,1
EQ-CRUSHER-032,crusher,3597.8,93.17,7.08,199.68,485.19,78.4,53,2,medium,day,0
EQ-HAUL-TRUCK-007,haul_truck,4705.2,95.73,1.85,118.93,423.86,46.29,66,2,low,night,0
EQ-DRILL-RIG-074,drill_rig,4362.8,77.67,2.57,252.52,481.68,77.56,31,1,medium,day,0
EQ-EXCAVATOR-060,excavator,2953.8,76.99,5.24,211.21,302.63,68.81,23,1,medium,night,0
EQ-BALL-MILL-027,ball_mill,3659.5,95.73,7.7,170.64,646.71,95.07,27,1,low,day,1
EQ-HAUL-TRUCK-004,haul_truck,2298.2,85.62,3.41,142.52,465.88,77.27,17,1,medium,day,0
EQ-CONVEYOR-BELT-114,conveyor_belt,6075.0,62.22,5.36,93.07,246.36,68.27,30,2,medium,day,1
EQ-CRUSHER-117,crusher,3290.4,88.18,8.17,189.53,547.77,72.41,56,3,medium,night,1
EQ-DRILL-RIG-037,drill_rig,6279.4,73.16,7.42,228.26,321.59,76.89,95,2,medium,night,1
EQ-HAUL-TRUCK-075,haul_truck,3511.8,89.15,5.46,186.39,299.41,60.29,44,2,medium,night,0
EQ-BALL-MILL-038,ball_mill,4863.4,79.14,8.65,143.89,535.72,79.46,55,0,low,day,0
EQ-CRUSHER-062,crusher,2314.4,88.76,7.84,177.15,572.74,92.88,32,2,low,night,0
EQ-CONVEYOR-BELT-017,conveyor_belt,5860.7,79.26,4.06,106.1,232.45,70.12,70,2,high,night,0
EQ-CRUSHER-142,crusher,848.0,95.89,6.73,168.62,506.07,86.7,20,1,medium,night,1
EQ-HAUL-TRUCK-109,haul_truck,3584.9,91.22,4.8,183.17,338.61,82.63,13,0,medium,night,0
EQ-CRUSHER-136,crusher,3058.0,97.78,8.85,203.32,556.61,82.99,31,1,high,night,1
EQ-EXCAVATOR-045,excavator,2181.1,77.28,3.51,244.17,364.32,80.66,48,1,medium,night,0
EQ-EXCAVATOR-131,excavator,11155.4,73.99,7.48,252.71,400.44,92.77,12,1,low,day,0
EQ-CONVEYOR-BELT-078,conveyor_belt,1985.3,69.6,4.42,119.68,213.43,83.26,105,2,medium,night,0
EQ-CRUSHER-030,crusher,8809.3,80.99,7.77,192.69,491.61,74.3,17,0,low,day,0
EQ-HAUL-TRUCK-050,haul_truck,7554.3,88.5,4.66,166.18,315.99,87.93,25,1,medium,night,0
EQ-HAUL-TRUCK-122,haul_truck,1922.5,80.88,5.47,175.57,403.5,49.98,48,1,medium,day,0
EQ-HAUL-TRUCK-117,haul_truck,3742.1,80.59,6.91,208.36,432.86,85.42,43,0,low,day,0
EQ-HAUL-TRUCK-109,haul_truck,3586.6,86.53,3.73,154.45,414.37,76.84,72,2,low,day,1
EQ-CONVEYOR-BELT-034,conveyor_belt,2797.8,66.94,4.13,92.97,159.65,74.71,57,0,medium,night,0
EQ-HAUL-TRUCK-098,haul_truck,3795.7,90.21,4.71,207.25,445.46,83.46,17,2,medium,day,1
EQ-BALL-MILL-142,ball_mill,4355.2,93.67,3.77,154.93,504.12,77.42,26,1,low,night,0
EQ-HAUL-TRUCK-008,haul_truck,6327.2,90.9,2.21,170.47,436.13,88.95,51,2,low,night,0
EQ-HAUL-TRUCK-049,haul_truck,2137.1,78.42,6.32,155.82,411.62,80.43,32,3,medium,day,0
EQ-DRILL-RIG-013,drill_rig,3601.4,88.21,5.53,203.53,429.4,67.45,17,1,high,night,0
EQ-EXCAVATOR-016,excavator,3073.7,86.82,5.1,203.55,248.43,76.44,6,1,high,night,0
EQ-CRUSHER-150,crusher,2914.6,97.51,5.74,179.23,607.41,93.6,83,2,medium,night,1
EQ-BALL-MILL-037,ball_mill,3871.9,79.56,9.16,176.58,538.5,65.81,25,2,medium,day,1
EQ-BALL-MILL-027,ball_mill,3433.1,100.82,5.5,171.93,564.84,82.98,50,2,medium,night,1
EQ-CONVEYOR-BELT-012,conveyor_belt,1076.7,67.84,1.7,75.27,203.38,46.9,18,1,low,day,0
EQ-HAUL-TRUCK-148,haul_truck,4386.7,84.78,8.96,191.54,518.55,79.53,45,3,low,night,0
EQ-CONVEYOR-BELT-071,conveyor_belt,1430.7,66.73,2.43,116.52,317.92,88.2,7,2,low,night,0
EQ-BALL-MILL-119,ball_mill,6013.6,80.37,9.24,152.08,592.73,81.39,18,0,high,day,1
EQ-BALL-MILL-038,ball_mill,4061.2,74.75,5.99,189.3,610.98,70.64,28,0,medium,day,0
EQ-HAUL-TRUCK-097,haul_truck,3300.7,77.86,4.22,142.99,454.78,65.22,20,1,low,night,0
EQ-CRUSHER-133,crusher,1885.0,91.48,7.87,184.58,581.39,63.39,22,5,medium,day,1
EQ-EXCAVATOR-101,excavator,4447.1,78.33,3.78,232.66,358.35,70.23,59,0,medium,day,0
EQ-HAUL-TRUCK-078,haul_truck,3746.9,83.16,4.24,161.26,468.38,68.4,25,0,medium,day,0
EQ-CONVEYOR-BELT-032,conveyor_belt,3867.2,60.46,5.96,58.37,113.38,76.05,15,1,medium,night,0
EQ-EXCAVATOR-036,excavator,4117.9,79.0,4.5,175.64,374.68,81.26,25,4,high,day,0
EQ-EXCAVATOR-090,excavator,5046.9,83.08,7.29,239.5,401.65,78.79,6,4,medium,day,0
EQ-HAUL-TRUCK-068,haul_truck,4378.7,86.71,5.23,155.22,568.24,100.04,29,1,high,night,1
EQ-CRUSHER-007,crusher,7301.6,87.63,8.57,176.91,533.58,94.72,27,0,low,night,0
EQ-HAUL-TRUCK-030,haul_truck,5039.8,85.44,5.47,194.85,520.97,88.95,29,0,medium,night,0
EQ-CRUSHER-065,crusher,4329.5,91.54,7.41,162.63,533.36,74.26,11,2,high,night,0
EQ-HAUL-TRUCK-027,haul_truck,3942.1,90.46,5.43,151.7,392.4,83.1,40,1,medium,day,1
EQ-BALL-MILL-084,ball_mill,2438.7,89.65,5.3,170.81,533.58,74.5,30,0,high,day,0
EQ-HAUL-TRUCK-046,haul_truck,1753.1,81.05,5.14,154.56,446.97,67.46,81,0,high,day,0
EQ-CRUSHER-044,crusher,969.7,94.09,7.93,212.13,558.74,80.01,62,2,medium,day,1
EQ-HAUL-TRUCK-017,haul_truck,4914.2,95.73,3.07,158.62,344.41,81.91,18,0,low,day,0
EQ-HAUL-TRUCK-076,haul_truck,3776.3,94.24,4.78,118.57,384.2,73.22,18,0,medium,night,0
EQ-HAUL-TRUCK-029,haul_truck,5102.5,72.71,6.28,187.56,541.97,102.5,63,2,medium,day,1
EQ-HAUL-TRUCK-095,haul_truck,7077.5,89.15,3.55,159.31,434.66,93.23,16,3,high,day,0
EQ-HAUL-TRUCK-141,haul_truck,3609.5,75.34,2.87,150.93,442.11,68.83,17,1,low,night,0
EQ-CRUSHER-137,crusher,1948.2,82.53,9.57,188.0,561.54,98.36,42,0,medium,day,1
EQ-CONVEYOR-BELT-101,conveyor_belt,5776.4,66.35,5.76,104.54,203.89,97.59,22,3,low,night,0
EQ-HAUL-TRUCK-122,haul_truck,3459.4,86.42,4.02,178.18,509.9,69.93,43,0,medium,day,0
EQ-CRUSHER-139,crusher,2858.4,86.46,5.46,143.46,521.56,97.8,8,1,high,night,1
EQ-CONVEYOR-BELT-103,conveyor_belt,2748.6,56.0,2.98,93.33,148.37,69.38,25,0,medium,day,0
EQ-EXCAVATOR-039,excavator,4890.5,92.58,5.52,232.58,340.92,68.59,68,1,medium,day,0
EQ-EXCAVATOR-076,excavator,4855.5,74.74,4.99,246.99,355.95,75.09,17,2,medium,night,1
EQ-HAUL-TRUCK-129,haul_truck,6400.5,73.94,5.14,155.03,428.03,75.52,23,2,medium,day,1
EQ-EXCAVATOR-101,excavator,2223.6,79.62,4.66,198.74,384.01,82.67,28,0,medium,day,0
EQ-CRUSHER-055,crusher,2205.2,95.64,8.93,201.67,551.34,87.39,24,2,low,day,1
EQ-BALL-MILL-026,ball_mill,4152.0,75.84,7.68,178.39,551.34,73.09,8,1,low,day,1
EQ-BALL-MILL-022,ball_mill,4368.6,91.89,4.86,201.46,576.37,67.91,64,1,high,day,0
EQ-BALL-MILL-057,ball_mill,6008.0,82.92,7.0,176.94,506.83,98.79,30,3,medium,night,1
EQ-CRUSHER-121,crusher,6204.2,93.48,4.28,191.78,581.97,87.52,45,1,medium,night,1
EQ-HAUL-TRUCK-083,haul_truck,4076.0,93.53,6.07,167.93,451.95,92.19,70,5,medium,night,1
EQ-EXCAVATOR-009,excavator,6387.1,73.84,6.01,198.6,277.27,76.96,23,3,medium,night,0
EQ-EXCAVATOR-138,excavator,3708.7,79.57,3.11,235.91,310.25,64.31,41,1,low,day,0
EQ-HAUL-TRUCK-061,haul_truck,3731.4,93.86,6.25,140.49,446.77,90.11,2,1,medium,night,0
EQ-HAUL-TRUCK-059,haul_truck,3408.5,78.62,3.3,145.62,365.29,54.03,4,2,low,day,0
EQ-CRUSHER-123,crusher,2155.2,96.4,6.58,197.29,449.59,80.84,33,1,high,day,1
EQ-EXCAVATOR-057,excavator,1697.2,88.55,5.64,217.64,393.29,83.02,10,2,medium,night,0
EQ-HAUL-TRUCK-093,haul_truck,4115.5,89.63,2.39,165.91,421.1,82.62,46,2,high,night,0
EQ-CONVEYOR-BELT-139,conveyor_belt,5826.7,55.57,2.38,104.23,194.06,82.72,51,1,medium,day,0
EQ-EXCAVATOR-078,excavator,2799.4,72.79,4.54,210.53,286.58,71.78,19,2,high,night,0
EQ-DRILL-RIG-093,drill_rig,6157.3,87.33,5.9,186.06,342.95,72.74,49,1,medium,night,0
EQ-EXCAVATOR-054,excavator,6943.2,78.3,3.24,228.19,352.11,70.56,26,1,low,day,0
EQ-CRUSHER-134,crusher,3237.4,92.76,5.31,208.63,545.3,94.28,78,1,high,night,1
EQ-HAUL-TRUCK-012,haul_truck,1498.8,79.48,7.37,147.07,457.21,90.8,12,2,high,night,1
EQ-CRUSHER-042,crusher,3399.5,98.35,9.76,181.69,606.97,89.77,30,0,high,night,1
EQ-HAUL-TRUCK-149,haul_truck,2299.1,84.51,6.63,124.97,451.34,75.66,39,1,high,night,0
EQ-HAUL-TRUCK-073,haul_truck,5843.8,82.75,4.43,191.42,435.05,84.08,57,1,medium,day,0
EQ-CONVEYOR-BELT-027,conveyor_belt,4206.3,61.47,3.7,66.34,175.5,78.37,54,2,medium,night,0
EQ-EXCAVATOR-063,excavator,1488.7,69.29,4.46,225.26,289.4,56.11,24,1,high,day,0
EQ-HAUL-TRUCK-039,haul_truck,4707.7,72.38,6.39,128.77,465.79,98.88,27,2,low,night,0
EQ-BALL-MILL-079,ball_mill,6020.1,97.26,5.01,160.89,640.46,88.61,17,1,high,night,0
EQ-HAUL-TRUCK-036,haul_truck,3970.0,99.79,5.62,178.8,473.19,93.34,73,0,high,night,0
EQ-CONVEYOR-BELT-060,conveyor_belt,3081.8,62.55,5.07,105.16,176.07,72.11,93,1,medium,day,0
EQ-CRUSHER-137,crusher,4550.6,85.09,7.34,188.31,606.34,91.35,6,2,medium,day,0
EQ-EXCAVATOR-013,excavator,7641.0,75.39,3.49,211.23,351.59,88.93,63,1,medium,night,0
EQ-CRUSHER-115,crusher,6461.9,96.16,7.42,155.99,442.9,72.77,52,1,high,day,1
EQ-HAUL-TRUCK-012,haul_truck,2017.7,82.81,4.79,155.74,385.68,83.39,3,0,low,day,0
EQ-CONVEYOR-BELT-069,conveyor_belt,4183.3,64.93,4.06,83.44,246.75,84.72,59,2,medium,day,0
EQ-EXCAVATOR-101,excavator,2346.3,78.83,4.55,231.47,410.62,80.04,81,0,medium,night,0
EQ-HAUL-TRUCK-144,haul_truck,3050.0,95.56,7.53,184.55,433.68,81.74,55,0,high,day,1
EQ-EXCAVATOR-038,excavator,6682.0,83.74,2.11,220.72,286.58,69.74,16,1,medium,night,1
EQ-BALL-MILL-008,ball_mill,4174.5,86.6,10.71,131.1,517.35,98.97,103,1,medium,day,1
EQ-DRILL-RIG-113,drill_rig,2448.4,95.94,5.57,251.71,369.48,74.55,65,1,low,night,1
EQ-BALL-MILL-135,ball_mill,3371.1,81.85,5.89,143.63,549.32,91.86,17,1,medium,day,0
EQ-CONVEYOR-BELT-085,conveyor_belt,5312.7,47.75,2.47,78.08,158.68,68.03,47,0,high,day,0
EQ-CONVEYOR-BELT-010,conveyor_belt,2963.8,61.13,3.24,124.13,159.29,71.49,45,4,medium,day,0
EQ-CRUSHER-076,crusher,4277.6,82.4,7.26,173.48,457.48,85.83,12,0,medium,day,0
EQ-BALL-MILL-059,ball_mill,3074.4,91.63,8.16,140.47,700.45,94.31,36,1,medium,night,1
EQ-CRUSHER-068,crusher,3220.2,98.75,7.41,205.69,596.21,82.48,43,0,medium,night,1
EQ-EXCAVATOR-009,excavator,10601.1,71.94,4.47,210.08,352.49,80.98,23,1,medium,night,0
EQ-CONVEYOR-BELT-048,conveyor_belt,6984.1,57.87,3.1,112.6,148.31,58.09,86,2,high,night,0
EQ-CRUSHER-150,crusher,4110.0,98.13,7.3,184.22,416.85,75.2,28,0,medium,night,0
EQ-HAUL-TRUCK-007,haul_truck,4909.2,84.07,4.03,161.09,472.86,77.61,49,0,medium,night,0
EQ-CRUSHER-138,crusher,4076.7,89.34,8.89,176.77,496.98,83.82,35,0,medium,night,0
EQ-EXCAVATOR-078,excavator,1835.4,72.41,3.79,178.63,300.53,86.31,19,1,high,day,0
EQ-DRILL-RIG-088,drill_rig,2237.3,73.2,5.54,232.14,419.87,88.75,41,1,low,day,0
EQ-EXCAVATOR-141,excavator,6967.4,72.25,5.34,201.05,360.3,83.77,32,0,low,night,0
EQ-DRILL-RIG-033,drill_rig,6632.6,90.88,4.18,271.23,383.66,58.72,102,0,medium,night,0
EQ-CRUSHER-148,crusher,4014.5,91.21,8.31,190.96,618.52,100.04,63,1,high,night,1
EQ-DRILL-RIG-042,drill_rig,2628.3,90.55,5.18,225.11,435.06,89.5,9,4,medium,day,0
EQ-HAUL-TRUCK-053,haul_truck,1648.9,80.45,3.09,157.64,385.49,84.16,19,0,medium,night,0
EQ-BALL-MILL-068,ball_mill,9334.6,81.68,7.07,135.62,569.81,62.76,17,0,medium,day,1
EQ-CRUSHER-091,crusher,2174.8,94.08,6.68,165.22,621.82,89.62,3,1,medium,day,1
EQ-EXCAVATOR-049,excavator,2730.3,83.67,4.94,216.45,248.8,70.29,52,2,high,night,0
EQ-EXCAVATOR-119,excavator,2946.0,69.11,5.44,177.99,350.69,63.57,46,2,medium,night,0
EQ-EXCAVATOR-004,excavator,2602.3,94.79,6.83,181.21,411.75,67.88,14,2,medium,day,1
EQ-EXCAVATOR-100,excavator,3858.1,76.02,7.06,178.71,360.18,77.95,14,0,high,day,0
EQ-CONVEYOR-BELT-099,conveyor_belt,8828.7,69.77,5.42,100.29,187.85,67.62,5,0,medium,night,0
EQ-BALL-MILL-081,ball_mill,3593.9,85.35,7.71,168.31,612.88,74.61,18,1,low,day,0
EQ-CONVEYOR-BELT-093,conveyor_belt,4423.7,60.9,1.67,96.39,164.66,60.2,44,1,medium,day,0
EQ-CRUSHER-113,crusher,5068.4,82.65,5.23,172.8,478.52,82.62,110,1,low,night,0
EQ-CRUSHER-136,crusher,5619.6,90.04,9.26,202.45,544.93,79.68,9,0,high,night,1
EQ-DRILL-RIG-033,drill_rig,4016.4,81.42,4.84,261.19,453.02,86.86,41,2,high,day,1
EQ-DRILL-RIG-072,drill_rig,2492.9,89.64,7.05,255.11,441.29,76.18,120,0,medium,night,1
EQ-EXCAVATOR-085,excavator,5095.6,76.27,4.48,208.57,344.59,59.8,30,0,high,night,0
EQ-BALL-MILL-052,ball_mill,7628.5,81.54,6.64,119.03,562.69,94.74,29,0,low,day,1
EQ-CRUSHER-147,crusher,1618.3,96.1,8.23,147.4,592.62,79.41,34,2,low,day,0
EQ-DRILL-RIG-077,drill_rig,2876.8,69.44,8.35,173.6,364.58,80.87,31,1,low,day,0
EQ-BALL-MILL-089,ball_mill,4534.4,96.06,7.69,166.09,573.91,91.33,54,2,high,day,1
EQ-CONVEYOR-BELT-030,conveyor_belt,5184.2,61.99,3.4,72.1,197.91,70.54,145,1,low,night,0
EQ-HAUL-TRUCK-063,haul_truck,3181.4,82.53,5.11,170.41,459.85,75.85,19,1,low,day,0
EQ-CONVEYOR-BELT-094,conveyor_belt,5598.7,56.13,4.42,73.51,191.8,76.84,11,0,low,night,0
EQ-HAUL-TRUCK-065,haul_truck,6382.2,90.5,4.34,160.87,500.08,89.6,15,1,medium,day,1
EQ-DRILL-RIG-116,drill_rig,4534.8,96.56,5.73,236.34,399.47,81.67,57,0,medium,night,0
EQ-EXCAVATOR-021,excavator,5504.5,68.14,5.62,208.25,362.8,93.85,39,0,low,night,0
EQ-CONVEYOR-BELT-024,conveyor_belt,3598.9,72.69,1.83,101.91,157.08,74.4,64,1,high,night,0
EQ-BALL-MILL-051,ball_mill,2118.8,83.66,10.08,169.08,585.49,91.67,7,1,high,night,1
EQ-HAUL-TRUCK-048,haul_truck,2450.3,79.1,4.99,164.92,512.65,66.72,29,0,medium,day,0
EQ-CRUSHER-123,crusher,8286.0,91.12,7.27,173.71,522.08,85.76,53,2,high,day,1
EQ-CONVEYOR-BELT-131,conveyor_belt,6413.0,58.44,2.5,64.57,202.23,72.46,6,1,high,night,0
EQ-CRUSHER-071,crusher,2370.3,96.3,9.08,187.4,511.16,83.5,41,0,high,night,1
EQ-HAUL-TRUCK-076,haul_truck,2257.0,85.13,4.41,158.0,441.06,71.25,29,1,low,night,0
EQ-HAUL-TRUCK-045,haul_truck,5148.1,82.7,3.88,179.47,386.79,73.6,93,2,high,day,0
EQ-CRUSHER-080,crusher,11303.9,80.7,10.92,193.76,657.02,96.11,10,0,medium,day,0
EQ-CONVEYOR-BELT-106,conveyor_belt,4077.6,59.84,4.56,114.41,111.21,78.06,67,3,low,day,0
EQ-CONVEYOR-BELT-109,conveyor_belt,2664.9,64.79,4.16,117.5,267.3,96.98,24,2,high,night,0
EQ-HAUL-TRUCK-146,haul_truck,5745.2,66.88,4.88,145.55,462.38,91.55,6,2,low,day,0
EQ-CRUSHER-087,crusher,6839.7,96.61,7.63,166.44,520.25,79.21,20,1,high,day,1
EQ-EXCAVATOR-052,excavator,5150.6,83.0,3.92,180.89,339.46,77.6,62,0,medium,night,0
EQ-EXCAVATOR-011,excavator,4818.6,74.16,5.22,188.18,417.88,85.84,58,1,medium,day,0
EQ-CONVEYOR-BELT-104,conveyor_belt,2348.7,75.55,4.04,113.4,218.78,65.16,49,3,low,night,0
EQ-EXCAVATOR-121,excavator,5794.9,84.87,6.99,235.98,297.72,64.2,15,2,high,day,0
EQ-CRUSHER-083,crusher,5193.4,100.22,9.73,195.96,435.49,95.37,95,1,low,night,1
EQ-BALL-MILL-139,ball_mill,3338.7,79.64,6.73,175.08,585.61,71.58,34,3,high,day,0
EQ-CRUSHER-048,crusher,2010.3,93.39,7.62,185.94,535.92,78.78,29,2,medium,night,1
EQ-CONVEYOR-BELT-008,conveyor_belt,3202.8,50.15,5.46,103.66,176.3,96.82,34,0,low,night,0
EQ-HAUL-TRUCK-095,haul_truck,3937.7,81.3,2.97,191.09,426.71,86.82,11,1,medium,day,0
EQ-HAUL-TRUCK-019,haul_truck,5349.2,87.73,2.86,168.28,433.58,81.37,7,0,high,day,0
EQ-HAUL-TRUCK-013,haul_truck,6771.5,88.34,4.66,184.27,373.2,81.9,30,2,high,night,0
EQ-DRILL-RIG-106,drill_rig,5780.7,79.36,5.13,227.18,356.03,60.65,5,1,low,night,0
EQ-DRILL-RIG-066,drill_rig,3756.7,73.68,6.06,200.46,463.84,78.76,60,1,low,day,0
EQ-HAUL-TRUCK-091,haul_truck,3610.8,81.32,5.1,145.13,387.0,56.09,83,2,low,night,0
EQ-HAUL-TRUCK-113,haul_truck,6236.2,87.47,2.72,204.06,521.96,85.19,139,2,high,day,1
EQ-EXCAVATOR-058,excavator,4610.7,78.36,4.01,222.7,318.77,75.76,19,2,low,day,1
EQ-CONVEYOR-BELT-092,conveyor_belt,1353.3,72.98,2.78,70.79,198.6,54.69,58,2,low,day,0
EQ-CONVEYOR-BELT-081,conveyor_belt,5164.8,61.76,5.3,69.85,206.33,44.38,3,0,medium,day,0
EQ-CONVEYOR-BELT-088,conveyor_belt,3355.3,65.42,5.63,118.94,160.32,83.44,56,1,high,day,0
EQ-BALL-MILL-106,ball_mill,6180.3,92.08,6.31,181.59,637.5,88.55,31,2,medium,day,1
EQ-EXCAVATOR-058,excavator,5912.0,91.22,7.9,222.03,238.59,67.59,47,0,medium,day,0
EQ-CONVEYOR-BELT-076,conveyor_belt,2954.8,70.65,3.08,98.58,196.42,70.94,76,2,low,day,0
EQ-CONVEYOR-BELT-089,conveyor_belt,8805.0,71.9,3.82,106.4,123.03,53.03,25,3,medium,night,0
EQ-EXCAVATOR-022,excavator,2218.2,71.14,2.13,180.96,265.37,54.13,50,1,medium,night,0
EQ-BALL-MILL-032,ball_mill,4065.1,81.32,5.53,177.19,587.5,68.15,46,1,high,day,0
EQ-HAUL-TRUCK-014,haul_truck,2125.8,79.29,5.36,173.68,484.03,65.84,40,0,medium,day,0
EQ-CONVEYOR-BELT-030,conveyor_belt,5002.8,64.96,3.61,117.98,171.4,70.56,17,0,low,night,0
EQ-CONVEYOR-BELT-066,conveyor_belt,6529.2,69.55,0.93,135.24,141.32,65.51,14,3,medium,night,0
EQ-BALL-MILL-141,ball_mill,5176.8,88.4,7.3,183.26,589.34,80.47,26,1,low,night,0
EQ-CRUSHER-139,crusher,3270.7,96.79,10.37,212.44,594.15,95.81,61,2,low,day,1
EQ-EXCAVATOR-115,excavator,2125.0,80.54,5.62,220.38,347.29,80.67,40,1,high,day,0
EQ-DRILL-RIG-084,drill_rig,3254.2,80.58,4.52,275.38,374.94,71.53,49,0,medium,day,0
EQ-DRILL-RIG-031,drill_rig,5241.4,86.4,6.33,242.42,288.63,55.39,47,2,high,night,0
EQ-CRUSHER-054,crusher,2457.3,83.29,8.27,199.28,649.44,108.39,132,4,low,day,1
EQ-DRILL-RIG-115,drill_rig,1760.1,78.04,5.85,274.75,359.15,67.26,56,4,high,day,0
EQ-EXCAVATOR-137,excavator,3569.7,79.19,4.33,200.3,306.09,87.94,17,3,high,day,1
EQ-CONVEYOR-BELT-145,conveyor_belt,2159.1,53.21,5.49,72.4,120.97,74.45,30,5,medium,night,0
EQ-DRILL-RIG-059,drill_rig,4515.5,88.09,3.39,235.95,484.98,88.02,64,1,low,day,0
EQ-EXCAVATOR-073,excavator,3761.2,68.03,2.5,177.41,413.48,100.22,6,2,high,night,0
EQ-CRUSHER-077,crusher,3510.8,108.38,7.52,179.73,630.74,108.98,33,2,high,day,1
EQ-BALL-MILL-009,ball_mill,9305.9,93.33,6.56,151.29,600.37,87.63,24,2,low,day,0
EQ-DRILL-RIG-018,drill_rig,4813.6,86.65,6.94,236.67,418.91,73.82,15,1,high,day,0
EQ-BALL-MILL-007,ball_mill,1571.4,97.44,6.08,157.0,556.4,70.85,14,3,high,night,0
EQ-CRUSHER-111,crusher,1053.0,87.45,9.79,209.22,590.03,97.51,55,3,low,day,1
EQ-BALL-MILL-034,ball_mill,8718.4,86.3,7.06,234.79,564.19,83.11,60,2,medium,day,1
EQ-HAUL-TRUCK-106,haul_truck,4048.9,88.79,4.13,202.9,458.21,70.5,25,1,medium,night,0
EQ-CRUSHER-057,crusher,3354.2,83.29,8.27,185.92,543.23,107.77,27,1,medium,day,1
EQ-CRUSHER-120,crusher,4376.0,81.5,7.52,194.26,602.74,73.45,31,0,high,day,0
EQ-DRILL-RIG-018,drill_rig,2266.1,85.0,4.5,237.93,450.06,86.0,2,1,high,day,0
EQ-BALL-MILL-049,ball_mill,3697.6,94.47,5.84,189.99,496.85,78.88,104,0,low,night,0
EQ-CONVEYOR-BELT-031,conveyor_belt,6098.5,56.26,1.8,118.15,252.37,67.28,53,0,medium,day,0
EQ-CONVEYOR-BELT-066,conveyor_belt,3448.2,69.31,4.69,54.08,206.69,84.33,64,0,medium,night,0
EQ-CRUSHER-085,crusher,3072.8,96.3,8.67,172.65,511.12,74.02,25,1,medium,night,1
EQ-CRUSHER-026,crusher,2775.1,99.65,7.57,164.65,588.13,85.72,52,1,medium,night,1
EQ-CRUSHER-101,crusher,5682.4,77.74,5.33,151.85,601.6,90.9,12,2,medium,day,0
EQ-HAUL-TRUCK-145,haul_truck,4559.7,82.18,6.07,152.7,460.77,110.0,50,2,medium,night,1
EQ-CRUSHER-007,crusher,8729.1,95.27,7.17,172.99,571.48,83.41,34,0,medium,night,0
EQ-DRILL-RIG-013,drill_rig,8110.0,78.04,5.92,234.25,347.91,78.89,12,0,high,night,1
EQ-CONVEYOR-BELT-143,conveyor_belt,3556.3,56.78,3.16,83.28,190.05,71.9,91,1,medium,day,0
EQ-DRILL-RIG-098,drill_rig,5102.4,88.02,5.37,253.34,448.05,61.16,54,1,medium,night,0
EQ-CRUSHER-138,crusher,3291.0,92.9,6.82,185.05,521.76,85.54,141,1,high,night,0
EQ-CRUSHER-106,crusher,3060.8,102.01,6.63,171.86,639.76,94.59,17,0,high,night,1
EQ-HAUL-TRUCK-108,haul_truck,2968.4,89.53,5.37,137.15,476.8,83.26,29,2,medium,day,0
EQ-CRUSHER-024,crusher,2823.2,86.3,9.09,190.61,541.05,82.11,55,3,medium,night,1
EQ-CRUSHER-077,crusher,6119.3,96.29,6.87,181.05,542.36,77.87,4,1,medium,night,1
EQ-EXCAVATOR-055,excavator,3043.9,82.58,6.63,182.06,387.12,77.3,41,1,medium,night,0
EQ-HAUL-TRUCK-126,haul_truck,3330.8,75.59,6.33,157.31,429.78,79.34,55,3,medium,night,0
EQ-CONVEYOR-BELT-007,conveyor_belt,4525.2,63.88,1.59,64.01,225.01,73.13,14,1,low,night,0
EQ-CRUSHER-003,crusher,4345.0,103.47,7.1,185.08,596.09,89.72,35,0,medium,day,1
EQ-CRUSHER-084,crusher,4158.0,86.21,7.62,211.36,542.71,87.76,19,1,medium,day,1
EQ-EXCAVATOR-146,excavator,6591.3,78.84,5.3,232.48,311.41,69.47,44,1,high,day,0
EQ-CRUSHER-150,crusher,3006.5,85.27,8.04,217.15,587.7,79.29,51,0,medium,night,0
EQ-CRUSHER-090,crusher,2817.6,101.47,8.24,152.69,548.3,79.24,34,1,low,day,1
EQ-CRUSHER-065,crusher,827.1,92.2,8.01,160.34,532.82,90.8,60,2,medium,night,1
EQ-CONVEYOR-BELT-041,conveyor_belt,5161.0,62.9,4.68,101.57,204.47,67.97,11,0,medium,night,0
EQ-HAUL-TRUCK-149,haul_truck,5084.8,85.89,4.69,178.03,415.01,75.29,61,1,medium,night,0
EQ-BALL-MILL-028,ball_mill,6318.2,87.31,6.92,192.62,552.19,79.1,104,0,low,night,1
EQ-HAUL-TRUCK-019,haul_truck,3539.5,91.71,2.89,188.05,530.9,91.47,13,4,high,night,1
EQ-CRUSHER-077,crusher,3800.0,91.79,7.74,188.7,554.36,76.6,13,1,high,day,0
EQ-HAUL-TRUCK-059,haul_truck,6003.7,95.51,7.57,147.77,394.09,65.75,84,1,high,day,1
EQ-CRUSHER-075,crusher,3238.4,86.89,5.75,176.5,452.03,68.38,40,0,medium,night,0
EQ-EXCAVATOR-136,excavator,4016.8,87.56,6.04,171.94,385.51,83.97,56,2,high,night,0
EQ-DRILL-RIG-041,drill_rig,6537.5,87.76,7.31,234.95,450.18,84.55,20,0,medium,day,0
EQ-CRUSHER-132,crusher,5015.2,98.34,8.08,152.46,517.82,69.26,24,1,medium,day,1
EQ-CONVEYOR-BELT-032,conveyor_belt,3480.9,54.33,4.27,129.38,169.06,77.67,73,1,low,night,0
EQ-EXCAVATOR-049,excavator,5944.1,77.09,4.06,266.81,320.61,66.24,27,0,low,day,0
EQ-HAUL-TRUCK-001,haul_truck,3853.2,79.53,4.97,184.36,404.15,71.54,22,0,low,night,0
EQ-CRUSHER-102,crusher,6004.2,91.5,6.05,193.52,499.38,70.62,6,1,high,day,0
EQ-CRUSHER-129,crusher,4554.4,90.26,9.02,160.77,551.96,70.85,24,2,medium,night,0
EQ-CRUSHER-133,crusher,3177.6,89.45,7.35,199.57,591.01,88.57,13,0,high,day,0
EQ-BALL-MILL-026,ball_mill,2358.9,81.48,5.68,135.26,667.62,77.63,15,0,medium,night,0
EQ-CONVEYOR-BELT-116,conveyor_belt,5549.5,71.04,2.18,74.44,151.9,68.78,18,1,low,night,0
EQ-BALL-MILL-022,ball_mill,5791.4,101.62,8.32,196.01,545.12,70.6,64,2,medium,day,0
EQ-EXCAVATOR-095,excavator,6931.4,75.44,6.25,167.78,431.52,67.54,6,2,low,day,0
EQ-DRILL-RIG-106,drill_rig,5235.7,89.26,5.64,196.14,444.37,85.18,37,3,high,night,1
EQ-CONVEYOR-BELT-023,conveyor_belt,3675.2,69.23,1.67,52.54,189.17,81.12,25,2,medium,day,0
EQ-CONVEYOR-BELT-017,conveyor_belt,4478.5,62.59,3.09,68.58,206.46,54.74,42,2,low,night,0
EQ-BALL-MILL-011,ball_mill,4124.2,83.24,5.0,128.2,546.7,72.47,47,1,medium,day,0
EQ-CONVEYOR-BELT-107,conveyor_belt,3618.5,80.18,3.56,63.56,160.27,71.37,18,2,high,night,0
EQ-BALL-MILL-093,ball_mill,2227.1,89.86,6.2,131.79,577.01,85.06,65,1,medium,day,1
EQ-CONVEYOR-BELT-018,conveyor_belt,2383.3,53.11,4.08,34.92,134.99,63.62,107,1,low,night,0
EQ-HAUL-TRUCK-076,haul_truck,5633.9,93.46,5.38,168.5,489.38,90.42,12,1,medium,night,0
EQ-CONVEYOR-BELT-120,conveyor_belt,2754.4,55.95,0.2,101.44,125.62,59.19,53,1,low,day,0
EQ-CRUSHER-036,crusher,3531.8,90.33,5.77,206.26,498.98,80.41,31,1,medium,day,0
EQ-BALL-MILL-091,ball_mill,1793.0,89.84,9.25,188.05,528.18,67.81,35,1,medium,night,0
EQ-DRILL-RIG-044,drill_rig,1864.9,80.15,8.02,272.84,372.15,70.46,67,1,low,night,0
EQ-HAUL-TRUCK-040,haul_truck,2782.1,88.31,4.75,181.43,362.24,77.73,53,0,medium,night,1
EQ-HAUL-TRUCK-059,haul_truck,5542.4,95.34,6.98,135.78,436.01,82.03,27,1,low,night,0
EQ-HAUL-TRUCK-053,haul_truck,5683.9,74.95,3.11,143.55,492.92,71.06,72,3,medium,night,1
EQ-CRUSHER-075,crusher,4365.3,93.97,8.09,209.97,509.41,90.77,31,0,medium,night,1
EQ-HAUL-TRUCK-031,haul_truck,2950.5,86.89,3.12,131.69,532.14,84.16,18,1,medium,night,1
EQ-CONVEYOR-BELT-059,conveyor_belt,7242.6,58.41,4.81,97.74,151.59,55.46,38,1,low,night,0
EQ-CONVEYOR-BELT-094,conveyor_belt,3504.2,62.07,2.74,77.04,178.26,60.55,79,2,medium,day,0
EQ-DRILL-RIG-059,drill_rig,7541.2,79.72,7.45,210.3,450.12,59.68,9,2,medium,night,0
EQ-EXCAVATOR-099,excavator,4773.2,91.68,4.63,233.18,271.13,73.22,50,1,high,night,0
EQ-CRUSHER-018,crusher,6128.1,101.68,8.77,169.26,619.21,85.65,5,2,high,day,1
EQ-HAUL-TRUCK-021,haul_truck,6143.3,83.47,3.85,159.81,375.96,71.84,56,0,medium,day,0
EQ-BALL-MILL-130,ball_mill,1558.1,79.93,6.03,204.34,556.96,76.03,45,1,medium,night,0
EQ-HAUL-TRUCK-070,haul_truck,2350.1,86.36,5.17,182.0,345.73,59.99,89,1,medium,night,0
EQ-HAUL-TRUCK-092,haul_truck,3388.5,92.82,4.12,188.34,427.65,88.59,10,1,high,day,0
EQ-HAUL-TRUCK-111,haul_truck,2777.1,94.98,3.69,145.45,236.55,67.78,41,0,medium,night,0
EQ-DRILL-RIG-022,drill_rig,4902.7,87.35,6.05,222.75,318.89,74.12,18,2,high,night,0
EQ-HAUL-TRUCK-146,haul_truck,5080.3,86.02,3.13,169.84,501.55,63.74,26,0,medium,day,0
EQ-CONVEYOR-BELT-064,conveyor_belt,3247.0,64.36,4.1,100.44,336.03,74.0,100,1,medium,night,0
EQ-CONVEYOR-BELT-134,conveyor_belt,3084.3,73.24,3.12,104.5,127.45,75.0,43,1,high,day,0
EQ-DRILL-RIG-063,drill_rig,5929.9,81.95,8.94,228.28,302.12,69.24,50,3,low,night,0
EQ-HAUL-TRUCK-061,haul_truck,3109.7,75.48,5.94,169.6,452.9,66.77,25,2,high,day,0
EQ-HAUL-TRUCK-091,haul_truck,6409.0,82.56,5.45,121.91,377.24,78.3,33,0,medium,night,0
EQ-CRUSHER-029,crusher,4417.0,81.79,7.17,185.59,629.18,83.56,68,1,medium,day,0
EQ-HAUL-TRUCK-092,haul_truck,4425.4,107.31,5.9,166.78,344.2,69.45,89,3,medium,night,1
EQ-CONVEYOR-BELT-148,conveyor_belt,2516.0,79.44,4.49,124.68,137.68,78.86,34,0,low,night,0
EQ-EXCAVATOR-097,excavator,5387.2,72.79,6.43,216.15,388.9,63.91,78,2,medium,day,0
EQ-CRUSHER-011,crusher,2324.6,88.61,8.59,209.37,686.95,86.08,33,0,medium,night,1
EQ-HAUL-TRUCK-105,haul_truck,5382.6,77.03,4.55,119.65,480.15,98.06,19,1,medium,day,1
EQ-CONVEYOR-BELT-006,conveyor_belt,5070.7,67.98,1.26,96.74,255.6,65.1,39,2,low,night,0
EQ-HAUL-TRUCK-016,haul_truck,5123.3,89.47,5.06,157.76,482.32,89.9,17,0,high,night,0
EQ-CONVEYOR-BELT-043,conveyor_belt,5063.3,68.95,1.58,67.23,82.79,81.3,42,1,high,night,0
EQ-HAUL-TRUCK-046,haul_truck,5919.9,88.31,6.01,145.72,552.79,78.98,12,2,low,night,0
EQ-BALL-MILL-001,ball_mill,4833.3,98.84,6.26,142.78,544.18,85.12,54,0,high,night,1
EQ-CONVEYOR-BELT-003,conveyor_belt,1586.5,77.55,3.98,106.39,232.33,69.34,13,2,high,day,0
EQ-HAUL-TRUCK-119,haul_truck,4613.1,88.69,3.62,173.07,388.5,67.5,19,1,low,day,0
EQ-HAUL-TRUCK-069,haul_truck,2672.7,82.48,6.53,175.73,471.49,88.29,22,2,high,day,0
EQ-EXCAVATOR-030,excavator,2014.8,81.64,4.4,226.59,362.97,64.34,14,1,low,day,0
EQ-HAUL-TRUCK-065,haul_truck,2479.5,98.31,5.61,190.35,418.07,81.2,33,2,high,night,1
EQ-HAUL-TRUCK-104,haul_truck,2969.8,92.26,6.61,161.62,411.18,70.07,2,0,medium,day,0
EQ-DRILL-RIG-111,drill_rig,5184.9,91.83,5.59,193.34,366.38,74.73,30,3,high,night,0
EQ-CONVEYOR-BELT-044,conveyor_belt,3525.8,65.45,5.14,67.89,155.6,77.38,1,1,medium,day,0
EQ-HAUL-TRUCK-026,haul_truck,5872.1,86.78,6.3,167.26,546.03,80.41,43,1,medium,day,0
EQ-CONVEYOR-BELT-144,conveyor_belt,2855.4,69.11,3.81,97.65,174.97,71.24,12,1,high,night,0
EQ-EXCAVATOR-095,excavator,3579.6,80.37,6.91,224.3,341.72,90.79,45,0,medium,day,0
EQ-BALL-MILL-148,ball_mill,2917.2,87.06,6.66,143.77,592.56,82.24,76,1,medium,night,0
EQ-HAUL-TRUCK-047,haul_truck,1347.0,78.8,2.69,141.42,592.69,80.13,22,0,medium,night,0
EQ-CONVEYOR-BELT-017,conveyor_belt,4051.2,67.94,1.69,126.4,155.06,61.95,35,2,medium,night,0
EQ-DRILL-RIG-058,drill_rig,10622.6,83.66,5.36,225.52,413.14,89.66,10,1,low,night,0
EQ-HAUL-TRUCK-050,haul_truck,2050.0,79.28,3.99,146.67,457.94,69.44,45,1,low,night,0
EQ-HAUL-TRUCK-108,haul_truck,5402.5,77.05,1.39,148.51,332.08,62.44,53,3,low,day,0
EQ-CRUSHER-108,crusher,5938.6,101.95,9.79,138.89,535.33,92.23,9,1,low,night,1
EQ-DRILL-RIG-011,drill_rig,4144.2,71.92,8.95,216.36,427.35,87.71,53,2,high,day,0
EQ-CRUSHER-089,crusher,2164.6,90.76,7.98,160.28,491.24,76.19,119,3,medium,day,0
EQ-CONVEYOR-BELT-052,conveyor_belt,9185.5,68.04,4.69,95.38,228.71,54.52,26,2,medium,night,0
EQ-DRILL-RIG-093,drill_rig,5030.0,83.68,7.49,239.52,441.37,85.02,23,0,low,night,0
EQ-DRILL-RIG-059,drill_rig,7533.4,82.52,7.56,253.97,471.94,81.99,66,2,high,night,1
EQ-CRUSHER-081,crusher,1730.4,93.94,5.95,196.75,495.11,89.72,21,1,low,night,0
EQ-CRUSHER-108,crusher,3034.6,87.27,7.69,218.46,537.85,87.98,10,0,low,night,0
EQ-CONVEYOR-BELT-045,conveyor_belt,2069.2,75.21,3.07,105.99,133.38,56.87,30,0,high,night,0
EQ-EXCAVATOR-030,excavator,6213.1,87.29,5.66,232.7,340.93,64.37,57,1,low,day,0
EQ-DRILL-RIG-106,drill_rig,1729.8,76.32,7.24,196.41,401.75,74.29,32,0,high,day,1
EQ-HAUL-TRUCK-143,haul_truck,3743.7,83.48,2.44,157.17,516.19,91.06,27,2,medium,night,1
EQ-HAUL-TRUCK-067,haul_truck,3560.4,97.81,3.7,204.69,455.8,85.79,48,1,high,night,0
EQ-DRILL-RIG-150,drill_rig,1490.7,69.47,7.55,215.84,405.36,89.37,16,0,low,day,1
EQ-EXCAVATOR-028,excavator,5233.5,76.29,7.51,208.31,389.97,80.34,37,0,medium,day,0
EQ-HAUL-TRUCK-123,haul_truck,4809.2,85.72,6.78,163.01,449.08,76.33,5,0,medium,day,0
EQ-HAUL-TRUCK-149,haul_truck,2953.1,89.52,5.02,189.78,441.42,83.64,46,4,medium,night,0
EQ-CRUSHER-045,crusher,7527.8,90.94,7.17,131.08,479.52,95.22,69,0,high,day,1
EQ-DRILL-RIG-023,drill_rig,1632.1,73.92,6.37,223.27,369.3,66.24,87,2,low,day,0
EQ-HAUL-TRUCK-100,haul_truck,1238.4,84.77,5.74,173.15,426.59,87.67,61,1,medium,day,1
EQ-HAUL-TRUCK-131,haul_truck,4235.0,92.33,4.15,177.87,456.38,73.32,52,1,low,day,0
EQ-CRUSHER-013,crusher,2479.6,98.97,4.54,159.56,468.46,61.72,31,1,high,day,0
EQ-BALL-MILL-097,ball_mill,3816.2,98.67,7.96,157.87,603.97,73.67,54,1,high,night,1
EQ-EXCAVATOR-131,excavator,6613.3,91.7,5.68,217.68,407.31,64.81,34,3,low,day,1
EQ-BALL-MILL-005,ball_mill,2005.2,78.76,4.86,114.67,543.82,87.19,12,0,low,day,0
EQ-BALL-MILL-078,ball_mill,6247.7,86.81,7.66,174.15,639.74,87.85,71,1,high,night,1
EQ-EXCAVATOR-012,excavator,2082.7,79.28,6.82,217.21,375.31,72.36,5,1,high,night,0
EQ-DRILL-RIG-027,drill_rig,3216.3,68.47,4.95,275.65,430.06,68.62,23,2,medium,day,0
EQ-CONVEYOR-BELT-073,conveyor_belt,6851.3,49.31,2.54,57.04,202.37,59.42,18,0,medium,day,0
EQ-CRUSHER-050,crusher,5284.2,92.38,5.85,177.42,559.5,90.69,35,3,high,night,0
EQ-CRUSHER-013,crusher,2570.1,96.28,10.29,187.49,459.35,89.48,59,1,medium,night,1
EQ-DRILL-RIG-121,drill_rig,4589.6,82.0,4.21,221.47,385.11,81.44,51,1,high,day,0
EQ-DRILL-RIG-031,drill_rig,3100.9,93.86,5.97,176.28,447.71,99.81,7,1,high,night,0
EQ-DRILL-RIG-131,drill_rig,3301.0,84.05,6.52,231.36,370.64,74.24,12,0,high,day,0
EQ-BALL-MILL-027,ball_mill,3574.4,93.63,5.01,181.62,622.1,90.4,52,1,high,day,0
EQ-CRUSHER-078,crusher,4941.8,100.39,6.98,226.67,529.9,76.17,128,0,high,day,1
EQ-DRILL-RIG-110,drill_rig,4109.0,71.16,7.98,247.95,460.21,88.26,21,0,low,night,0
EQ-DRILL-RIG-073,drill_rig,3621.0,76.73,5.38,209.95,411.75,64.11,11,3,high,day,1
EQ-HAUL-TRUCK-063,haul_truck,3674.6,70.72,4.42,164.2,398.73,74.29,25,4,low,day,0
EQ-HAUL-TRUCK-113,haul_truck,4366.9,57.23,6.22,157.49,462.65,97.09,10,2,medium,day,0
EQ-CRUSHER-002,crusher,4016.9,79.41,7.27,206.7,586.54,78.26,29,2,medium,day,1
EQ-DRILL-RIG-124,drill_rig,3039.2,95.37,3.8,207.31,463.21,78.89,35,1,low,day,1
EQ-EXCAVATOR-104,excavator,4424.9,82.46,5.81,222.22,280.13,77.94,68,1,medium,night,1
EQ-CONVEYOR-BELT-115,conveyor_belt,4781.5,69.43,3.74,119.73,143.54,64.6,48,0,medium,night,0
EQ-HAUL-TRUCK-064,haul_truck,4481.0,81.31,4.56,163.79,424.29,70.7,58,3,low,day,0
EQ-EXCAVATOR-058,excavator,5862.4,73.67,6.55,213.57,372.16,75.27,29,1,medium,day,0
EQ-CONVEYOR-BELT-086,conveyor_belt,2919.9,67.14,3.31,31.02,151.89,77.11,101,0,medium,night,0
EQ-HAUL-TRUCK-097,haul_truck,2855.4,83.48,5.01,142.74,497.28,98.59,10,0,medium,day,0
EQ-BALL-MILL-139,ball_mill,7099.6,95.55,9.27,153.88,512.54,80.22,30,0,medium,day,1
EQ-HAUL-TRUCK-129,haul_truck,2624.1,84.77,6.24,147.11,423.87,110.0,29,3,medium,night,1
EQ-BALL-MILL-009,ball_mill,3458.7,96.79,6.56,118.58,661.98,95.22,19,1,high,night,1
EQ-HAUL-TRUCK-023,haul_truck,1328.3,78.74,3.49,159.86,463.98,80.89,77,0,medium,day,0
EQ-BALL-MILL-142,ball_mill,2088.9,73.48,2.9,152.99,591.35,77.3,2,1,low,day,0
EQ-CONVEYOR-BELT-059,conveyor_belt,3227.0,62.7,2.06,128.35,167.95,80.94,14,2,medium,day,0
EQ-HAUL-TRUCK-088,haul_truck,3148.2,74.44,4.85,162.37,372.54,59.08,35,3,medium,day,0
EQ-HAUL-TRUCK-009,haul_truck,3518.9,82.32,5.24,115.72,464.55,76.9,26,3,low,night,0
EQ-HAUL-TRUCK-016,haul_truck,7875.5,85.49,2.47,137.64,560.69,78.83,31,1,high,night,0
EQ-CONVEYOR-BELT-062,conveyor_belt,1552.5,68.85,3.96,135.96,179.26,81.73,15,0,low,day,0
EQ-DRILL-RIG-108,drill_rig,3893.8,85.48,8.29,222.9,411.55,83.12,22,1,high,day,1
EQ-CRUSHER-116,crusher,3687.0,88.52,5.79,195.04,542.22,75.89,66,1,low,day,0
EQ-CRUSHER-135,crusher,8465.1,89.55,10.39,153.87,575.03,80.01,50,0,medium,day,1
EQ-CONVEYOR-BELT-030,conveyor_belt,5619.1,71.28,1.3,83.75,40.0,35.6,32,4,medium,night,0
EQ-CRUSHER-031,crusher,3116.2,96.89,8.36,185.13,511.64,91.96,56,1,high,day,1
EQ-CONVEYOR-BELT-082,conveyor_belt,7020.2,64.71,4.21,80.05,153.35,64.9,64,0,high,night,0
EQ-CRUSHER-083,crusher,2994.1,97.98,7.07,203.13,440.82,78.26,113,1,low,night,1
EQ-CONVEYOR-BELT-006,conveyor_belt,5835.1,64.11,3.08,87.07,246.8,67.09,54,1,low,night,0
EQ-BALL-MILL-068,ball_mill,2320.0,95.68,8.98,199.02,499.56,67.42,62,1,medium,night,1
EQ-EXCAVATOR-135,excavator,7518.6,83.3,5.24,233.91,386.25,64.79,18,2,low,night,0
EQ-HAUL-TRUCK-025,haul_truck,4114.0,84.72,3.37,173.32,388.65,77.09,45,0,low,night,0
EQ-HAUL-TRUCK-124,haul_truck,2315.7,91.41,4.28,176.4,463.83,92.33,34,1,high,day,0
EQ-CONVEYOR-BELT-068,conveyor_belt,1483.5,68.35,3.08,115.86,211.38,65.42,64,0,medium,day,0
EQ-EXCAVATOR-079,excavator,4185.7,72.21,5.57,182.69,495.91,83.83,61,0,low,day,0
EQ-BALL-MILL-097,ball_mill,5725.2,85.93,8.18,187.32,543.56,69.44,60,1,medium,night,1
EQ-CONVEYOR-BELT-106,conveyor_belt,11651.9,62.58,4.04,55.52,138.12,51.12,74,0,low,night,0
EQ-CRUSHER-096,crusher,6675.3,89.76,9.07,160.41,635.62,101.37,48,0,high,day,1
EQ-DRILL-RIG-016,drill_rig,3976.5,82.27,8.1,235.83,420.2,85.25,19,3,low,night,0
EQ-EXCAVATOR-045,excavator,2254.7,98.1,7.12,224.61,323.55,75.37,51,1,medium,night,0
EQ-DRILL-RIG-127,drill_rig,3669.2,80.95,5.63,218.77,336.78,73.21,63,1,low,night,0
EQ-HAUL-TRUCK-007,haul_truck,7827.2,94.78,4.16,124.14,405.87,72.67,65,1,high,day,0
EQ-CONVEYOR-BELT-108,conveyor_belt,9183.7,56.01,1.87,85.47,225.42,81.29,24,1,low,day,0
EQ-BALL-MILL-079,ball_mill,2978.2,78.86,6.0,168.74,641.12,83.2,5,3,medium,day,0
EQ-DRILL-RIG-018,drill_rig,3509.4,68.37,6.55,255.19,300.94,69.31,84,1,medium,day,0
EQ-DRILL-RIG-019,drill_rig,7237.0,73.47,5.41,224.59,356.79,63.84,22,0,high,night,0
EQ-CRUSHER-148,crusher,7036.5,94.62,9.26,176.02,532.38,72.68,30,1,low,day,0
EQ-DRILL-RIG-005,drill_rig,3041.5,76.27,4.58,252.85,386.9,74.33,26,3,high,day,0
EQ-CONVEYOR-BELT-004,conveyor_belt,5390.4,68.05,3.26,97.63,202.42,90.02,39,0,high,day,0
EQ-CONVEYOR-BELT-003,conveyor_belt,3131.8,73.79,4.35,125.24,176.57,66.24,26,3,low,night,0
EQ-HAUL-TRUCK-095,haul_truck,6377.6,87.35,5.71,163.9,418.19,82.96,36,1,low,day,0
EQ-HAUL-TRUCK-139,haul_truck,3956.3,87.93,3.73,235.4,382.5,82.38,17,2,high,night,0
EQ-CONVEYOR-BELT-026,conveyor_belt,3352.6,62.62,3.23,68.39,251.5,94.34,77,0,medium,day,0
EQ-HAUL-TRUCK-120,haul_truck,5613.4,91.29,3.71,185.09,454.84,82.75,49,1,high,night,0
EQ-CONVEYOR-BELT-108,conveyor_belt,4092.1,70.87,0.2,103.15,52.49,44.49,36,2,high,day,0
EQ-DRILL-RIG-035,drill_rig,5546.8,76.19,6.34,212.93,432.42,94.54,3,1,medium,day,0
EQ-BALL-MILL-011,ball_mill,2391.0,95.05,5.22,167.35,565.74,69.59,15,0,low,night,1
EQ-HAUL-TRUCK-074,haul_truck,2635.1,76.9,5.64,134.26,364.94,67.66,56,1,medium,night,1
EQ-BALL-MILL-013,ball_mill,3794.7,85.43,5.62,162.15,578.39,92.21,17,0,medium,night,1
EQ-HAUL-TRUCK-018,haul_truck,2771.4,79.24,6.46,163.64,549.93,88.23,46,1,medium,night,0
EQ-CRUSHER-070,crusher,3226.4,96.36,4.38,181.83,486.06,62.86,27,1,medium,day,0
EQ-DRILL-RIG-123,drill_rig,3842.3,75.74,3.93,255.6,452.21,72.86,36,1,medium,night,0
EQ-HAUL-TRUCK-150,haul_truck,2932.6,98.58,6.12,164.55,431.47,66.91,28,1,high,day,0
EQ-HAUL-TRUCK-095,haul_truck,7703.0,90.42,3.44,155.6,377.16,82.33,29,1,low,night,0
EQ-HAUL-TRUCK-042,haul_truck,2685.5,74.89,3.75,182.0,469.07,83.56,55,2,medium,night,0
EQ-CRUSHER-050,crusher,3741.8,90.59,9.16,170.12,512.95,72.36,56,0,low,night,1
EQ-DRILL-RIG-092,drill_rig,3780.2,79.6,6.97,204.84,390.54,103.45,38,1,low,night,0
EQ-HAUL-TRUCK-026,haul_truck,4174.9,80.26,2.35,185.23,419.75,67.01,57,1,medium,night,0
EQ-HAUL-TRUCK-078,haul_truck,3350.9,101.1,1.08,148.17,350.37,66.15,11,1,high,night,0
EQ-CONVEYOR-BELT-116,conveyor_belt,5834.9,80.91,3.22,96.03,180.81,57.86,34,1,medium,day,1
EQ-EXCAVATOR-127,excavator,6002.8,80.81,5.06,199.68,419.75,55.26,24,1,medium,night,0
EQ-CONVEYOR-BELT-009,conveyor_belt,2976.2,50.31,4.13,112.39,199.27,67.08,24,2,medium,night,0
EQ-BALL-MILL-044,ball_mill,6219.6,94.92,5.79,188.31,617.83,92.01,22,1,medium,day,1
EQ-DRILL-RIG-039,drill_rig,2909.6,89.59,6.7,241.91,316.35,76.35,71,2,medium,night,0
EQ-DRILL-RIG-084,drill_rig,3749.0,90.11,5.19,225.82,328.24,85.37,14,0,medium,day,0
EQ-CRUSHER-028,crusher,3948.2,93.42,6.37,200.7,476.6,81.89,22,0,medium,night,0
EQ-DRILL-RIG-143,drill_rig,2210.1,76.88,7.87,195.47,431.19,100.16,38,1,low,night,0
EQ-HAUL-TRUCK-138,haul_truck,2838.4,78.27,3.12,174.0,426.89,74.11,23,0,medium,day,0
EQ-HAUL-TRUCK-050,haul_truck,1884.3,68.73,4.24,144.31,474.8,90.27,23,0,low,day,0
EQ-CONVEYOR-BELT-062,conveyor_belt,4165.3,71.6,4.03,110.87,158.75,77.13,25,0,medium,night,0
EQ-HAUL-TRUCK-066,haul_truck,2283.0,83.08,5.3,157.46,565.32,82.67,50,2,high,day,1
EQ-BALL-MILL-007,ball_mill,7416.2,91.11,7.95,186.32,585.6,98.35,74,2,medium,night,1
EQ-CONVEYOR-BELT-134,conveyor_belt,3150.3,56.48,3.91,76.12,153.57,70.9,56,2,low,day,0
EQ-BALL-MILL-117,ball_mill,5474.7,91.9,8.17,139.54,581.94,87.58,107,2,high,day,1
EQ-EXCAVATOR-050,excavator,5314.9,77.36,3.27,211.37,394.5,84.04,94,0,medium,day,0
EQ-CRUSHER-083,crusher,2825.9,90.13,5.39,204.16,562.21,86.61,7,0,medium,night,0
EQ-CONVEYOR-BELT-058,conveyor_belt,3190.4,64.07,2.41,157.69,208.32,57.97,72,2,high,night,0
EQ-EXCAVATOR-035,excavator,3175.8,72.97,5.83,259.58,270.14,74.82,92,3,medium,night,0
EQ-CRUSHER-046,crusher,4425.9,85.79,10.58,166.68,563.14,87.87,49,3,medium,night,1
EQ-CONVEYOR-BELT-017,conveyor_belt,10856.4,63.56,2.23,123.46,259.91,78.12,30,1,medium,night,0
EQ-BALL-MILL-122,ball_mill,4331.3,98.11,3.47,163.66,544.77,64.04,17,0,high,day,0
EQ-CONVEYOR-BELT-099,conveyor_belt,3078.6,58.84,4.09,66.04,172.1,76.41,53,1,medium,day,0
EQ-HAUL-TRUCK-140,haul_truck,4499.3,79.76,6.31,195.34,400.99,89.5,12,0,low,night,0
EQ-CRUSHER-001,crusher,2288.4,95.09,7.9,161.76,527.14,71.22,37,1,medium,day,0
EQ-CONVEYOR-BELT-095,conveyor_belt,2695.0,67.84,3.12,74.46,202.15,64.05,152,4,low,night,0
EQ-HAUL-TRUCK-085,haul_truck,7470.5,93.22,5.01,139.66,483.05,90.36,10,1,medium,night,0
EQ-CRUSHER-094,crusher,3499.1,91.66,6.71,183.42,512.26,82.88,38,0,low,night,1
EQ-EXCAVATOR-149,excavator,2640.3,65.4,7.13,238.72,449.79,72.24,65,2,medium,night,0
EQ-HAUL-TRUCK-059,haul_truck,2109.5,91.28,7.08,178.27,390.11,86.23,41,1,medium,night,0
EQ-CRUSHER-022,crusher,3821.6,93.54,10.19,192.65,553.14,79.79,53,2,medium,night,1
EQ-HAUL-TRUCK-002,haul_truck,2179.8,81.99,3.66,131.67,417.4,77.61,10,1,medium,night,0
EQ-CONVEYOR-BELT-074,conveyor_belt,6429.3,55.37,2.65,106.58,253.79,65.86,105,2,medium,day,0
EQ-HAUL-TRUCK-027,haul_truck,5305.4,83.45,6.2,146.83,306.99,42.25,40,0,medium,day,0
EQ-CONVEYOR-BELT-022,conveyor_belt,3008.8,69.71,2.37,79.52,165.23,57.6,12,3,medium,day,0
EQ-HAUL-TRUCK-023,haul_truck,8220.9,87.47,3.9,145.35,532.81,85.52,62,1,medium,night,0
EQ-BALL-MILL-042,ball_mill,3177.4,85.92,6.61,159.71,671.12,80.98,103,3,high,night,1
EQ-HAUL-TRUCK-018,haul_truck,3496.8,90.52,6.08,140.88,562.0,103.79,28,1,medium,night,0
EQ-CRUSHER-073,crusher,2723.2,98.78,7.25,226.63,586.75,98.29,32,2,medium,day,1
EQ-EXCAVATOR-099,excavator,5104.1,84.76,5.42,173.47,328.23,76.85,72,2,high,night,0
EQ-EXCAVATOR-044,excavator,2287.7,70.43,4.91,200.86,372.56,55.5,60,2,medium,day,0
EQ-CRUSHER-021,crusher,3075.9,87.22,6.13,185.44,543.48,78.43,19,1,medium,night,1
EQ-DRILL-RIG-086,drill_rig,2864.2,79.49,4.24,242.24,493.15,77.67,5,0,medium,day,0
EQ-BALL-MILL-013,ball_mill,4319.8,100.27,7.32,194.83,540.18,80.54,105,1,high,night,1
EQ-EXCAVATOR-111,excavator,1991.7,84.55,4.4,194.09,291.22,65.07,25,0,medium,night,0
EQ-HAUL-TRUCK-058,haul_truck,3645.1,81.36,5.09,129.03,481.56,69.84,14,1,medium,day,0
EQ-CONVEYOR-BELT-062,conveyor_belt,6420.7,71.57,3.47,87.07,123.21,75.88,20,4,medium,day,0
EQ-CONVEYOR-BELT-038,conveyor_belt,2152.0,50.82,3.32,128.01,126.83,56.93,83,3,low,day,0
EQ-HAUL-TRUCK-043,haul_truck,5234.1,86.03,6.58,131.64,401.76,77.58,1,0,medium,day,0
EQ-DRILL-RIG-022,drill_rig,5716.6,86.59,4.98,244.24,513.55,97.0,71,1,high,day,1
EQ-CRUSHER-084,crusher,3564.8,91.15,8.98,176.9,546.62,88.7,49,1,high,day,1
EQ-CONVEYOR-BELT-022,conveyor_belt,1293.5,53.55,2.09,115.3,69.38,55.66,29,2,medium,day,0
EQ-EXCAVATOR-103,excavator,5138.7,62.18,4.49,224.46,432.89,75.96,38,3,high,day,0
EQ-CRUSHER-039,crusher,6325.5,77.8,5.47,167.79,539.14,86.05,58,0,high,night,1
EQ-HAUL-TRUCK-085,haul_truck,7922.0,97.0,7.36,119.92,432.13,97.55,27,1,high,day,0
EQ-DRILL-RIG-081,drill_rig,4015.0,85.58,7.27,225.51,462.36,76.96,20,0,high,day,0
EQ-HAUL-TRUCK-096,haul_truck,1622.3,87.47,3.63,141.79,450.34,83.84,56,1,high,night,0
EQ-DRILL-RIG-114,drill_rig,5099.7,79.54,6.74,248.65,368.17,74.04,41,0,low,day,0
EQ-DRILL-RIG-085,drill_rig,1755.9,85.02,5.48,250.15,341.51,77.6,87,2,low,night,0
EQ-CONVEYOR-BELT-128,conveyor_belt,4760.0,59.72,3.54,82.54,286.54,87.87,82,0,low,night,0
EQ-HAUL-TRUCK-039,haul_truck,5491.5,86.47,1.8,139.68,550.64,83.19,29,1,medium,night,0
EQ-EXCAVATOR-113,excavator,6508.6,74.92,3.88,236.36,357.92,63.02,35,0,high,night,0
EQ-CRUSHER-052,crusher,3103.6,97.84,7.98,188.83,555.94,99.12,79,1,high,night,0
EQ-CONVEYOR-BELT-095,conveyor_belt,2443.7,76.05,1.1,85.15,294.65,71.02,65,1,high,night,0
EQ-BALL-MILL-074,ball_mill,4044.8,81.18,5.38,193.77,660.16,86.85,50,1,high,night,0
EQ-EXCAVATOR-137,excavator,1990.2,78.5,5.11,187.85,348.44,81.69,73,0,medium,day,0
EQ-DRILL-RIG-041,drill_rig,3261.3,87.99,6.06,224.1,393.61,59.62,11,1,medium,night,0
EQ-HAUL-TRUCK-078,haul_truck,2836.5,89.77,4.56,158.93,482.9,73.42,50,1,medium,night,0
EQ-EXCAVATOR-025,excavator,5957.2,87.24,3.09,204.9,289.18,59.94,18,2,low,night,0
EQ-HAUL-TRUCK-096,haul_truck,7181.2,83.0,5.54,189.43,578.92,81.12,62,0,high,day,1
EQ-CONVEYOR-BELT-006,conveyor_belt,4935.4,58.91,3.88,45.02,185.16,62.07,49,3,medium,day,0
EQ-HAUL-TRUCK-062,haul_truck,5624.7,75.81,4.96,170.71,424.37,80.19,71,1,low,day,0
EQ-EXCAVATOR-002,excavator,4058.0,77.4,2.49,212.77,325.21,72.23,83,1,medium,day,0
EQ-DRILL-RIG-050,drill_rig,3911.6,88.92,5.3,223.56,477.21,66.63,13,1,medium,night,0
EQ-CRUSHER-073,crusher,1784.1,86.06,5.74,179.15,555.92,89.47,50,1,high,day,0
EQ-HAUL-TRUCK-050,haul_truck,4542.1,89.76,9.1,166.93,446.1,82.53,24,1,high,day,0
EQ-HAUL-TRUCK-058,haul_truck,5455.2,88.07,5.48,144.37,450.18,65.38,58,2,medium,day,0
EQ-CRUSHER-023,crusher,3436.4,95.69,5.88,202.15,433.99,72.3,23,1,high,night,0
EQ-EXCAVATOR-108,excavator,3508.0,78.65,5.43,196.7,356.87,89.04,24,1,low,night,0
EQ-HAUL-TRUCK-120,haul_truck,1348.1,84.93,6.18,170.05,489.47,104.55,40,0,medium,night,0
EQ-CONVEYOR-BELT-069,conveyor_belt,3550.1,66.85,3.21,100.11,87.16,48.82,12,3,medium,night,0
EQ-EXCAVATOR-009,excavator,5979.9,74.57,6.22,212.62,257.42,64.44,18,0,high,night,0
EQ-CONVEYOR-BELT-010,conveyor_belt,4436.9,56.67,3.47,43.07,232.04,71.25,53,2,high,day,0
EQ-EXCAVATOR-102,excavator,3736.7,75.86,3.08,227.28,300.49,74.13,96,1,low,day,0
EQ-HAUL-TRUCK-140,haul_truck,2234.0,81.04,3.13,173.03,434.18,78.19,7,2,medium,night,1
EQ-HAUL-TRUCK-130,haul_truck,3064.9,85.24,3.97,146.06,357.67,66.97,22,1,high,night,0
EQ-EXCAVATOR-061,excavator,2799.0,78.03,8.21,221.05,456.22,63.92,47,2,high,day,0
EQ-HAUL-TRUCK-075,haul_truck,2364.0,87.32,5.47,183.18,373.09,70.26,9,2,medium,night,0
EQ-EXCAVATOR-025,excavator,4427.9,87.42,6.22,198.45,307.75,57.0,30,1,low,day,0
EQ-BALL-MILL-011,ball_mill,3120.8,90.84,8.2,152.22,434.16,80.9,43,0,medium,night,0
EQ-DRILL-RIG-115,drill_rig,5715.9,85.89,5.2,257.05,368.68,64.59,36,0,high,night,1
EQ-EXCAVATOR-065,excavator,3754.7,63.63,5.71,244.18,394.46,80.76,25,0,medium,day,0
EQ-CONVEYOR-BELT-075,conveyor_belt,8373.0,59.79,2.78,67.28,131.84,70.17,11,0,medium,night,0
EQ-CONVEYOR-BELT-052,conveyor_belt,3093.3,61.13,5.52,63.51,310.39,82.22,136,3,high,night,1
EQ-DRILL-RIG-047,drill_rig,6358.2,88.45,6.57,213.67,357.19,76.16,21,3,medium,night,1
EQ-EXCAVATOR-148,excavator,6954.7,84.56,7.47,161.4,332.51,73.43,61,0,medium,night,0
EQ-EXCAVATOR-123,excavator,2967.9,75.96,4.71,162.79,430.49,74.78,54,2,high,day,0
EQ-EXCAVATOR-104,excavator,3618.2,76.55,5.38,199.78,419.06,77.26,30,1,medium,day,0
EQ-HAUL-TRUCK-059,haul_truck,3234.0,75.76,5.16,152.17,538.35,65.82,26,2,medium,day,1
EQ-EXCAVATOR-109,excavator,2896.5,76.54,2.88,217.25,317.54,64.82,12,3,medium,day,0
EQ-DRILL-RIG-051,drill_rig,5035.8,61.2,5.98,283.15,389.76,82.65,67,3,medium,day,0
EQ-BALL-MILL-078,ball_mill,5295.3,98.76,4.23,181.26,599.97,93.27,71,2,low,night,0
EQ-HAUL-TRUCK-022,haul_truck,2775.5,89.33,4.99,152.62,401.27,75.21,31,2,low,day,0
EQ-CRUSHER-107,crusher,2751.7,80.32,8.88,189.66,588.42,106.56,22,2,medium,night,1
EQ-CRUSHER-010,crusher,3807.3,91.02,6.34,182.9,532.52,86.31,16,0,medium,day,0
EQ-CRUSHER-109,crusher,3753.2,94.59,9.06,164.44,661.1,99.64,33,4,high,day,1
EQ-CONVEYOR-BELT-091,conveyor_belt,1780.7,59.94,2.02,112.8,80.98,44.11,19,3,medium,night,0
EQ-HAUL-TRUCK-010,haul_truck,5088.4,99.46,6.64,167.72,490.61,74.46,40,1,high,night,0
EQ-DRILL-RIG-076,drill_rig,1657.7,86.51,5.48,217.73,368.88,69.98,44,3,high,night,0
EQ-BALL-MILL-034,ball_mill,2628.4,94.5,6.07,184.55,595.76,78.98,44,0,medium,day,0
EQ-CONVEYOR-BELT-072,conveyor_belt,4125.4,64.77,0.95,97.49,172.01,61.72,17,2,medium,night,0
EQ-CONVEYOR-BELT-002,conveyor_belt,5056.7,63.2,2.69,103.38,242.34,76.04,18,0,low,day,0
EQ-CRUSHER-109,crusher,2554.2,90.48,4.7,194.59,488.1,88.04,31,0,medium,night,1
EQ-EXCAVATOR-077,excavator,3568.3,75.91,5.19,186.67,292.24,60.7,66,1,medium,night,0
EQ-HAUL-TRUCK-055,haul_truck,3122.1,73.49,4.19,131.26,368.27,88.83,44,3,medium,day,0
EQ-CONVEYOR-BELT-132,conveyor_belt,927.1,70.7,1.44,59.39,185.47,68.19,16,2,high,night,0
EQ-HAUL-TRUCK-097,haul_truck,3188.0,89.39,5.28,147.8,410.44,63.95,45,2,medium,night,0
EQ-DRILL-RIG-092,drill_rig,2318.1,83.67,6.16,266.01,558.21,103.58,0,0,low,day,0
EQ-CRUSHER-023,crusher,3767.4,91.37,7.36,181.63,468.71,84.66,57,0,high,day,1
EQ-CRUSHER-076,crusher,2155.0,90.17,6.92,200.12,506.99,86.26,73,0,high,night,1
EQ-EXCAVATOR-106,excavator,3079.8,73.33,6.14,263.28,306.82,76.03,24,0,high,day,0
EQ-BALL-MILL-139,ball_mill,3565.5,86.12,8.14,167.7,634.34,83.86,37,1,low,day,0
EQ-HAUL-TRUCK-091,haul_truck,3904.7,89.55,3.76,156.46,347.62,62.75,18,2,medium,day,0
EQ-HAUL-TRUCK-026,haul_truck,3401.4,91.61,8.52,145.77,378.61,55.84,14,2,medium,night,0
EQ-HAUL-TRUCK-102,haul_truck,6237.3,72.43,3.95,170.39,496.35,81.99,64,1,medium,day,0
EQ-CONVEYOR-BELT-012,conveyor_belt,4245.8,56.92,0.2,118.59,98.72,77.85,18,3,medium,night,0
EQ-BALL-MILL-047,ball_mill,4880.1,103.41,6.74,170.8,616.59,84.03,36,1,high,night,0
EQ-EXCAVATOR-138,excavator,3607.0,65.09,5.19,213.44,355.81,90.28,51,1,low,day,0
EQ-BALL-MILL-121,ball_mill,590.9,85.98,5.53,199.66,435.91,82.9,40,1,high,day,0
EQ-EXCAVATOR-136,excavator,2059.7,94.85,5.02,206.42,404.06,77.5,10,0,low,night,0
EQ-CONVEYOR-BELT-053,conveyor_belt,1911.1,71.81,5.8,90.87,212.16,72.95,31,1,low,day,0
EQ-HAUL-TRUCK-103,haul_truck,3374.0,84.73,8.0,141.96,436.63,85.46,56,2,high,day,1
EQ-CRUSHER-106,crusher,6835.7,100.07,6.94,153.41,511.59,63.92,32,0,medium,day,0
EQ-CONVEYOR-BELT-037,conveyor_belt,4157.4,63.54,2.37,62.25,140.43,72.37,33,1,medium,night,0
EQ-CRUSHER-142,crusher,5577.2,84.66,6.83,191.68,501.03,72.28,61,0,medium,night,1
EQ-EXCAVATOR-146,excavator,2444.3,74.9,3.36,232.06,311.46,58.44,52,2,low,day,0
EQ-DRILL-RIG-017,drill_rig,3904.9,71.46,9.25,217.71,361.51,58.77,25,3,low,day,0
EQ-BALL-MILL-115,ball_mill,6266.1,93.32,7.48,158.68,653.31,82.19,84,2,high,day,1
EQ-CRUSHER-068,crusher,5620.3,101.61,8.24,201.78,452.27,88.01,19,3,low,night,1
EQ-CONVEYOR-BELT-102,conveyor_belt,2866.5,75.31,4.87,80.92,207.36,76.73,24,2,high,day,0
EQ-DRILL-RIG-084,drill_rig,3605.9,93.6,6.93,207.92,438.23,62.86,36,0,high,night,0
EQ-EXCAVATOR-034,excavator,5787.2,75.23,7.98,175.99,388.21,106.33,51,0,high,night,0
EQ-DRILL-RIG-015,drill_rig,2755.1,68.98,5.59,247.55,456.62,84.12,76,1,high,day,0
EQ-EXCAVATOR-077,excavator,3498.7,84.44,2.49,241.57,299.85,60.41,24,2,medium,night,0
EQ-DRILL-RIG-126,drill_rig,1414.4,69.72,4.71,221.09,426.91,72.09,37,2,medium,night,0
EQ-HAUL-TRUCK-124,haul_truck,5375.1,84.52,3.93,146.53,463.77,40.51,84,1,high,night,0
EQ-EXCAVATOR-042,excavator,5228.5,84.03,7.3,183.68,393.25,53.85,64,2,medium,day,0
EQ-CRUSHER-130,crusher,1520.2,87.67,8.58,186.04,507.2,103.03,46,0,low,night,0
EQ-CRUSHER-054,crusher,3499.6,100.47,6.89,203.41,578.18,73.29,40,3,medium,day,1
EQ-DRILL-RIG-085,drill_rig,5995.9,80.91,5.66,176.22,422.79,53.85,9,2,low,night,0
EQ-BALL-MILL-049,ball_mill,2210.3,86.49,5.24,196.62,521.84,78.16,50,0,medium,day,0
EQ-HAUL-TRUCK-079,haul_truck,4351.8,85.29,4.13,179.45,464.81,82.6,26,3,high,day,0
EQ-EXCAVATOR-080,excavator,3093.2,79.67,4.52,181.92,379.89,93.36,69,2,medium,night,1
EQ-EXCAVATOR-105,excavator,5951.6,68.82,2.75,212.76,376.71,65.05,39,1,low,day,0
EQ-CRUSHER-071,crusher,1375.3,88.7,7.05,194.13,662.53,91.14,12,0,low,day,0
EQ-CRUSHER-080,crusher,1440.5,97.27,8.43,171.45,592.85,95.18,16,2,medium,night,1
EQ-DRILL-RIG-098,drill_rig,2735.3,61.16,3.89,251.68,484.47,81.14,116,4,low,day,0
EQ-DRILL-RIG-063,drill_rig,3847.5,82.75,8.11,242.87,397.26,79.84,52,2,medium,night,1
EQ-HAUL-TRUCK-079,haul_truck,3878.1,79.86,4.76,159.09,431.41,70.14,24,2,high,night,0
EQ-CRUSHER-013,crusher,1615.7,82.11,8.51,159.62,543.9,90.56,40,2,medium,day,1
EQ-CONVEYOR-BELT-131,conveyor_belt,4602.2,71.0,3.46,128.83,83.94,56.53,31,0,medium,night,0
EQ-CRUSHER-019,crusher,5029.8,79.61,4.44,206.64,539.06,78.31,69,3,medium,night,1
EQ-HAUL-TRUCK-131,haul_truck,3887.8,95.58,3.56,175.2,441.2,89.41,56,2,low,night,0
EQ-CRUSHER-115,crusher,6012.6,100.89,5.77,172.48,503.11,87.06,151,1,medium,night,0
EQ-CRUSHER-143,crusher,4754.8,102.18,5.53,182.26,567.52,63.49,44,1,medium,night,0
EQ-HAUL-TRUCK-004,haul_truck,3068.5,88.55,4.04,171.78,433.26,99.14,14,2,medium,night,0
EQ-DRILL-RIG-033,drill_rig,6847.2,90.13,5.3,191.64,346.67,78.43,7,2,medium,day,0
EQ-EXCAVATOR-008,excavator,7350.1,86.05,4.87,198.0,372.7,68.55,4,0,medium,night,0
EQ-CONVEYOR-BELT-063,conveyor_belt,4387.2,66.4,4.9,73.9,200.27,73.74,65,2,low,day,0
EQ-CRUSHER-136,crusher,2473.0,84.71,7.4,173.32,672.76,106.4,38,2,medium,day,1
EQ-DRILL-RIG-115,drill_rig,5912.8,80.92,6.05,203.03,389.3,75.55,31,3,medium,day,1
EQ-HAUL-TRUCK-106,haul_truck,1996.3,78.38,6.9,198.15,357.53,59.15,17,1,medium,night,0
EQ-HAUL-TRUCK-128,haul_truck,2557.3,78.14,5.47,149.16,450.35,71.63,34,3,low,day,0
EQ-EXCAVATOR-001,excavator,5567.5,75.15,5.23,226.83,399.94,86.76,56,2,high,day,0
EQ-CRUSHER-119,crusher,2397.4,102.53,5.36,208.31,552.29,109.47,31,2,medium,day,1
EQ-EXCAVATOR-047,excavator,6571.2,69.57,5.75,201.17,375.59,92.35,72,0,low,day,0
EQ-DRILL-RIG-104,drill_rig,2464.1,75.44,7.52,227.36,379.93,75.84,99,0,low,night,0
EQ-EXCAVATOR-115,excavator,3312.1,73.38,4.3,229.57,433.82,72.0,40,2,high,day,0
EQ-HAUL-TRUCK-103,haul_truck,3164.0,93.81,6.45,131.55,419.06,89.33,29,1,medium,day,0
EQ-CRUSHER-063,crusher,5015.5,81.1,8.31,135.1,570.63,86.24,27,3,high,night,0
EQ-DRILL-RIG-092,drill_rig,4973.3,91.01,8.69,220.53,517.15,94.45,39,3,high,day,1
EQ-DRILL-RIG-071,drill_rig,3120.3,65.49,5.5,253.92,451.27,87.44,40,0,medium,day,0
EQ-CONVEYOR-BELT-095,conveyor_belt,4715.2,75.24,2.02,97.73,223.88,74.27,44,1,medium,night,0
EQ-CONVEYOR-BELT-069,conveyor_belt,4119.0,60.31,6.54,91.48,286.54,93.15,9,1,medium,night,0
EQ-CONVEYOR-BELT-060,conveyor_belt,5173.5,70.9,1.31,75.1,178.35,47.03,43,1,high,day,0
EQ-CONVEYOR-BELT-031,conveyor_belt,4855.4,47.84,3.37,102.57,253.78,65.65,42,2,medium,night,0
EQ-EXCAVATOR-059,excavator,2446.4,74.77,7.61,223.94,410.14,82.15,54,2,high,night,0
EQ-CONVEYOR-BELT-109,conveyor_belt,6588.7,67.54,2.69,100.65,227.72,75.97,60,0,medium,night,0
EQ-DRILL-RIG-131,drill_rig,1515.9,87.05,7.29,241.9,329.51,84.25,75,2,high,day,0
EQ-EXCAVATOR-016,excavator,3300.6,82.55,6.55,218.01,399.35,93.93,45,0,low,night,0
EQ-CONVEYOR-BELT-028,conveyor_belt,4723.3,69.01,4.97,87.29,185.63,79.73,60,1,medium,night,0
EQ-CRUSHER-077,crusher,3712.9,89.42,6.23,204.59,511.19,82.53,46,1,low,night,0
EQ-CRUSHER-106,crusher,3541.5,90.5,8.69,173.19,578.06,87.61,74,0,high,night,1
EQ-HAUL-TRUCK-026,haul_truck,3267.8,82.8,4.5,123.53,445.97,89.4,35,2,low,night,0
EQ-CONVEYOR-BELT-049,conveyor_belt,3078.0,59.97,3.9,86.37,182.83,67.67,24,0,medium,night,0
EQ-DRILL-RIG-007,drill_rig,6255.6,78.79,9.23,221.4,385.13,88.11,38,1,low,day,1
EQ-HAUL-TRUCK-008,haul_truck,3569.1,90.95,5.89,146.16,415.14,76.36,85,2,low,day,0
EQ-EXCAVATOR-022,excavator,3569.5,75.7,5.14,210.43,299.46,61.01,25,1,medium,night,0
EQ-HAUL-TRUCK-110,haul_truck,2701.3,91.73,5.33,182.77,550.97,88.18,84,0,high,day,0
EQ-HAUL-TRUCK-131,haul_truck,4913.3,76.0,4.05,173.67,456.65,83.2,47,0,medium,night,0
EQ-BALL-MILL-075,ball_mill,1939.9,93.11,8.24,193.96,538.42,82.57,64,1,high,night,0
EQ-CRUSHER-027,crusher,7950.4,93.62,7.0,231.37,559.18,101.59,50,1,high,night,0
EQ-EXCAVATOR-139,excavator,2455.2,97.98,4.91,201.19,329.4,77.19,40,1,high,day,0
EQ-EXCAVATOR-042,excavator,3542.2,81.27,8.78,205.58,424.19,69.76,24,1,medium,night,0
EQ-BALL-MILL-024,ball_mill,4467.6,95.31,5.07,175.2,484.94,75.46,142,2,medium,night,1
EQ-EXCAVATOR-021,excavator,5711.3,78.94,4.61,210.96,382.08,60.7,11,0,medium,day,0
EQ-CONVEYOR-BELT-053,conveyor_belt,3213.9,64.41,0.37,68.6,213.36,66.29,70,1,low,night,0
EQ-EXCAVATOR-111,excavator,2928.0,79.71,5.31,228.1,490.33,84.24,8,2,medium,day,0
EQ-HAUL-TRUCK-060,haul_truck,3983.1,81.57,9.59,155.46,474.73,88.81,94,3,high,night,1
EQ-CONVEYOR-BELT-067,conveyor_belt,2751.9,49.74,2.79,54.83,87.5,67.5,56,3,low,day,0
EQ-HAUL-TRUCK-052,haul_truck,3390.7,75.29,3.21,207.03,413.97,89.57,19,1,low,night,0
EQ-CONVEYOR-BELT-142,conveyor_belt,6934.8,56.31,5.36,108.82,103.51,85.57,20,0,medium,day,0
EQ-EXCAVATOR-103,excavator,2444.1,76.91,4.95,213.61,409.26,87.16,38,0,high,day,1
EQ-CONVEYOR-BELT-100,conveyor_belt,1228.8,63.89,2.12,75.3,196.18,69.5,7,0,medium,day,0
EQ-DRILL-RIG-066,drill_rig,2638.1,73.21,3.98,205.88,372.83,75.29,73,2,high,day,0
EQ-CONVEYOR-BELT-080,conveyor_belt,1927.4,56.57,2.58,100.37,281.3,62.16,22,0,medium,night,0
EQ-HAUL-TRUCK-133,haul_truck,4826.8,88.77,5.04,131.16,387.37,76.63,12,3,medium,night,0
EQ-CONVEYOR-BELT-099,conveyor_belt,2924.5,80.84,3.03,97.32,227.32,63.29,66,1,high,day,0
EQ-BALL-MILL-123,ball_mill,5985.6,89.18,8.5,151.9,599.65,74.67,6,0,medium,day,0
EQ-EXCAVATOR-007,excavator,3355.2,85.39,7.06,196.04,412.49,81.04,35,4,medium,night,0
EQ-EXCAVATOR-129,excavator,1946.5,74.99,5.5,226.43,255.71,80.33,16,3,high,day,0
EQ-DRILL-RIG-143,drill_rig,5653.7,78.01,5.22,199.22,455.61,79.68,49,2,medium,day,0
EQ-HAUL-TRUCK-101,haul_truck,2499.1,95.34,5.9,181.3,399.25,87.2,74,1,low,day,0
EQ-CONVEYOR-BELT-144,conveyor_belt,1222.3,72.39,2.45,92.45,146.62,61.81,7,1,high,night,0
EQ-DRILL-RIG-086,drill_rig,4378.0,82.66,6.0,249.45,300.81,41.14,75,1,medium,night,0
EQ-HAUL-TRUCK-042,haul_truck,2690.2,88.21,5.36,147.52,428.2,76.77,31,0,high,day,0
EQ-CONVEYOR-BELT-091,conveyor_belt,4530.1,67.9,5.09,134.2,254.51,79.2,15,1,high,night,0
EQ-CONVEYOR-BELT-095,conveyor_belt,5284.4,67.15,2.51,60.89,190.05,82.01,14,1,medium,night,0
EQ-EXCAVATOR-022,excavator,4151.4,76.1,3.96,199.65,392.79,70.97,32,3,medium,night,0
EQ-DRILL-RIG-031,drill_rig,2753.2,84.36,5.49,205.17,521.01,104.0,6,2,medium,night,0
EQ-HAUL-TRUCK-044,haul_truck,5741.3,82.75,4.5,198.34,365.59,87.62,31,0,low,night,0
EQ-EXCAVATOR-083,excavator,2386.3,85.61,6.04,242.05,426.45,77.53,34,3,medium,night,1
EQ-DRILL-RIG-023,drill_rig,4533.3,98.13,5.44,225.2,340.79,76.54,51,2,high,night,0
EQ-HAUL-TRUCK-116,haul_truck,4936.8,90.76,3.9,150.96,460.99,69.83,70,0,high,day,0
EQ-DRILL-RIG-017,drill_rig,3807.2,83.77,7.25,228.79,323.1,89.05,54,0,high,night,0
EQ-HAUL-TRUCK-141,haul_truck,5231.2,87.97,5.52,183.54,472.27,82.91,86,1,high,night,0
EQ-CRUSHER-102,crusher,4167.0,97.01,8.89,205.15,501.83,85.84,16,1,low,day,0
EQ-HAUL-TRUCK-051,haul_truck,4422.0,81.64,4.01,155.46,379.56,82.67,47,1,medium,day,0
EQ-CONVEYOR-BELT-056,conveyor_belt,5239.4,64.88,2.94,84.38,97.06,51.32,50,0,low,day,0
EQ-DRILL-RIG-105,drill_rig,4069.7,78.75,8.33,199.73,433.86,86.09,84,3,medium,day,1
EQ-DRILL-RIG-014,drill_rig,5507.7,79.72,8.13,236.35,321.32,84.89,49,0,high,day,0
EQ-BALL-MILL-108,ball_mill,6450.7,85.35,8.23,181.15,591.02,73.18,20,5,high,day,1
EQ-CONVEYOR-BELT-083,conveyor_belt,4601.8,58.92,4.21,89.24,97.57,64.41,36,3,high,day,0
EQ-DRILL-RIG-034,drill_rig,5291.8,77.58,5.05,250.52,382.02,72.65,47,2,medium,night,0
EQ-CRUSHER-135,crusher,3814.8,78.15,6.98,167.27,535.68,76.12,10,0,medium,day,1
EQ-BALL-MILL-095,ball_mill,6501.2,70.24,9.9,176.25,561.37,81.0,92,1,medium,day,1
EQ-CONVEYOR-BELT-025,conveyor_belt,4306.8,67.59,3.73,101.91,186.61,76.21,36,2,medium,day,0
EQ-BALL-MILL-099,ball_mill,5091.8,96.53,6.13,133.17,509.99,74.96,117,0,medium,day,1
EQ-EXCAVATOR-062,excavator,1972.9,90.51,6.31,221.7,459.81,80.16,12,1,high,day,0
EQ-CRUSHER-115,crusher,4904.1,93.16,7.45,219.36,476.82,90.42,17,0,medium,night,0
EQ-CONVEYOR-BELT-074,conveyor_belt,3955.4,66.83,4.45,87.41,143.13,72.82,51,0,medium,day,0
EQ-HAUL-TRUCK-150,haul_truck,4824.2,88.35,6.76,215.44,445.64,88.44,27,1,high,day,0
EQ-HAUL-TRUCK-140,haul_truck,5038.0,90.82,5.26,164.9,497.82,76.77,68,1,medium,night,1
EQ-BALL-MILL-007,ball_mill,5254.7,94.89,7.0,183.05,559.59,64.1,38,1,medium,night,0
EQ-CRUSHER-062,crusher,4930.7,81.93,8.61,170.96,543.49,86.71,37,2,high,day,0
EQ-HAUL-TRUCK-031,haul_truck,3442.8,83.43,4.52,160.03,412.9,67.65,36,0,high,day,0
EQ-EXCAVATOR-068,excavator,7527.2,92.02,4.84,240.6,286.29,99.79,13,1,low,night,0
EQ-CRUSHER-022,crusher,5989.4,84.13,6.97,197.94,530.09,85.92,39,0,medium,day,0
EQ-CONVEYOR-BELT-081,conveyor_belt,3598.1,59.84,2.61,73.29,221.14,66.73,16,1,medium,day,0
EQ-BALL-MILL-024,ball_mill,3517.3,93.37,5.49,155.27,523.19,97.83,120,2,medium,night,0
EQ-BALL-MILL-094,ball_mill,763.5,90.31,8.91,180.79,732.24,77.15,5,0,low,night,1
EQ-CONVEYOR-BELT-069,conveyor_belt,2254.8,68.93,2.7,58.78,114.7,79.25,42,0,medium,night,0
EQ-CONVEYOR-BELT-149,conveyor_belt,2651.9,62.28,3.7,83.0,249.43,85.41,46,0,medium,day,0
EQ-EXCAVATOR-132,excavator,3560.8,76.39,5.74,209.63,237.88,56.24,51,3,medium,night,0
EQ-DRILL-RIG-091,drill_rig,6399.6,95.48,6.21,229.15,444.03,90.6,60,1,medium,night,1
EQ-HAUL-TRUCK-068,haul_truck,3385.0,76.51,5.11,167.35,366.4,77.17,8,1,low,night,0
EQ-HAUL-TRUCK-108,haul_truck,2237.2,93.63,5.4,175.22,469.47,62.06,47,1,high,day,0
EQ-BALL-MILL-101,ball_mill,4786.7,84.9,6.58,199.93,576.09,75.16,34,2,low,day,1
EQ-DRILL-RIG-021,drill_rig,4940.9,88.4,4.85,201.26,480.03,85.19,30,1,medium,day,0
EQ-EXCAVATOR-057,excavator,3400.1,81.32,8.16,224.38,384.8,67.3,66,3,low,night,1
EQ-CONVEYOR-BELT-149,conveyor_belt,6055.4,67.66,2.9,63.34,117.3,62.16,79,2,medium,day,0
EQ-CRUSHER-048,crusher,6233.0,93.17,5.38,194.92,582.94,88.52,11,0,medium,day,0
EQ-EXCAVATOR-002,excavator,1573.3,68.29,7.42,209.19,374.23,71.89,36,3,high,day,0
EQ-EXCAVATOR-126,excavator,4956.0,89.02,7.02,196.98,296.93,79.27,58,2,medium,day,0
EQ-HAUL-TRUCK-140,haul_truck,1171.8,67.97,6.72,195.29,482.63,73.38,38,2,low,night,0
EQ-CRUSHER-099,crusher,3578.4,88.19,5.18,233.12,534.7,76.33,75,1,low,day,0
EQ-CRUSHER-096,crusher,9107.9,94.23,8.83,164.17,523.67,75.79,20,2,high,day,1
EQ-CRUSHER-053,crusher,4851.4,80.17,5.45,132.38,544.33,62.96,71,1,low,night,0
EQ-HAUL-TRUCK-054,haul_truck,2810.4,74.24,5.21,192.39,467.55,60.7,28,3,low,night,1
EQ-BALL-MILL-138,ball_mill,5070.4,79.29,8.89,129.37,645.51,74.63,16,0,low,night,0
EQ-CONVEYOR-BELT-129,conveyor_belt,2704.2,77.0,2.99,107.17,153.86,52.52,39,0,high,night,0
EQ-BALL-MILL-075,ball_mill,4321.9,89.83,8.41,146.3,608.3,74.49,32,1,medium,day,0
EQ-HAUL-TRUCK-047,haul_truck,2460.6,84.06,5.26,116.3,384.54,78.85,10,0,medium,day,1
EQ-CONVEYOR-BELT-029,conveyor_belt,3178.0,61.87,3.25,59.36,141.92,68.98,36,2,low,day,0
EQ-DRILL-RIG-002,drill_rig,6010.9,75.19,8.28,246.91,418.83,63.48,64,1,high,night,1
EQ-EXCAVATOR-073,excavator,7436.7,76.33,5.79,225.51,426.04,90.37,82,1,low,night,0
EQ-HAUL-TRUCK-084,haul_truck,4314.7,90.21,6.45,154.05,633.66,90.07,58,1,medium,day,1
EQ-EXCAVATOR-102,excavator,5318.1,87.45,5.62,197.35,375.33,85.25,19,0,high,night,0
EQ-EXCAVATOR-121,excavator,2974.6,81.99,6.82,197.05,312.79,70.79,45,1,low,night,0
EQ-CRUSHER-056,crusher,2309.4,99.87,6.95,159.22,575.08,80.38,9,2,medium,night,0
EQ-EXCAVATOR-026,excavator,4115.8,81.31,2.94,172.3,327.22,81.08,53,0,medium,day,0
EQ-EXCAVATOR-127,excavator,4001.7,73.57,5.02,239.51,319.91,72.74,50,1,medium,day,0
EQ-CONVEYOR-BELT-115,conveyor_belt,9319.0,78.64,3.45,94.75,208.48,58.06,19,3,medium,night,0
EQ-HAUL-TRUCK-080,haul_truck,3526.7,86.91,3.15,146.18,477.97,88.37,27,0,medium,night,0
EQ-EXCAVATOR-006,excavator,3457.5,74.34,4.3,201.85,328.86,76.81,42,2,medium,night,0
EQ-CONVEYOR-BELT-071,conveyor_belt,4843.1,62.57,3.59,123.84,182.67,77.88,50,0,medium,night,0
EQ-HAUL-TRUCK-093,haul_truck,2938.7,79.99,3.86,176.74,393.67,59.35,66,1,medium,day,1
EQ-EXCAVATOR-129,excavator,2626.4,85.9,4.59,201.02,300.48,85.36,9,2,medium,night,0
EQ-HAUL-TRUCK-077,haul_truck,4528.6,89.65,4.79,147.22,459.27,80.76,8,1,medium,day,0
EQ-HAUL-TRUCK-070,haul_truck,1838.6,78.5,4.22,204.01,541.68,105.6,43,1,medium,day,1
EQ-CRUSHER-057,crusher,4721.8,84.5,9.5,185.27,575.9,79.15,57,2,medium,day,1
EQ-HAUL-TRUCK-063,haul_truck,3107.2,88.65,5.86,141.37,509.64,71.86,29,0,medium,day,0
EQ-EXCAVATOR-003,excavator,5204.2,74.41,5.27,197.58,402.0,44.77,26,1,medium,day,0
EQ-BALL-MILL-016,ball_mill,6567.4,92.49,6.62,143.07,558.61,74.79,16,0,high,night,0
EQ-BALL-MILL-114,ball_mill,2627.5,98.44,6.9,148.08,533.12,75.78,60,0,medium,night,0
EQ-HAUL-TRUCK-055,haul_truck,3422.1,80.84,5.08,127.43,401.06,83.17,40,2,medium,day,0
EQ-EXCAVATOR-128,excavator,5842.3,71.11,6.0,201.4,445.22,71.04,49,2,low,day,0
EQ-CRUSHER-060,crusher,4312.7,99.71,6.67,161.72,469.53,78.03,30,1,high,day,1
EQ-DRILL-RIG-150,drill_rig,7504.9,82.62,6.84,215.07,341.79,78.07,27,0,medium,day,0
EQ-DRILL-RIG-028,drill_rig,4384.0,80.63,6.06,209.8,347.99,77.35,34,0,high,day,0
EQ-HAUL-TRUCK-029,haul_truck,6424.0,80.15,3.61,164.0,446.58,91.35,32,1,high,night,1
EQ-HAUL-TRUCK-089,haul_truck,2141.5,88.48,2.92,176.63,359.46,61.57,78,3,low,night,1
EQ-CRUSHER-121,crusher,2584.5,92.1,6.73,154.23,597.14,93.98,15,3,high,day,0
EQ-DRILL-RIG-022,drill_rig,7074.3,83.73,6.13,277.48,323.16,71.32,61,1,medium,night,1
EQ-BALL-MILL-076,ball_mill,2558.9,88.74,7.05,172.7,656.76,90.86,22,2,medium,night,1
EQ-HAUL-TRUCK-034,haul_truck,7110.4,95.05,5.01,138.13,354.84,82.07,27,0,medium,day,0
EQ-CONVEYOR-BELT-111,conveyor_belt,2747.8,56.69,3.8,116.81,198.52,58.65,43,1,medium,day,0
EQ-HAUL-TRUCK-085,haul_truck,1928.7,84.2,6.06,187.88,472.89,88.53,56,0,high,day,1
EQ-CONVEYOR-BELT-099,conveyor_belt,3510.4,63.6,3.11,96.2,240.07,91.65,31,3,low,day,0
EQ-BALL-MILL-041,ball_mill,2143.6,95.22,6.92,160.3,579.23,78.64,14,1,medium,night,0
EQ-CRUSHER-044,crusher,5003.7,94.44,8.28,177.67,663.3,102.77,97,2,low,day,1
EQ-HAUL-TRUCK-096,haul_truck,1177.0,90.96,5.01,146.13,480.97,74.37,9,2,medium,day,0
EQ-CONVEYOR-BELT-053,conveyor_belt,8319.5,56.81,3.97,86.59,206.05,57.33,14,1,medium,day,0
EQ-CRUSHER-104,crusher,3995.4,105.64,9.23,205.57,419.46,70.19,84,3,high,day,1
EQ-DRILL-RIG-024,drill_rig,5123.5,67.83,5.76,190.5,344.85,63.84,71,0,high,night,0
EQ-EXCAVATOR-046,excavator,5412.3,77.24,3.94,194.55,405.45,63.27,89,0,medium,day,0
EQ-DRILL-RIG-016,drill_rig,4193.7,70.86,5.27,203.7,454.16,65.61,22,1,medium,night,0
EQ-EXCAVATOR-014,excavator,4688.9,80.06,2.76,185.32,339.07,64.3,18,1,high,day,0
EQ-HAUL-TRUCK-040,haul_truck,3288.3,70.12,8.3,152.29,359.6,61.89,64,0,medium,day,0
EQ-EXCAVATOR-074,excavator,5404.2,75.04,6.67,223.42,305.71,67.27,13,1,medium,day,0
EQ-HAUL-TRUCK-022,haul_truck,1175.2,78.91,4.93,162.54,429.75,91.89,18,0,high,night,0
EQ-EXCAVATOR-014,excavator,7644.4,79.99,5.3,196.14,226.76,53.42,10,2,high,day,0
EQ-CONVEYOR-BELT-132,conveyor_belt,3234.9,71.53,2.68,108.81,150.05,68.7,21,2,high,night,0
EQ-HAUL-TRUCK-078,haul_truck,5701.8,77.08,3.78,147.37,359.88,58.5,16,2,medium,day,0
EQ-HAUL-TRUCK-108,haul_truck,6136.7,84.26,6.33,203.1,438.78,53.1,12,4,medium,night,0
EQ-HAUL-TRUCK-109,haul_truck,3149.9,88.74,5.12,131.28,374.92,62.28,37,1,medium,night,0
EQ-HAUL-TRUCK-016,haul_truck,3810.5,76.81,6.74,127.23,305.28,73.41,26,3,medium,night,0
EQ-DRILL-RIG-094,drill_rig,3732.0,79.79,5.96,237.87,579.77,83.25,47,3,medium,day,0
EQ-BALL-MILL-130,ball_mill,3538.9,84.63,7.22,135.63,666.2,93.64,14,0,low,day,1
EQ-HAUL-TRUCK-068,haul_truck,2781.0,76.81,6.64,143.91,404.74,60.64,21,3,low,night,0
EQ-DRILL-RIG-130,drill_rig,3877.8,87.45,5.35,226.63,408.19,71.84,8,3,medium,night,0
EQ-CONVEYOR-BELT-142,conveyor_belt,3465.7,53.95,6.39,127.42,263.92,72.22,25,0,low,day,0
EQ-BALL-MILL-082,ball_mill,6680.8,90.18,5.7,133.54,602.99,93.23,64,0,medium,day,0
EQ-EXCAVATOR-016,excavator,4341.1,77.92,5.24,231.77,434.95,88.12,56,0,low,day,0
EQ-EXCAVATOR-093,excavator,2902.7,68.94,4.42,212.22,405.96,102.08,31,1,low,day,0
EQ-CRUSHER-133,crusher,6862.9,91.91,10.17,121.2,497.44,96.69,117,2,high,day,0
EQ-DRILL-RIG-087,drill_rig,6283.1,80.14,7.02,234.86,406.51,81.73,9,0,medium,day,0
EQ-CONVEYOR-BELT-121,conveyor_belt,3516.8,72.06,4.77,68.55,136.93,62.85,70,0,high,day,0
EQ-CRUSHER-081,crusher,4223.3,103.01,6.4,188.8,625.75,77.24,15,1,low,night,0
EQ-EXCAVATOR-063,excavator,6716.9,71.35,5.78,164.41,467.3,76.12,33,2,medium,night,0
EQ-CONVEYOR-BELT-142,conveyor_belt,5594.9,61.93,5.68,59.18,181.67,68.04,51,2,low,night,0
EQ-DRILL-RIG-023,drill_rig,1745.2,70.43,4.55,234.4,381.82,74.53,19,2,low,day,0
EQ-CRUSHER-068,crusher,2483.2,94.18,8.36,188.69,557.16,81.5,22,1,low,night,1
EQ-CONVEYOR-BELT-024,conveyor_belt,3036.0,76.47,3.21,66.89,180.11,72.2,70,2,medium,day,0
EQ-CRUSHER-099,crusher,3197.5,91.43,7.33,202.49,491.43,77.26,36,4,low,night,1
EQ-CRUSHER-139,crusher,3770.7,84.77,7.34,161.89,452.58,75.17,10,1,high,day,0
EQ-CRUSHER-150,crusher,4611.4,86.41,8.51,222.93,532.46,97.85,26,0,medium,day,0
EQ-DRILL-RIG-036,drill_rig,3769.3,83.82,6.57,226.78,359.67,74.82,20,2,low,night,0
EQ-BALL-MILL-110,ball_mill,6193.8,83.1,6.86,115.57,633.68,59.49,8,5,high,day,1
EQ-CRUSHER-132,crusher,8532.9,94.14,7.92,189.04,407.19,75.21,10,4,medium,night,0
EQ-EXCAVATOR-126,excavator,3226.1,83.48,4.43,223.39,408.18,91.79,42,0,medium,night,0
EQ-EXCAVATOR-076,excavator,6195.3,80.86,4.41,210.28,353.4,66.81,16,1,medium,day,0
EQ-HAUL-TRUCK-027,haul_truck,4349.0,89.52,4.22,134.58,384.93,64.73,123,0,medium,day,0
EQ-EXCAVATOR-070,excavator,4230.7,77.12,6.77,211.89,346.25,88.66,44,1,medium,night,0
EQ-HAUL-TRUCK-117,haul_truck,5347.7,82.37,3.98,124.89,361.75,70.22,65,0,high,night,0
EQ-CRUSHER-093,crusher,4987.0,89.48,6.43,194.17,589.3,99.18,6,0,medium,night,0
EQ-HAUL-TRUCK-059,haul_truck,3763.5,93.46,6.23,165.58,468.09,92.6,44,1,medium,day,1
EQ-EXCAVATOR-033,excavator,2761.8,78.58,5.98,225.05,456.2,68.92,37,1,high,night,0
EQ-DRILL-RIG-098,drill_rig,6751.3,79.08,3.55,253.59,274.21,65.96,49,0,medium,day,0
EQ-EXCAVATOR-065,excavator,4116.9,86.58,5.79,191.88,234.75,67.72,3,1,high,day,0
EQ-CONVEYOR-BELT-071,conveyor_belt,4135.1,79.59,2.35,78.94,266.17,91.27,102,0,high,night,1
EQ-BALL-MILL-141,ball_mill,10071.1,76.45,7.62,183.06,621.73,87.51,32,2,medium,day,1
EQ-CONVEYOR-BELT-002,conveyor_belt,6220.9,71.62,0.2,84.67,269.36,73.88,32,1,medium,day,0
EQ-HAUL-TRUCK-036,haul_truck,3619.5,78.66,3.9,134.01,457.27,83.05,36,0,medium,day,0
EQ-EXCAVATOR-138,excavator,3967.5,69.26,6.74,238.02,370.87,75.81,18,2,low,night,0
EQ-CONVEYOR-BELT-139,conveyor_belt,2629.1,58.55,1.76,128.49,178.99,70.78,91,2,medium,night,0
EQ-CRUSHER-046,crusher,2222.0,94.28,6.28,173.44,602.07,90.35,5,0,medium,night,0
EQ-HAUL-TRUCK-150,haul_truck,3618.5,91.89,4.33,156.92,425.22,80.53,24,2,medium,day,0
EQ-CRUSHER-032,crusher,4838.4,92.39,10.0,209.8,626.96,89.77,25,3,medium,day,1
EQ-CRUSHER-008,crusher,2715.4,86.79,6.7,239.16,420.01,75.31,18,0,high,night,0
EQ-EXCAVATOR-047,excavator,5603.5,68.06,4.08,201.69,366.69,93.98,29,1,low,day,0
EQ-CONVEYOR-BELT-080,conveyor_belt,2422.1,58.22,3.59,94.21,262.42,83.8,24,1,medium,day,0
EQ-HAUL-TRUCK-001,haul_truck,3642.5,89.45,2.57,149.06,465.59,96.23,16,1,medium,day,0
EQ-EXCAVATOR-026,excavator,5381.8,74.13,6.77,246.55,442.84,86.75,33,3,medium,night,0
EQ-DRILL-RIG-119,drill_rig,8580.4,78.49,7.0,248.44,460.24,69.44,38,1,low,night,0
EQ-EXCAVATOR-094,excavator,7170.2,60.87,6.83,183.78,401.62,90.19,134,3,medium,day,1
EQ-CONVEYOR-BELT-091,conveyor_belt,6476.8,64.9,5.35,80.1,136.35,77.54,15,0,medium,day,0
EQ-CRUSHER-149,crusher,4184.9,88.0,8.87,177.93,621.15,108.28,44,0,medium,night,1
EQ-EXCAVATOR-035,excavator,5741.5,93.39,6.65,187.25,288.46,58.32,43,0,medium,night,0
EQ-BALL-MILL-135,ball_mill,3503.2,85.93,4.68,153.82,520.23,71.25,62,1,medium,day,0
EQ-EXCAVATOR-054,excavator,5225.0,68.87,5.59,214.14,355.0,61.94,56,1,medium,day,0
EQ-EXCAVATOR-139,excavator,2120.3,89.64,5.29,218.13,425.07,68.67,6,1,high,night,0
EQ-BALL-MILL-118,ball_mill,4611.8,93.08,9.35,141.25,665.96,94.59,28,1,low,night,1
EQ-CONVEYOR-BELT-033,conveyor_belt,2115.3,69.65,2.63,126.9,224.59,83.67,14,0,medium,night,0
EQ-CONVEYOR-BELT-032,conveyor_belt,6292.2,68.49,2.44,86.8,250.37,60.78,16,2,high,night,0
EQ-HAUL-TRUCK-082,haul_truck,5614.5,83.83,5.08,190.06,382.54,96.86,10,3,low,night,0
EQ-HAUL-TRUCK-076,haul_truck,7478.4,85.29,6.83,132.17,361.02,67.55,28,1,medium,day,0
EQ-CONVEYOR-BELT-036,conveyor_belt,2265.8,62.65,3.88,109.65,151.74,54.2,45,3,medium,day,0
EQ-HAUL-TRUCK-040,haul_truck,10025.3,84.65,4.79,169.52,429.2,66.86,83,1,medium,day,0
EQ-EXCAVATOR-135,excavator,3955.5,81.51,6.4,208.26,420.14,90.34,35,3,medium,night,0
EQ-DRILL-RIG-114,drill_rig,6252.8,74.89,4.71,225.48,426.85,75.21,17,4,medium,day,0
EQ-EXCAVATOR-029,excavator,2578.7,83.65,6.99,213.31,418.57,81.69,38,0,high,day,0
EQ-HAUL-TRUCK-109,haul_truck,4777.0,91.68,2.51,158.56,461.1,70.88,48,2,medium,day,0
EQ-HAUL-TRUCK-024,haul_truck,3750.6,69.99,7.89,144.93,399.73,80.83,76,2,medium,night,1
EQ-CRUSHER-067,crusher,5613.4,103.95,9.72,190.77,544.06,84.24,15,0,high,night,1
EQ-CONVEYOR-BELT-002,conveyor_belt,1592.4,65.97,0.71,69.64,241.21,88.96,10,3,low,day,0
EQ-DRILL-RIG-098,drill_rig,2470.4,94.42,5.09,224.83,348.24,57.99,40,1,high,day,1
EQ-HAUL-TRUCK-028,haul_truck,6552.8,85.89,4.32,157.69,570.67,93.54,33,2,high,night,0
EQ-HAUL-TRUCK-036,haul_truck,2442.9,88.09,4.8,168.79,399.42,66.08,26,0,high,day,1
EQ-CRUSHER-029,crusher,3781.2,85.98,7.19,198.43,560.16,74.32,31,2,low,night,1
EQ-EXCAVATOR-028,excavator,3538.5,89.63,4.98,230.48,383.2,54.4,15,0,medium,day,0
EQ-CRUSHER-012,crusher,4552.4,85.62,9.54,216.22,399.97,80.98,6,2,high,night,1
EQ-BALL-MILL-084,ball_mill,2698.8,89.12,3.88,152.93,590.79,76.58,54,0,medium,day,0
EQ-CRUSHER-131,crusher,6813.2,85.59,6.64,207.35,530.99,80.81,52,1,medium,night,0
EQ-CRUSHER-046,crusher,4595.3,95.49,9.07,196.4,476.77,82.73,11,2,medium,day,1
EQ-BALL-MILL-117,ball_mill,7143.3,83.23,7.43,168.87,544.22,76.81,30,0,low,day,0
EQ-HAUL-TRUCK-082,haul_truck,5590.1,96.71,5.4,126.46,394.96,77.11,50,1,high,night,0
EQ-BALL-MILL-039,ball_mill,4471.1,87.52,6.12,156.33,566.26,81.53,46,2,high,night,1
EQ-CRUSHER-010,crusher,1011.4,85.89,7.82,198.0,484.95,86.49,19,1,low,night,0
EQ-CRUSHER-118,crusher,5202.7,80.01,7.23,204.59,632.8,81.07,38,1,low,night,0
EQ-BALL-MILL-004,ball_mill,5177.9,77.72,5.67,188.33,555.8,88.58,13,2,medium,night,0
EQ-CRUSHER-064,crusher,7081.9,87.01,8.53,207.56,606.58,72.4,58,1,low,night,1
EQ-CRUSHER-006,crusher,4301.9,93.99,7.06,208.3,521.65,70.48,28,1,medium,day,1
EQ-EXCAVATOR-117,excavator,722.2,82.68,6.49,203.87,340.6,70.97,39,1,medium,night,0
EQ-CONVEYOR-BELT-149,conveyor_belt,4127.2,74.15,4.38,117.59,253.15,75.57,43,1,medium,day,0
EQ-CONVEYOR-BELT-049,conveyor_belt,5337.9,79.99,4.74,85.4,138.88,64.05,29,1,high,day,0
EQ-HAUL-TRUCK-048,haul_truck,4115.8,79.26,6.13,163.7,442.31,76.51,43,3,low,night,0
EQ-CONVEYOR-BELT-085,conveyor_belt,3259.1,76.3,5.34,83.71,270.47,58.03,59,1,medium,day,0
EQ-CONVEYOR-BELT-076,conveyor_belt,5776.6,54.66,3.41,49.83,157.36,65.42,15,0,high,day,0
EQ-CRUSHER-058,crusher,1453.0,82.7,6.66,172.89,430.08,84.83,69,1,low,day,1
EQ-HAUL-TRUCK-055,haul_truck,4085.2,69.15,5.9,160.42,489.47,94.18,23,2,medium,day,0
EQ-CRUSHER-029,crusher,3369.2,94.9,4.83,246.61,449.07,58.71,45,2,medium,night,0
EQ-HAUL-TRUCK-038,haul_truck,2432.6,64.15,4.93,177.84,459.95,87.99,28,1,low,day,0
EQ-HAUL-TRUCK-088,haul_truck,4521.9,84.27,4.72,169.47,409.7,66.29,40,1,medium,day,0
EQ-CRUSHER-111,crusher,7509.1,95.3,8.81,192.14,682.13,104.36,65,1,high,day,1
EQ-HAUL-TRUCK-113,haul_truck,2643.5,74.57,4.13,196.15,486.05,87.19,33,0,medium,day,0
EQ-EXCAVATOR-078,excavator,5205.2,77.62,0.61,186.3,443.99,66.65,43,0,medium,day,0
EQ-CONVEYOR-BELT-113,conveyor_belt,4862.0,41.08,3.62,76.99,244.21,90.79,78,0,low,day,0
EQ-EXCAVATOR-089,excavator,2238.3,89.91,2.84,240.56,362.69,72.53,23,1,medium,night,0
EQ-BALL-MILL-054,ball_mill,4840.1,93.12,6.27,176.54,512.79,67.45,17,1,medium,night,0
EQ-BALL-MILL-054,ball_mill,3449.5,86.6,6.05,162.5,626.61,84.32,62,2,high,day,1
EQ-CONVEYOR-BELT-078,conveyor_belt,2956.2,66.57,3.61,60.65,62.88,56.48,29,0,low,day,0
EQ-BALL-MILL-047,ball_mill,2925.6,74.04,8.74,143.68,694.13,95.48,26,2,high,day,1
EQ-DRILL-RIG-115,drill_rig,10377.3,82.1,5.83,236.97,432.79,78.64,69,2,high,day,1
EQ-EXCAVATOR-028,excavator,1732.0,65.96,7.14,235.54,415.95,99.01,19,2,high,day,0
EQ-CONVEYOR-BELT-009,conveyor_belt,6422.7,72.94,4.83,94.07,284.01,90.42,45,2,medium,night,0
EQ-HAUL-TRUCK-074,haul_truck,3650.8,81.63,3.43,184.39,503.49,74.74,87,4,low,night,0
EQ-CONVEYOR-BELT-011,conveyor_belt,2542.8,71.02,4.53,68.06,182.87,63.53,14,0,medium,day,0
EQ-CRUSHER-029,crusher,3330.5,91.36,8.52,197.35,522.24,81.02,88,1,medium,day,0
EQ-HAUL-TRUCK-057,haul_truck,6642.9,74.33,4.57,155.06,389.33,81.07,25,1,low,night,0
EQ-EXCAVATOR-001,excavator,6777.6,88.44,5.72,232.36,471.25,71.9,26,3,medium,night,0
EQ-BALL-MILL-034,ball_mill,2504.7,87.23,4.2,192.82,613.07,84.26,9,1,medium,day,1
EQ-EXCAVATOR-082,excavator,4778.5,80.18,5.81,183.12,345.74,69.64,40,1,medium,night,1
EQ-HAUL-TRUCK-057,haul_truck,4638.2,84.25,6.86,190.82,361.36,63.75,15,2,high,day,0
EQ-HAUL-TRUCK-135,haul_truck,3579.0,98.95,3.05,164.44,393.76,55.37,47,1,medium,night,0
EQ-CRUSHER-015,crusher,4995.8,83.65,10.3,206.7,494.21,92.9,31,1,medium,day,1
EQ-DRILL-RIG-108,drill_rig,5534.6,90.05,5.58,226.12,421.41,75.19,39,2,medium,night,1
EQ-DRILL-RIG-089,drill_rig,2440.1,78.99,9.42,258.84,424.91,59.15,51,1,medium,day,0
EQ-CRUSHER-097,crusher,1655.1,83.39,8.21,198.05,541.47,81.36,102,0,medium,night,0
EQ-HAUL-TRUCK-101,haul_truck,2234.8,92.16,3.03,183.48,476.32,74.64,33,1,low,night,0
EQ-HAUL-TRUCK-008,haul_truck,3282.6,85.15,5.0,158.52,312.23,66.93,47,2,medium,night,0
EQ-CRUSHER-119,crusher,3592.0,99.44,6.77,205.94,565.43,98.79,43,1,medium,night,1
EQ-DRILL-RIG-050,drill_rig,5778.6,68.8,5.01,251.26,418.94,74.88,39,2,medium,day,1
EQ-CONVEYOR-BELT-098,conveyor_belt,3845.4,72.33,3.31,53.01,172.9,69.91,11,1,medium,night,0
EQ-CRUSHER-045,crusher,3285.4,92.7,7.64,171.89,460.75,75.2,18,3,low,day,0
EQ-CONVEYOR-BELT-060,conveyor_belt,1617.2,72.98,2.49,102.9,126.85,70.23,12,2,medium,night,0
EQ-CRUSHER-106,crusher,6543.9,90.34,7.81,186.71,548.91,105.65,81,1,low,day,0
EQ-CONVEYOR-BELT-141,conveyor_belt,2502.4,67.15,2.06,73.47,292.39,71.65,82,0,high,day,0
EQ-CRUSHER-132,crusher,6791.6,92.53,9.24,185.67,464.05,84.26,52,1,medium,day,0
EQ-CONVEYOR-BELT-109,conveyor_belt,3131.5,68.32,3.48,72.4,174.76,53.39,62,3,medium,night,0
EQ-CRUSHER-081,crusher,2305.1,99.57,9.0,206.39,639.49,67.73,12,0,high,night,1
EQ-BALL-MILL-080,ball_mill,4005.2,93.02,5.61,184.41,578.93,82.81,47,0,medium,day,1
EQ-CRUSHER-145,crusher,2680.2,85.5,10.85,187.56,476.74,75.96,21,1,low,night,0
EQ-HAUL-TRUCK-032,haul_truck,3476.5,84.83,6.34,168.42,439.75,75.83,15,1,high,day,0
EQ-EXCAVATOR-144,excavator,3948.4,80.42,4.42,191.08,378.27,61.08,63,0,high,day,0
EQ-CRUSHER-098,crusher,5502.1,96.81,7.46,190.23,516.03,86.2,47,0,medium,day,1
EQ-CRUSHER-093,crusher,8402.7,87.41,9.21,191.2,508.27,78.21,13,1,low,night,0
EQ-CONVEYOR-BELT-089,conveyor_belt,534.4,73.42,4.28,146.03,332.56,97.43,76,4,high,night,0
EQ-CONVEYOR-BELT-122,conveyor_belt,2964.8,68.77,2.41,75.74,213.5,78.06,31,2,low,night,0
EQ-EXCAVATOR-103,excavator,4167.4,76.29,3.04,221.37,291.47,83.25,53,0,medium,day,0
EQ-CONVEYOR-BELT-015,conveyor_belt,2054.5,65.14,3.27,111.76,217.2,79.16,23,2,high,day,0
EQ-CONVEYOR-BELT-118,conveyor_belt,5100.5,61.38,6.55,63.45,198.77,71.2,40,0,high,night,0
EQ-CRUSHER-110,crusher,4311.3,88.52,9.96,215.72,604.08,96.4,56,0,medium,day,1
EQ-CRUSHER-138,crusher,1601.0,100.68,8.48,126.68,405.75,71.47,14,1,low,night,0
EQ-HAUL-TRUCK-141,haul_truck,4423.8,79.02,3.87,121.19,512.05,70.5,90,1,medium,night,0
EQ-CRUSHER-143,crusher,2630.3,97.56,6.75,194.75,511.32,72.67,52,2,high,day,1
EQ-DRILL-RIG-007,drill_rig,3452.0,83.56,5.41,242.09,331.74,45.82,43,0,medium,day,0
EQ-BALL-MILL-095,ball_mill,7483.7,109.89,6.88,124.25,551.96,71.77,4,1,high,night,0
EQ-CONVEYOR-BELT-141,conveyor_belt,1735.6,52.81,5.24,96.42,153.49,72.94,33,2,low,night,0
EQ-EXCAVATOR-145,excavator,5300.5,84.99,6.93,249.4,288.2,72.65,63,1,high,night,0
EQ-CONVEYOR-BELT-083,conveyor_belt,2443.1,60.8,6.14,103.1,166.05,75.2,5,1,low,night,0
EQ-CONVEYOR-BELT-137,conveyor_belt,2230.2,55.42,4.41,50.14,193.53,73.95,82,1,medium,day,0
EQ-EXCAVATOR-133,excavator,2898.6,79.03,6.11,242.65,403.57,64.57,9,0,high,night,1
EQ-DRILL-RIG-001,drill_rig,2131.7,86.41,4.36,260.5,396.12,70.94,40,0,medium,night,0
EQ-HAUL-TRUCK-133,haul_truck,9319.4,89.18,3.59,164.58,451.68,78.53,93,0,medium,night,0
EQ-HAUL-TRUCK-096,haul_truck,1657.6,81.26,5.51,173.13,473.7,80.75,44,1,medium,day,0
EQ-HAUL-TRUCK-087,haul_truck,2032.9,96.2,5.33,173.3,459.62,86.15,58,3,high,day,1
EQ-HAUL-TRUCK-027,haul_truck,1414.6,82.57,7.21,122.32,469.57,86.04,63,1,low,day,0
EQ-DRILL-RIG-138,drill_rig,2595.0,68.72,8.8,242.17,361.6,76.97,49,2,low,day,0
EQ-CRUSHER-045,crusher,4038.4,86.78,6.92,177.11,525.6,73.86,17,2,medium,night,1
EQ-EXCAVATOR-063,excavator,4247.2,75.77,7.16,206.37,347.95,81.17,28,0,high,night,0
EQ-CRUSHER-045,crusher,4491.1,98.13,8.79,146.01,567.51,85.88,17,2,high,night,1
EQ-CRUSHER-146,crusher,4627.6,89.05,8.57,161.71,559.65,89.6,87,1,medium,night,1
EQ-EXCAVATOR-073,excavator,5984.1,78.53,2.31,191.87,398.95,70.02,28,0,medium,day,1
EQ-HAUL-TRUCK-018,haul_truck,7553.0,86.36,6.9,151.77,505.37,92.69,66,0,medium,night,0
EQ-CONVEYOR-BELT-002,conveyor_belt,5078.9,65.36,5.2,60.62,259.34,60.34,53,4,medium,night,0
EQ-HAUL-TRUCK-148,haul_truck,3963.2,71.55,3.19,142.48,395.6,79.1,38,3,low,night,0
EQ-DRILL-RIG-036,drill_rig,2476.5,89.81,6.15,233.28,369.02,86.09,17,1,medium,night,0
EQ-HAUL-TRUCK-116,haul_truck,4159.4,79.25,3.25,159.0,334.26,64.12,20,1,low,night,0
EQ-CONVEYOR-BELT-005,conveyor_belt,4993.1,71.36,2.15,116.15,42.95,62.88,22,1,medium,night,0
EQ-DRILL-RIG-135,drill_rig,3392.1,77.98,4.97,229.96,508.65,105.12,12,1,medium,day,1
EQ-HAUL-TRUCK-098,haul_truck,5476.4,101.32,1.24,112.66,492.11,89.18,108,1,high,night,0
EQ-HAUL-TRUCK-034,haul_truck,4588.6,70.97,5.27,143.86,445.7,81.12,51,1,low,day,0
EQ-BALL-MILL-134,ball_mill,2696.5,100.11,5.4,188.19,601.75,83.61,38,0,high,day,1
EQ-CRUSHER-045,crusher,2911.6,94.54,5.67,161.4,453.71,70.73,7,1,high,night,0
EQ-CONVEYOR-BELT-150,conveyor_belt,6413.3,67.83,5.0,80.61,272.07,80.86,30,1,medium,night,0
EQ-HAUL-TRUCK-090,haul_truck,1403.6,83.49,4.03,161.66,558.24,86.75,32,1,medium,night,0
EQ-EXCAVATOR-068,excavator,1548.4,82.96,6.69,186.47,440.17,71.7,36,1,medium,day,0
EQ-CRUSHER-009,crusher,2275.8,90.02,6.26,175.94,550.76,92.23,37,1,low,day,0
EQ-BALL-MILL-040,ball_mill,9612.4,90.57,6.87,181.17,621.42,88.78,49,0,medium,day,0
EQ-EXCAVATOR-009,excavator,4664.9,78.63,6.41,203.59,283.33,62.73,11,1,medium,night,0
EQ-DRILL-RIG-128,drill_rig,2893.6,91.17,8.38,234.6,512.32,78.12,24,0,medium,night,0
EQ-CONVEYOR-BELT-016,conveyor_belt,4697.9,68.2,4.14,91.54,161.22,85.6,47,2,high,night,0
EQ-HAUL-TRUCK-017,haul_truck,2779.1,82.14,7.89,149.73,378.96,87.23,47,1,medium,day,1
EQ-EXCAVATOR-019,excavator,3950.3,82.88,5.69,270.64,458.31,52.79,39,0,medium,night,0
EQ-EXCAVATOR-147,excavator,3054.9,81.04,5.55,187.22,334.61,82.89,59,0,low,day,0
EQ-CRUSHER-146,crusher,4621.7,82.81,8.5,166.81,585.27,91.84,28,3,high,night,1
EQ-CONVEYOR-BELT-108,conveyor_belt,3538.4,72.46,4.58,113.53,157.17,61.33,34,0,high,night,0
EQ-CRUSHER-012,crusher,2920.7,86.86,4.47,186.32,542.63,84.01,60,1,medium,day,0
EQ-EXCAVATOR-076,excavator,3944.8,87.15,4.46,210.15,398.73,78.44,12,0,high,night,0
EQ-CONVEYOR-BELT-143,conveyor_belt,3223.0,58.85,3.31,118.57,146.78,67.51,88,0,medium,night,0
EQ-CONVEYOR-BELT-015,conveyor_belt,3221.4,67.68,1.61,76.12,211.2,67.14,55,0,low,day,0
EQ-CRUSHER-120,crusher,1860.2,90.67,7.72,202.33,512.76,73.48,22,2,high,day,1
EQ-CONVEYOR-BELT-003,conveyor_belt,4569.6,67.23,2.64,89.41,281.44,79.83,61,2,medium,night,0
EQ-EXCAVATOR-121,excavator,11068.7,83.5,6.13,192.57,437.41,77.34,14,1,medium,night,0
EQ-CONVEYOR-BELT-082,conveyor_belt,4028.5,61.53,5.4,78.35,217.49,68.61,80,1,medium,night,0
EQ-CRUSHER-134,crusher,3317.1,91.09,6.85,188.68,624.68,87.23,7,4,medium,day,1
EQ-EXCAVATOR-063,excavator,3366.7,81.84,4.64,216.16,384.27,72.41,11,2,low,night,0
EQ-HAUL-TRUCK-118,haul_truck,6302.3,85.52,4.19,197.09,481.14,74.96,18,0,medium,day,0
EQ-CONVEYOR-BELT-127,conveyor_belt,816.4,67.85,1.86,85.48,128.18,66.48,20,0,low,day,0
EQ-CONVEYOR-BELT-049,conveyor_belt,4083.3,40.48,3.53,75.98,175.52,61.39,42,0,low,day,0
EQ-EXCAVATOR-097,excavator,3639.5,78.03,6.16,169.73,392.69,67.75,58,0,low,day,0
EQ-DRILL-RIG-070,drill_rig,3533.3,82.73,7.15,264.16,359.87,79.29,8,5,medium,day,1
EQ-DRILL-RIG-065,drill_rig,3890.0,79.09,5.85,237.1,277.83,58.47,83,2,high,day,0
EQ-HAUL-TRUCK-120,haul_truck,2355.2,84.43,4.42,151.83,376.06,74.8,47,2,low,day,0
EQ-CONVEYOR-BELT-034,conveyor_belt,2398.4,65.75,3.07,80.5,249.85,80.48,107,1,medium,night,0
EQ-CRUSHER-018,crusher,1740.8,83.29,6.24,169.87,568.49,76.49,32,0,high,day,0
EQ-BALL-MILL-073,ball_mill,4625.8,89.9,7.69,179.44,531.84,83.71,89,0,high,day,0
EQ-EXCAVATOR-124,excavator,1031.0,64.59,4.66,184.27,335.16,75.03,113,0,medium,night,0
EQ-EXCAVATOR-025,excavator,4185.5,77.47,5.05,188.27,364.74,81.45,20,1,high,night,0
EQ-CRUSHER-052,crusher,2899.5,80.64,6.98,189.42,510.57,87.64,18,4,medium,night,0
EQ-EXCAVATOR-101,excavator,2330.3,76.1,4.16,183.25,398.07,78.22,27,0,medium,day,0
EQ-CONVEYOR-BELT-072,conveyor_belt,3966.6,62.52,4.75,133.51,198.69,69.38,25,1,medium,night,0
EQ-CRUSHER-091,crusher,3108.5,92.58,7.78,198.73,507.01,76.49,41,1,medium,night,1
EQ-EXCAVATOR-080,excavator,3923.3,85.26,5.1,190.91,389.36,66.19,26,1,medium,night,0
EQ-CRUSHER-122,crusher,2423.0,102.72,7.47,211.05,547.05,77.14,61,1,high,night,1
EQ-BALL-MILL-132,ball_mill,4386.1,91.0,5.43,184.91,576.26,84.07,50,2,medium,day,0
EQ-DRILL-RIG-068,drill_rig,3587.8,80.52,6.15,201.57,316.27,74.04,18,2,high,day,0
EQ-CRUSHER-065,crusher,5362.8,91.99,5.58,166.94,446.59,68.85,32,1,medium,day,0
EQ-EXCAVATOR-042,excavator,1895.3,74.62,5.52,210.0,319.57,84.58,63,1,medium,day,0
EQ-HAUL-TRUCK-067,haul_truck,3102.2,79.39,4.37,158.35,495.55,100.52,44,3,low,night,0
EQ-DRILL-RIG-126,drill_rig,2924.0,92.88,6.18,215.43,361.86,70.93,53,0,medium,day,0
EQ-CONVEYOR-BELT-076,conveyor_belt,4865.9,60.41,1.09,78.31,215.31,66.59,18,0,medium,night,0
EQ-CONVEYOR-BELT-104,conveyor_belt,5942.4,59.89,2.35,30.45,239.29,69.22,35,1,low,night,0
EQ-DRILL-RIG-063,drill_rig,4069.7,90.98,7.39,251.79,323.67,57.31,13,1,high,night,0
EQ-HAUL-TRUCK-107,haul_truck,3529.2,87.75,4.81,122.35,442.48,63.37,38,1,low,day,0
EQ-CONVEYOR-BELT-107,conveyor_belt,5366.1,67.27,1.42,84.11,189.85,87.78,31,1,low,night,0
EQ-HAUL-TRUCK-080,haul_truck,3230.8,79.31,6.74,137.86,425.91,72.85,40,1,medium,day,0
EQ-HAUL-TRUCK-141,haul_truck,7520.6,85.69,2.17,178.42,462.69,87.69,17,2,low,day,0
EQ-CRUSHER-132,crusher,2660.7,107.93,5.2,222.59,548.47,88.25,47,0,medium,day,0
EQ-CRUSHER-024,crusher,1308.9,86.86,7.81,188.73,556.68,81.29,65,1,low,day,0
EQ-BALL-MILL-035,ball_mill,1874.5,85.45,5.54,175.3,621.63,89.46,4,0,low,night,0
EQ-EXCAVATOR-144,excavator,3155.1,84.85,7.04,240.42,398.72,74.59,10,1,medium,day,0
EQ-DRILL-RIG-061,drill_rig,9153.0,84.52,8.32,214.16,491.64,95.1,20,1,medium,night,1
EQ-CONVEYOR-BELT-047,conveyor_belt,2398.5,61.55,2.45,50.7,188.28,73.21,27,2,medium,day,0
EQ-CONVEYOR-BELT-120,conveyor_belt,7478.4,72.31,4.64,97.16,237.83,86.74,22,1,low,night,0
EQ-BALL-MILL-091,ball_mill,4049.2,82.12,4.99,202.32,538.02,83.98,13,2,medium,day,1
EQ-CRUSHER-020,crusher,2393.1,90.84,8.44,188.16,498.87,92.63,40,0,medium,night,1
EQ-CRUSHER-014,crusher,3288.2,82.75,8.95,169.54,621.58,101.36,39,5,low,day,0
EQ-HAUL-TRUCK-122,haul_truck,5619.8,74.28,6.47,146.75,424.95,75.83,22,1,medium,night,0
EQ-EXCAVATOR-115,excavator,3469.2,89.53,5.46,204.71,340.44,74.36,45,1,medium,night,0
EQ-DRILL-RIG-053,drill_rig,2423.6,91.79,2.75,235.25,476.81,80.9,30,1,high,night,0
EQ-CRUSHER-130,crusher,3177.4,102.78,5.16,155.91,571.61,77.65,92,1,high,day,1
EQ-EXCAVATOR-019,excavator,6192.1,94.88,1.24,192.39,317.06,67.91,9,2,medium,night,0
EQ-HAUL-TRUCK-131,haul_truck,10423.5,77.74,2.08,157.37,425.61,71.63,17,0,low,night,0
EQ-CRUSHER-012,crusher,5487.3,89.46,7.74,154.03,398.55,70.15,28,3,high,night,0
EQ-CONVEYOR-BELT-096,conveyor_belt,7721.0,56.16,0.58,85.7,203.24,59.71,67,3,medium,night,0
EQ-EXCAVATOR-127,excavator,5421.8,86.93,8.68,220.54,428.41,68.92,55,5,high,night,1
EQ-DRILL-RIG-093,drill_rig,5400.9,89.01,5.44,243.43,509.58,82.02,47,1,medium,night,0
EQ-CONVEYOR-BELT-117,conveyor_belt,4859.3,64.53,1.9,136.34,192.5,71.74,11,2,low,night,0
EQ-DRILL-RIG-052,drill_rig,4483.3,92.01,6.6,234.54,516.93,94.44,20,0,high,day,0
EQ-EXCAVATOR-044,excavator,2702.4,76.34,4.5,231.93,362.55,76.27,30,2,high,day,0
EQ-CONVEYOR-BELT-040,conveyor_belt,3873.2,56.34,2.06,111.87,94.79,68.99,61,0,low,night,0
EQ-HAUL-TRUCK-018,haul_truck,5480.1,74.5,4.69,147.92,388.3,87.03,32,2,medium,night,1
EQ-EXCAVATOR-042,excavator,4494.7,80.74,2.69,183.6,336.22,59.31,50,0,medium,day,0
EQ-CONVEYOR-BELT-038,conveyor_belt,1738.2,74.12,3.3,42.53,245.3,99.53,45,2,medium,day,0
EQ-CONVEYOR-BELT-114,conveyor_belt,6165.8,71.09,2.52,60.9,171.06,70.33,50,3,high,day,0
EQ-HAUL-TRUCK-032,haul_truck,4982.1,83.49,3.7,174.98,418.11,93.32,19,1,low,day,0
EQ-DRILL-RIG-025,drill_rig,6008.5,91.94,4.86,227.71,402.48,60.52,56,0,low,night,0
EQ-HAUL-TRUCK-110,haul_truck,2373.6,85.28,3.53,133.5,439.07,79.98,48,2,low,night,0
EQ-CONVEYOR-BELT-081,conveyor_belt,1754.8,59.74,3.21,82.88,127.97,60.72,87,2,high,day,0
EQ-BALL-MILL-033,ball_mill,3470.2,78.11,5.13,164.51,653.1,74.72,25,0,low,day,0
EQ-CRUSHER-106,crusher,4591.9,90.7,8.53,224.38,576.13,88.91,38,0,medium,day,1
EQ-DRILL-RIG-033,drill_rig,7180.2,95.24,4.73,209.94,314.6,61.99,12,5,high,night,0
EQ-CONVEYOR-BELT-118,conveyor_belt,4323.8,73.15,4.33,95.26,136.1,74.1,9,0,high,night,0
EQ-DRILL-RIG-005,drill_rig,8568.4,93.43,7.18,245.42,450.32,91.47,96,0,low,day,1
EQ-CONVEYOR-BELT-089,conveyor_belt,3098.7,70.63,0.77,110.14,133.71,76.25,44,3,low,day,0
EQ-CONVEYOR-BELT-090,conveyor_belt,4853.2,67.28,4.07,102.35,192.2,87.32,8,0,high,night,0
EQ-EXCAVATOR-056,excavator,1543.6,85.31,6.71,191.67,386.37,69.46,47,0,medium,night,0
EQ-CONVEYOR-BELT-104,conveyor_belt,5660.2,63.39,2.8,101.26,136.92,65.97,25,0,low,night,0
EQ-EXCAVATOR-057,excavator,6982.0,65.5,6.38,193.79,389.26,68.1,50,1,low,day,0
EQ-BALL-MILL-099,ball_mill,4464.6,77.28,8.02,102.81,740.31,85.59,58,0,high,night,1
EQ-EXCAVATOR-034,excavator,2127.7,90.87,4.78,203.3,361.87,71.72,41,1,high,night,0
EQ-EXCAVATOR-086,excavator,3858.7,75.96,3.62,205.23,374.66,77.03,27,0,medium,night,0
EQ-DRILL-RIG-114,drill_rig,3057.6,78.07,8.17,207.65,342.5,65.23,34,3,medium,day,0
EQ-EXCAVATOR-145,excavator,3226.8,79.42,5.36,212.85,293.21,58.64,51,0,medium,day,0
EQ-EXCAVATOR-055,excavator,3842.6,68.81,5.05,201.95,418.08,92.54,56,3,low,day,0
EQ-CONVEYOR-BELT-071,conveyor_belt,2081.4,71.06,3.87,78.61,195.97,84.91,19,3,high,night,0
EQ-HAUL-TRUCK-072,haul_truck,4286.9,82.27,2.69,146.9,403.44,60.64,10,0,medium,night,0
EQ-HAUL-TRUCK-130,haul_truck,3163.6,83.46,5.52,169.28,434.0,79.35,13,2,low,day,0
EQ-CRUSHER-145,crusher,4683.5,75.24,7.13,216.55,653.36,98.8,29,3,medium,night,1
EQ-EXCAVATOR-097,excavator,4686.4,84.98,5.33,222.06,384.61,73.62,55,2,low,night,0
EQ-EXCAVATOR-124,excavator,2367.5,65.01,5.48,202.86,436.95,80.3,30,0,medium,day,0
EQ-HAUL-TRUCK-013,haul_truck,3380.6,76.79,4.4,152.65,387.18,82.62,12,1,medium,night,0
EQ-EXCAVATOR-114,excavator,3319.2,79.07,2.78,174.81,454.23,84.35,41,0,medium,night,0
EQ-EXCAVATOR-122,excavator,3775.5,74.51,4.84,221.87,375.23,94.13,32,1,medium,day,0
EQ-HAUL-TRUCK-108,haul_truck,6594.0,91.74,5.48,117.21,466.24,66.56,57,3,low,night,0
EQ-CONVEYOR-BELT-088,conveyor_belt,2833.5,63.93,2.71,81.9,168.0,72.15,16,3,medium,day,0
EQ-CONVEYOR-BELT-135,conveyor_belt,3367.5,74.02,4.87,97.01,129.02,75.98,43,1,medium,night,0
EQ-HAUL-TRUCK-099,haul_truck,4711.1,91.36,6.17,157.98,489.58,95.07,40,0,medium,night,1
EQ-EXCAVATOR-127,excavator,3966.1,83.0,4.66,190.75,429.67,75.79,49,1,low,night,1
EQ-DRILL-RIG-028,drill_rig,5593.2,81.52,6.36,240.29,296.67,83.61,63,0,high,night,0
EQ-CONVEYOR-BELT-100,conveyor_belt,4643.0,63.77,2.96,96.92,73.45,77.84,6,1,low,day,0
EQ-CRUSHER-066,crusher,3354.3,97.36,6.86,198.76,517.46,73.57,21,0,low,day,0
EQ-CRUSHER-131,crusher,4122.1,95.02,6.76,160.74,447.96,74.47,30,2,low,night,1
EQ-HAUL-TRUCK-133,haul_truck,6225.4,77.01,4.67,122.5,464.65,84.13,21,2,medium,day,0
EQ-DRILL-RIG-127,drill_rig,2183.4,94.78,5.79,185.78,407.87,79.26,37,6,low,night,0
EQ-BALL-MILL-033,ball_mill,2291.6,87.31,6.47,180.09,625.12,72.77,31,1,low,day,0
EQ-BALL-MILL-074,ball_mill,2439.4,89.58,5.81,190.89,540.19,84.43,12,2,medium,day,0
EQ-EXCAVATOR-001,excavator,3415.7,75.03,4.97,199.62,289.58,64.07,50,2,medium,day,0
EQ-EXCAVATOR-147,excavator,3598.8,86.22,5.06,226.73,354.02,60.17,15,3,low,night,0
EQ-HAUL-TRUCK-039,haul_truck,6641.8,75.21,5.66,158.42,415.71,67.07,38,2,medium,day,0
EQ-EXCAVATOR-094,excavator,3048.6,77.47,3.06,218.24,443.87,78.98,13,3,medium,night,0
EQ-EXCAVATOR-074,excavator,1836.4,80.26,4.34,197.77,432.34,70.16,38,0,low,day,0
EQ-CONVEYOR-BELT-136,conveyor_belt,6217.6,66.74,5.17,99.91,251.13,69.62,30,1,low,night,0
EQ-HAUL-TRUCK-124,haul_truck,2987.7,81.65,5.16,178.27,393.03,84.35,34,1,medium,night,0
EQ-BALL-MILL-117,ball_mill,5210.4,101.28,4.68,169.59,600.01,74.04,39,0,high,night,1
EQ-HAUL-TRUCK-097,haul_truck,5769.2,88.2,4.38,146.42,359.36,84.14,59,2,high,day,0
EQ-HAUL-TRUCK-018,haul_truck,4255.6,85.93,6.1,181.86,425.73,71.11,24,0,medium,night,0
EQ-DRILL-RIG-138,drill_rig,3773.1,86.54,4.86,213.0,420.36,98.14,11,1,high,day,0
EQ-CONVEYOR-BELT-010,conveyor_belt,2670.5,69.87,5.08,70.35,164.65,54.58,28,2,medium,night,0
EQ-EXCAVATOR-069,excavator,2633.0,82.9,5.22,235.28,435.97,92.02,60,5,medium,day,0
EQ-CONVEYOR-BELT-057,conveyor_belt,5868.8,70.8,2.91,88.48,147.31,72.75,3,0,high,night,0
EQ-EXCAVATOR-059,excavator,4553.2,82.21,4.79,233.73,415.61,66.14,11,2,medium,night,0
EQ-HAUL-TRUCK-147,haul_truck,5885.0,77.68,6.75,174.26,370.99,63.87,30,1,medium,night,0
EQ-CRUSHER-035,crusher,3084.2,90.05,6.71,182.73,564.85,80.18,64,2,medium,night,1
EQ-EXCAVATOR-087,excavator,6395.3,86.29,6.53,180.73,367.84,62.95,22,1,high,night,0
EQ-CONVEYOR-BELT-033,conveyor_belt,7434.4,62.62,3.75,111.17,169.72,64.95,29,0,low,day,0
EQ-HAUL-TRUCK-137,haul_truck,2095.2,82.12,6.65,177.73,397.86,74.8,20,0,medium,night,1
EQ-CONVEYOR-BELT-111,conveyor_belt,2158.8,63.32,3.29,76.57,241.09,57.78,24,0,medium,night,0
EQ-DRILL-RIG-063,drill_rig,5359.1,81.97,8.59,231.42,371.44,92.54,52,0,high,day,0
EQ-HAUL-TRUCK-013,haul_truck,4150.6,83.92,2.43,122.47,459.5,70.93,57,0,low,day,0
EQ-HAUL-TRUCK-023,haul_truck,3508.0,80.28,5.09,153.32,432.7,80.97,54,0,low,night,0
EQ-CRUSHER-037,crusher,5720.5,88.81,9.67,152.48,546.57,101.41,49,1,medium,day,1
EQ-DRILL-RIG-061,drill_rig,2886.1,76.92,7.05,227.76,410.58,93.02,14,2,low,night,0
EQ-CONVEYOR-BELT-133,conveyor_belt,2972.5,67.95,3.59,100.82,262.41,72.4,88,1,medium,night,1
EQ-CONVEYOR-BELT-018,conveyor_belt,2232.0,68.39,0.2,70.2,70.36,60.0,83,0,medium,night,0
EQ-CRUSHER-087,crusher,6051.9,95.19,6.61,171.67,553.31,76.16,30,0,high,day,0
EQ-EXCAVATOR-053,excavator,2015.5,66.88,6.05,146.09,317.42,62.3,62,0,medium,day,0
EQ-CRUSHER-007,crusher,5738.2,105.88,6.62,150.24,589.34,90.21,5,1,medium,night,0
EQ-HAUL-TRUCK-093,haul_truck,4968.5,87.33,6.71,173.41,466.01,74.89,66,1,high,day,1
EQ-CONVEYOR-BELT-106,conveyor_belt,5819.9,64.89,0.2,88.44,175.38,72.24,37,1,low,day,0
EQ-HAUL-TRUCK-144,haul_truck,2314.8,90.55,3.33,147.31,412.39,83.58,15,3,medium,day,0
EQ-EXCAVATOR-077,excavator,3715.6,73.98,9.62,209.0,490.3,99.81,68,0,medium,day,0
EQ-CRUSHER-049,crusher,2674.8,84.8,4.44,176.11,470.84,82.26,6,2,low,day,0
EQ-CRUSHER-129,crusher,7126.9,90.47,8.74,177.23,581.28,97.92,54,3,low,day,1
EQ-CONVEYOR-BELT-038,conveyor_belt,4021.5,53.41,3.41,103.51,197.9,70.97,67,1,medium,night,0
EQ-CRUSHER-103,crusher,3030.3,82.61,6.5,170.76,493.9,88.32,75,1,medium,night,0
EQ-BALL-MILL-142,ball_mill,2604.0,72.7,6.53,156.09,677.63,109.45,5,1,medium,night,1
EQ-DRILL-RIG-001,drill_rig,4231.3,83.87,6.23,246.26,469.85,57.65,9,0,low,night,0
EQ-DRILL-RIG-139,drill_rig,3043.3,74.27,6.67,189.11,474.26,83.54,10,3,low,day,0
EQ-CONVEYOR-BELT-031,conveyor_belt,3204.2,70.88,4.61,107.82,253.82,68.42,51,0,high,day,0
EQ-CONVEYOR-BELT-073,conveyor_belt,3628.1,65.91,3.6,70.63,101.82,59.9,86,4,low,night,0
EQ-CONVEYOR-BELT-039,conveyor_belt,8975.8,71.71,3.74,21.22,146.27,54.99,44,4,high,day,0
EQ-CRUSHER-022,crusher,3937.3,96.89,6.56,164.63,485.72,91.94,23,1,medium,day,0
EQ-EXCAVATOR-106,excavator,2985.1,74.51,4.09,205.7,275.77,91.66,80,0,medium,day,0
EQ-CONVEYOR-BELT-073,conveyor_belt,3932.5,56.72,3.65,119.83,136.18,72.45,83,1,medium,night,0
EQ-HAUL-TRUCK-077,haul_truck,2747.6,82.25,4.86,120.12,423.94,80.64,91,5,high,day,0
EQ-HAUL-TRUCK-073,haul_truck,7091.9,92.92,4.05,181.37,447.16,86.53,15,2,high,day,0
EQ-DRILL-RIG-113,drill_rig,5281.2,74.92,7.81,212.85,529.61,87.66,11,1,medium,day,1
EQ-HAUL-TRUCK-145,haul_truck,2069.6,84.86,5.44,179.25,351.36,84.67,8,2,medium,night,1
EQ-CRUSHER-077,crusher,5259.9,98.53,9.69,181.49,576.58,81.99,11,3,medium,day,1
EQ-CONVEYOR-BELT-024,conveyor_belt,4279.5,63.03,3.55,117.89,189.32,84.05,5,2,low,night,0
EQ-HAUL-TRUCK-050,haul_truck,4840.9,85.8,9.24,188.93,417.38,89.31,61,4,high,day,1
EQ-BALL-MILL-075,ball_mill,6124.0,93.33,6.54,191.85,577.85,97.44,43,0,low,day,0
EQ-HAUL-TRUCK-016,haul_truck,2411.7,74.22,4.76,117.39,490.69,68.23,178,2,medium,day,1
EQ-BALL-MILL-035,ball_mill,3701.8,89.81,4.37,175.07,572.1,91.99,32,2,medium,day,0
EQ-DRILL-RIG-031,drill_rig,4728.0,85.28,5.72,207.02,409.97,75.92,35,1,high,day,0
EQ-EXCAVATOR-146,excavator,5832.5,84.14,6.36,228.56,375.42,62.88,69,4,medium,night,1
EQ-HAUL-TRUCK-061,haul_truck,5098.5,89.18,4.92,154.55,424.92,89.91,24,2,medium,day,0
EQ-EXCAVATOR-132,excavator,3647.4,85.74,5.68,240.93,337.23,70.35,16,1,low,night,0
EQ-CRUSHER-083,crusher,6027.8,82.0,5.69,196.65,523.93,74.02,41,1,low,day,0
EQ-EXCAVATOR-076,excavator,3505.0,77.95,4.75,244.18,360.67,69.73,31,2,low,day,0
EQ-BALL-MILL-141,ball_mill,3229.9,101.18,7.35,125.72,548.67,85.96,40,0,high,night,1
EQ-EXCAVATOR-104,excavator,1422.4,75.38,5.42,254.21,456.59,54.74,92,1,low,night,0
EQ-DRILL-RIG-036,drill_rig,2222.4,85.77,7.0,253.13,297.71,69.35,19,1,high,day,1
EQ-HAUL-TRUCK-043,haul_truck,3523.9,95.5,8.45,149.47,491.29,99.89,19,1,low,day,1
EQ-BALL-MILL-100,ball_mill,2289.2,103.17,5.6,161.91,563.44,82.13,58,1,high,night,1
EQ-EXCAVATOR-001,excavator,1694.9,78.17,6.9,186.19,401.4,72.75,20,2,medium,day,0
EQ-CRUSHER-023,crusher,2472.9,92.3,5.58,213.16,412.29,90.25,158,3,high,night,1
EQ-CONVEYOR-BELT-012,conveyor_belt,7418.9,68.22,4.78,46.88,202.38,78.94,29,1,medium,night,0
EQ-HAUL-TRUCK-108,haul_truck,2032.5,79.53,5.47,137.13,424.79,91.79,43,0,high,day,0
EQ-DRILL-RIG-067,drill_rig,2142.1,84.99,5.75,210.6,300.87,74.63,69,2,medium,night,0
EQ-EXCAVATOR-002,excavator,5696.8,80.13,5.0,242.16,351.25,81.38,36,1,medium,day,0
EQ-CRUSHER-112,crusher,4684.5,103.62,5.61,169.62,590.21,91.18,30,2,high,night,1
EQ-CRUSHER-099,crusher,3721.3,93.08,5.36,198.01,460.41,77.21,64,1,medium,night,0
EQ-CONVEYOR-BELT-108,conveyor_belt,5485.7,64.71,2.34,100.74,104.63,56.35,18,3,low,night,0
EQ-HAUL-TRUCK-025,haul_truck,4004.1,78.79,3.76,162.71,361.65,61.33,42,0,medium,night,0
EQ-HAUL-TRUCK-132,haul_truck,498.2,96.22,2.97,165.89,487.55,96.54,15,0,medium,night,0
EQ-HAUL-TRUCK-028,haul_truck,2877.6,91.41,6.62,152.82,389.46,86.7,60,0,high,day,0
EQ-EXCAVATOR-086,excavator,9728.8,80.41,6.73,173.31,271.27,74.86,29,1,high,day,0
EQ-HAUL-TRUCK-084,haul_truck,4005.9,79.17,3.49,195.2,504.01,89.48,42,0,medium,day,0
EQ-BALL-MILL-033,ball_mill,6329.8,75.21,5.4,141.96,482.43,64.34,73,1,medium,day,0
EQ-CRUSHER-057,crusher,6540.5,79.23,6.49,197.61,534.97,81.59,16,0,low,night,0
EQ-CONVEYOR-BELT-008,conveyor_belt,5050.7,69.13,4.37,92.08,150.02,65.95,47,0,medium,day,0
EQ-EXCAVATOR-071,excavator,3801.7,77.86,5.64,152.45,318.0,71.21,61,2,high,night,0
EQ-EXCAVATOR-102,excavator,2567.7,67.9,5.31,181.64,411.17,69.7,56,1,low,day,0
EQ-CRUSHER-047,crusher,2041.8,97.71,7.51,192.77,528.43,89.68,29,0,medium,day,0
EQ-EXCAVATOR-081,excavator,6445.1,68.94,8.5,211.84,332.97,69.49,10,0,low,day,0
EQ-EXCAVATOR-144,excavator,4559.4,69.46,4.05,218.84,366.36,76.22,75,1,low,night,0
EQ-CRUSHER-036,crusher,4583.8,85.4,6.72,204.28,550.47,64.14,10,1,low,day,0
EQ-CRUSHER-044,crusher,5037.6,80.41,8.67,188.25,558.25,79.5,8,1,low,day,0
EQ-BALL-MILL-018,ball_mill,3262.2,91.39,6.76,171.01,565.94,86.55,33,0,medium,day,0
EQ-EXCAVATOR-082,excavator,5902.7,83.69,6.54,200.73,385.55,89.84,20,0,high,night,1
EQ-CRUSHER-031,crusher,4129.3,92.88,8.17,184.37,555.18,84.77,44,0,low,day,0
EQ-HAUL-TRUCK-129,haul_truck,3427.5,100.23,4.5,115.14,457.35,68.99,58,1,high,night,0
EQ-EXCAVATOR-044,excavator,4615.0,73.55,6.76,207.76,308.48,69.99,28,0,medium,day,0
EQ-CONVEYOR-BELT-100,conveyor_belt,5994.5,61.57,2.83,120.17,179.52,67.37,123,0,low,day,0
EQ-HAUL-TRUCK-029,haul_truck,3362.7,82.28,5.25,168.59,434.91,61.74,17,2,medium,night,1
EQ-CONVEYOR-BELT-049,conveyor_belt,9690.6,53.39,2.91,118.05,200.56,56.48,7,1,low,night,0
EQ-CRUSHER-026,crusher,2003.4,110.65,7.82,197.92,567.64,82.58,33,0,high,night,1
EQ-HAUL-TRUCK-083,haul_truck,4890.3,84.19,6.13,130.26,354.83,94.56,35,0,medium,day,0
EQ-BALL-MILL-005,ball_mill,2725.4,91.18,7.41,149.19,598.89,71.32,50,1,medium,night,0
EQ-CRUSHER-013,crusher,4171.8,90.32,8.11,226.56,543.94,89.13,25,2,low,night,1
EQ-DRILL-RIG-076,drill_rig,5368.4,74.3,5.43,225.69,350.5,85.62,10,1,low,night,1
EQ-CRUSHER-082,crusher,16149.7,88.73,7.97,151.17,541.17,62.35,36,2,medium,day,1
EQ-BALL-MILL-050,ball_mill,1612.0,91.25,4.4,205.11,527.71,76.51,44,1,low,day,1
EQ-EXCAVATOR-065,excavator,2356.8,82.43,5.77,213.5,450.57,65.65,38,1,medium,day,0
EQ-CRUSHER-063,crusher,4985.1,80.15,7.34,188.67,555.77,84.29,45,1,medium,night,1
EQ-DRILL-RIG-114,drill_rig,6057.5,77.61,4.71,234.15,498.96,62.22,41,2,medium,night,0
EQ-EXCAVATOR-067,excavator,3186.1,60.45,4.71,209.38,359.38,64.06,38,0,low,day,0
EQ-EXCAVATOR-128,excavator,2279.5,72.34,5.99,185.63,435.6,94.73,23,2,medium,day,0
EQ-BALL-MILL-033,ball_mill,5063.7,99.28,5.51,126.26,611.17,69.56,21,3,medium,day,1
EQ-CONVEYOR-BELT-030,conveyor_belt,2926.0,48.33,4.97,110.5,122.96,63.84,95,2,high,day,0
EQ-CONVEYOR-BELT-061,conveyor_belt,6914.4,58.42,3.26,82.9,178.95,59.68,16,0,medium,night,0
EQ-CONVEYOR-BELT-013,conveyor_belt,4801.7,57.55,4.19,37.08,211.09,87.55,96,1,medium,day,0
EQ-DRILL-RIG-101,drill_rig,5003.2,85.45,5.13,217.06,454.19,95.57,19,0,low,day,0
EQ-DRILL-RIG-059,drill_rig,6523.5,81.3,3.5,241.39,375.99,55.55,81,1,medium,day,0
EQ-CONVEYOR-BELT-055,conveyor_belt,8675.6,71.51,4.56,99.62,227.17,72.39,60,1,medium,day,0
EQ-EXCAVATOR-081,excavator,2497.3,78.26,3.74,212.77,512.19,94.44,51,2,medium,night,0
EQ-HAUL-TRUCK-013,haul_truck,3484.9,86.36,2.55,161.58,426.74,72.64,1,0,medium,day,0
EQ-CONVEYOR-BELT-057,conveyor_belt,6911.6,76.52,0.2,65.05,126.61,86.45,22,2,high,night,0
EQ-DRILL-RIG-146,drill_rig,4074.9,98.07,8.32,216.6,386.8,68.56,40,0,high,night,0
EQ-CRUSHER-095,crusher,3091.1,82.21,9.51,175.3,557.56,67.83,63,0,medium,night,1
EQ-HAUL-TRUCK-087,haul_truck,3869.4,87.32,3.26,168.82,520.23,68.65,32,2,low,day,0
EQ-EXCAVATOR-076,excavator,8346.7,83.69,4.05,242.53,357.84,73.57,11,2,high,night,0
EQ-CRUSHER-071,crusher,3957.5,76.7,6.77,161.16,635.92,92.28,34,1,medium,night,0
EQ-DRILL-RIG-141,drill_rig,5269.0,85.12,7.51,190.4,398.37,62.67,46,2,high,day,1
EQ-HAUL-TRUCK-140,haul_truck,3442.6,88.59,4.93,188.25,297.2,60.43,29,2,medium,night,0
EQ-CONVEYOR-BELT-062,conveyor_belt,1833.5,73.61,3.82,50.24,133.32,73.2,91,2,high,day,0
EQ-DRILL-RIG-139,drill_rig,5973.5,77.49,5.79,208.47,339.71,76.3,36,1,low,day,0
EQ-BALL-MILL-013,ball_mill,3440.4,86.86,5.41,218.03,476.87,58.01,66,1,medium,day,0
EQ-HAUL-TRUCK-048,haul_truck,6284.6,99.95,2.37,152.83,484.04,58.57,22,0,medium,night,0
EQ-BALL-MILL-046,ball_mill,5162.7,81.51,4.52,221.22,602.82,72.48,55,1,low,day,0
EQ-CONVEYOR-BELT-105,conveyor_belt,4604.1,61.57,3.65,153.65,173.73,85.96,19,1,low,day,0
EQ-DRILL-RIG-091,drill_rig,7146.5,67.81,6.08,189.21,370.37,70.49,56,0,low,day,0
EQ-HAUL-TRUCK-071,haul_truck,3446.4,91.61,5.9,162.81,298.63,78.01,29,0,low,day,0
EQ-CRUSHER-039,crusher,5911.6,86.82,6.67,196.52,592.34,80.64,12,1,high,day,1
EQ-CONVEYOR-BELT-077,conveyor_belt,3973.7,57.26,0.88,74.22,75.69,54.91,25,2,high,night,0
EQ-EXCAVATOR-041,excavator,3320.5,81.54,6.5,205.82,346.22,75.34,17,0,high,day,0
EQ-CRUSHER-075,crusher,4937.2,88.97,6.12,177.76,520.61,73.33,27,2,high,night,1
EQ-CONVEYOR-BELT-051,conveyor_belt,3133.6,65.04,2.91,101.64,216.66,84.26,12,1,high,night,0
EQ-CONVEYOR-BELT-134,conveyor_belt,3515.7,80.52,3.65,109.17,176.01,69.1,10,2,high,night,0
EQ-HAUL-TRUCK-112,haul_truck,4307.4,94.49,3.26,109.63,489.19,88.2,16,0,low,night,1
EQ-CRUSHER-027,crusher,6971.7,84.14,6.13,174.28,597.31,69.93,6,0,medium,day,0
EQ-HAUL-TRUCK-142,haul_truck,7306.8,83.87,4.59,184.55,352.88,81.34,72,1,high,night,0
EQ-BALL-MILL-099,ball_mill,2322.3,85.36,8.16,154.11,617.1,82.87,34,0,medium,day,1
EQ-BALL-MILL-053,ball_mill,3248.8,76.47,7.26,154.45,523.23,53.01,37,1,medium,day,0
EQ-EXCAVATOR-080,excavator,5455.6,84.84,4.44,180.31,365.99,71.3,27,3,medium,day,0
EQ-HAUL-TRUCK-030,haul_truck,3038.6,87.77,4.2,172.33,443.63,76.43,14,0,medium,night,0
EQ-HAUL-TRUCK-008,haul_truck,3214.9,97.29,6.32,162.86,529.54,93.02,46,0,medium,night,0
EQ-CRUSHER-064,crusher,3898.8,88.14,5.97,192.11,514.61,90.58,42,2,medium,day,1
EQ-DRILL-RIG-118,drill_rig,5336.9,76.15,6.6,233.12,328.33,90.44,15,2,medium,night,0
EQ-CRUSHER-053,crusher,4553.5,89.55,5.9,202.28,535.52,83.79,57,1,medium,day,0
EQ-HAUL-TRUCK-058,haul_truck,7352.3,81.22,4.5,162.95,400.47,94.57,12,1,medium,day,1
EQ-HAUL-TRUCK-149,haul_truck,4287.8,81.28,5.75,144.91,531.86,67.69,36,0,medium,day,0
EQ-EXCAVATOR-149,excavator,4588.2,89.9,3.54,248.3,268.25,61.78,63,0,medium,night,0
EQ-DRILL-RIG-070,drill_rig,3970.1,74.61,7.03,227.14,417.66,73.63,80,1,medium,day,0
EQ-CONVEYOR-BELT-007,conveyor_belt,4834.9,57.05,1.81,99.67,195.93,68.87,29,3,medium,day,0
EQ-CONVEYOR-BELT-102,conveyor_belt,3338.3,70.9,3.76,27.24,211.15,81.4,18,1,high,day,1
EQ-EXCAVATOR-108,excavator,4950.3,82.7,5.8,211.65,380.02,73.77,9,0,medium,night,0
EQ-BALL-MILL-138,ball_mill,3000.9,107.88,6.28,184.76,569.06,82.29,26,2,high,night,1
EQ-EXCAVATOR-143,excavator,6708.0,81.87,4.3,204.32,331.69,57.88,25,1,high,day,0
EQ-DRILL-RIG-095,drill_rig,4086.6,87.23,7.66,223.87,438.13,79.47,66,3,high,night,1
EQ-BALL-MILL-017,ball_mill,7966.0,104.09,6.78,197.78,632.66,102.69,36,0,high,night,1
EQ-CRUSHER-038,crusher,6654.3,82.3,7.38,160.91,581.5,90.14,12,2,medium,day,1
EQ-BALL-MILL-108,ball_mill,4647.8,86.34,8.81,149.85,618.56,76.75,57,0,medium,day,1
EQ-EXCAVATOR-092,excavator,5558.9,83.26,5.82,245.18,338.2,65.15,64,0,medium,night,0
EQ-CONVEYOR-BELT-066,conveyor_belt,4997.7,61.9,2.09,122.88,286.12,69.48,39,1,low,day,0
EQ-HAUL-TRUCK-061,haul_truck,2347.3,88.46,6.59,149.32,379.02,80.12,58,0,low,day,0
EQ-CRUSHER-107,crusher,4559.1,88.63,7.18,189.55,517.44,80.81,33,2,low,night,1
EQ-HAUL-TRUCK-064,haul_truck,4449.9,88.78,4.91,143.37,458.88,79.41,54,1,medium,night,1
EQ-HAUL-TRUCK-024,haul_truck,3954.7,83.37,5.22,139.95,371.6,74.56,22,2,low,night,0
EQ-HAUL-TRUCK-147,haul_truck,5178.5,87.41,4.05,163.54,515.49,83.15,82,0,medium,night,1
EQ-EXCAVATOR-053,excavator,4608.7,75.29,7.82,191.95,416.47,68.57,13,1,low,day,0
EQ-CONVEYOR-BELT-042,conveyor_belt,4753.4,61.08,2.26,89.0,231.34,75.63,147,2,low,night,0
EQ-CRUSHER-011,crusher,7780.6,94.34,6.45,215.91,543.78,62.82,106,1,medium,day,0
EQ-EXCAVATOR-071,excavator,4301.0,90.89,5.33,216.67,404.13,85.8,84,1,high,night,0
EQ-BALL-MILL-148,ball_mill,5956.8,89.53,5.66,158.65,551.12,91.05,18,3,medium,day,0
EQ-BALL-MILL-024,ball_mill,4071.1,83.67,5.17,204.13,567.68,73.28,26,0,high,day,0
EQ-HAUL-TRUCK-037,haul_truck,7848.6,69.25,3.68,190.75,565.81,94.4,23,0,low,day,0
EQ-CRUSHER-027,crusher,5459.2,98.55,6.64,188.55,572.77,99.14,19,0,medium,night,1
EQ-CONVEYOR-BELT-015,conveyor_belt,4652.2,60.55,2.19,99.87,190.36,60.22,22,2,low,day,0
EQ-CONVEYOR-BELT-091,conveyor_belt,3156.4,71.99,4.68,73.91,215.15,91.24,48,1,medium,night,0
EQ-EXCAVATOR-045,excavator,7927.0,75.7,4.69,171.68,387.53,74.72,27,1,low,day,0
EQ-CONVEYOR-BELT-113,conveyor_belt,6454.3,50.66,4.98,70.04,252.33,61.36,14,1,low,day,0
EQ-HAUL-TRUCK-061,haul_truck,3046.0,83.16,2.74,149.35,368.47,55.78,7,0,medium,night,0
EQ-EXCAVATOR-096,excavator,2027.9,76.66,3.63,193.71,365.62,63.25,60,3,medium,day,0
EQ-CONVEYOR-BELT-014,conveyor_belt,3721.9,64.9,3.81,71.24,140.0,58.36,38,0,low,night,0
EQ-CONVEYOR-BELT-050,conveyor_belt,2720.6,53.84,2.29,72.39,192.07,60.43,34,0,high,night,0
EQ-DRILL-RIG-063,drill_rig,3904.0,71.79,7.03,241.32,357.7,74.67,3,4,medium,night,0
EQ-HAUL-TRUCK-009,haul_truck,5795.2,78.05,5.13,162.56,527.52,80.58,15,0,medium,day,0
EQ-HAUL-TRUCK-063,haul_truck,6435.3,96.73,4.16,155.74,454.81,79.64,35,3,medium,night,0
EQ-HAUL-TRUCK-071,haul_truck,1929.7,84.25,5.48,155.46,414.81,75.31,46,2,medium,night,0
EQ-HAUL-TRUCK-061,haul_truck,2276.4,89.09,4.68,153.37,394.41,86.45,2,1,high,night,1
EQ-HAUL-TRUCK-076,haul_truck,2680.6,93.21,4.18,194.4,388.24,75.06,34,1,medium,night,0
EQ-CRUSHER-120,crusher,4527.8,91.19,9.46,182.56,460.1,89.6,40,2,low,day,1
EQ-CRUSHER-116,crusher,6626.9,98.99,9.85,180.89,489.86,93.92,16,0,low,night,1
EQ-CONVEYOR-BELT-003,conveyor_belt,4080.4,61.98,3.67,76.5,134.32,56.49,70,0,medium,day,0
EQ-CRUSHER-097,crusher,1902.8,81.04,8.21,140.68,553.15,66.59,12,1,medium,night,0
EQ-HAUL-TRUCK-136,haul_truck,4769.6,96.37,4.52,157.63,469.98,69.99,41,1,medium,night,0
EQ-CONVEYOR-BELT-131,conveyor_belt,3430.5,72.81,3.92,116.84,151.27,50.12,24,0,high,night,0
EQ-HAUL-TRUCK-049,haul_truck,3455.5,85.87,2.12,179.67,412.62,86.76,49,3,medium,day,0
EQ-DRILL-RIG-118,drill_rig,4509.2,83.13,4.64,242.75,282.45,72.59,33,5,medium,night,0
EQ-HAUL-TRUCK-121,haul_truck,5271.4,76.04,5.97,158.78,444.75,64.07,66,3,low,day,0
EQ-CRUSHER-055,crusher,6310.1,69.19,8.44,144.19,541.03,110.0,14,0,medium,day,1
EQ-BALL-MILL-131,ball_mill,6708.2,84.87,8.13,184.5,620.06,110.0,24,2,medium,night,1
EQ-CONVEYOR-BELT-095,conveyor_belt,5948.8,72.18,3.08,80.47,210.09,71.06,50,0,high,day,0
EQ-CONVEYOR-BELT-113,conveyor_belt,5659.4,66.85,1.64,101.81,202.54,56.73,37,0,medium,day,0
EQ-CONVEYOR-BELT-113,conveyor_belt,2215.5,62.19,5.53,77.04,106.18,62.44,50,1,low,night,0
EQ-HAUL-TRUCK-118,haul_truck,5465.3,84.66,4.3,197.8,402.65,70.3,56,2,high,night,0
EQ-CONVEYOR-BELT-144,conveyor_belt,3938.5,72.4,2.36,98.83,139.7,46.75,55,2,high,night,0
EQ-BALL-MILL-129,ball_mill,6665.0,93.64,5.5,166.17,597.91,85.67,40,4,low,night,0
EQ-BALL-MILL-064,ball_mill,3327.7,95.18,7.07,164.56,564.94,81.03,56,2,high,night,1
EQ-CRUSHER-085,crusher,3800.3,93.74,9.83,206.13,560.43,92.74,31,2,medium,day,1
EQ-EXCAVATOR-098,excavator,3134.5,84.47,4.38,177.71,417.24,86.04,48,2,high,day,1
EQ-DRILL-RIG-129,drill_rig,3388.6,83.78,5.77,207.9,388.56,78.23,13,0,medium,night,0
EQ-CRUSHER-059,crusher,7269.9,100.39,8.46,228.63,568.63,110.0,38,1,low,night,1
EQ-EXCAVATOR-047,excavator,3199.3,76.33,4.68,206.19,351.8,72.62,39,5,high,day,0
EQ-HAUL-TRUCK-111,haul_truck,4342.5,86.06,4.22,188.34,503.81,68.72,88,2,medium,day,0
EQ-HAUL-TRUCK-144,haul_truck,3328.0,90.76,7.5,177.58,439.09,96.67,28,2,high,night,0
EQ-CRUSHER-137,crusher,4339.3,78.92,5.65,220.17,567.2,84.57,10,0,low,night,0
EQ-HAUL-TRUCK-023,haul_truck,4771.2,79.84,4.52,175.75,349.68,79.62,10,0,medium,night,0
EQ-HAUL-TRUCK-138,haul_truck,5433.4,71.07,5.49,173.85,334.81,62.78,88,5,medium,night,0
EQ-HAUL-TRUCK-119,haul_truck,4160.7,74.15,2.23,149.33,468.79,80.79,77,0,medium,night,1
EQ-BALL-MILL-024,ball_mill,7567.4,91.95,5.59,208.62,609.42,71.79,43,1,medium,night,0
EQ-HAUL-TRUCK-001,haul_truck,2013.7,75.7,3.82,165.42,407.85,65.6,8,2,medium,day,0
EQ-HAUL-TRUCK-031,haul_truck,3144.3,83.96,6.61,211.52,444.19,81.13,43,2,medium,night,1
EQ-CRUSHER-140,crusher,3082.9,89.73,6.25,227.09,545.09,87.88,46,0,medium,night,0
EQ-EXCAVATOR-114,excavator,2765.5,90.26,3.0,221.39,260.46,63.07,34,1,medium,night,0
EQ-BALL-MILL-087,ball_mill,5249.9,87.12,6.1,163.81,502.95,79.54,43,1,medium,day,0
EQ-BALL-MILL-095,ball_mill,3095.4,94.57,6.64,151.25,567.61,79.85,25,1,medium,night,0
EQ-CRUSHER-062,crusher,996.4,91.27,7.77,178.15,500.77,88.65,8,1,high,night,0
EQ-CRUSHER-136,crusher,4574.5,101.85,8.23,182.02,427.18,69.51,60,1,medium,day,0
EQ-EXCAVATOR-024,excavator,7652.5,68.96,6.75,205.96,336.58,80.86,42,1,medium,night,0
EQ-HAUL-TRUCK-048,haul_truck,1208.8,81.27,5.89,169.54,442.55,63.27,77,2,low,night,1
EQ-EXCAVATOR-031,excavator,5136.1,70.27,4.88,222.0,355.86,75.81,54,0,low,night,0
EQ-HAUL-TRUCK-128,haul_truck,6168.4,73.86,5.58,146.82,335.42,61.15,18,2,medium,night,0
EQ-HAUL-TRUCK-082,haul_truck,3270.1,82.29,3.95,127.83,416.55,85.85,6,1,medium,day,0
EQ-CONVEYOR-BELT-103,conveyor_belt,4825.4,81.0,3.43,89.1,163.63,87.39,45,0,high,night,0
EQ-HAUL-TRUCK-138,haul_truck,525.2,98.67,5.14,149.39,398.29,71.09,34,0,high,day,0
EQ-HAUL-TRUCK-030,haul_truck,4412.6,87.99,4.64,134.57,474.04,91.84,36,1,medium,night,0
EQ-CRUSHER-145,crusher,5387.8,95.0,9.51,158.76,595.18,88.61,42,0,medium,night,1
EQ-CRUSHER-019,crusher,3420.7,90.26,9.44,161.9,533.34,86.57,5,2,medium,night,0
EQ-HAUL-TRUCK-114,haul_truck,3474.0,99.51,4.99,168.07,337.92,53.72,30,0,medium,night,0
EQ-HAUL-TRUCK-106,haul_truck,4880.4,85.53,6.29,129.92,424.35,84.36,18,1,medium,night,0
EQ-HAUL-TRUCK-124,haul_truck,4165.9,83.82,5.12,126.91,395.82,72.59,38,1,medium,day,0
EQ-EXCAVATOR-024,excavator,6502.1,85.68,5.6,209.85,353.7,49.48,19,1,medium,day,0
EQ-DRILL-RIG-144,drill_rig,4317.2,74.51,5.35,236.91,423.16,61.62,25,1,high,day,0
EQ-BALL-MILL-120,ball_mill,4959.5,75.85,4.53,175.71,579.88,78.48,24,2,medium,night,1
EQ-CRUSHER-017,crusher,3508.0,97.32,8.88,201.86,462.79,85.04,25,0,low,night,1
EQ-CRUSHER-084,crusher,3501.7,92.73,8.99,169.77,547.57,82.05,57,1,medium,night,1
EQ-CONVEYOR-BELT-123,conveyor_belt,5720.1,70.69,2.47,76.39,172.68,75.66,24,0,high,day,0
EQ-CONVEYOR-BELT-072,conveyor_belt,6001.5,47.39,5.19,59.08,137.33,47.1,61,0,low,night,0
EQ-HAUL-TRUCK-058,haul_truck,2178.7,88.98,6.56,164.24,367.86,86.08,4,2,high,day,0
EQ-HAUL-TRUCK-042,haul_truck,3825.7,101.25,6.41,126.47,398.5,73.37,19,1,high,night,0
EQ-CRUSHER-078,crusher,4981.9,85.98,7.12,173.14,555.97,83.33,5,0,medium,night,1
EQ-CONVEYOR-BELT-148,conveyor_belt,1298.0,67.95,5.0,98.43,191.72,68.06,52,3,medium,night,0
EQ-HAUL-TRUCK-092,haul_truck,3801.3,94.51,3.4,164.34,473.3,84.72,32,1,low,night,0
EQ-EXCAVATOR-109,excavator,9189.1,87.42,5.89,187.58,394.42,75.74,28,0,low,day,0
EQ-EXCAVATOR-117,excavator,2800.8,91.93,5.82,230.83,426.43,66.44,21,2,medium,day,0
EQ-EXCAVATOR-117,excavator,2749.1,78.74,4.79,224.27,352.61,64.92,58,3,high,night,0
EQ-CRUSHER-061,crusher,4051.6,102.47,7.38,178.27,555.76,101.26,39,2,high,night,1
EQ-CONVEYOR-BELT-116,conveyor_belt,4189.9,69.7,3.68,68.26,173.54,67.91,21,1,low,day,0
EQ-CRUSHER-050,crusher,3617.2,79.2,6.89,205.13,523.9,79.19,110,0,medium,day,1
EQ-HAUL-TRUCK-088,haul_truck,6059.4,90.81,2.18,195.05,366.59,74.95,25,0,medium,night,0
EQ-HAUL-TRUCK-046,haul_truck,1699.4,86.99,6.4,168.78,358.14,79.07,8,0,medium,day,0
EQ-DRILL-RIG-141,drill_rig,2702.4,79.39,1.13,206.41,307.94,65.54,66,1,medium,day,0
EQ-CRUSHER-110,crusher,3811.6,91.13,7.66,185.33,591.22,81.42,22,2,high,day,1
EQ-HAUL-TRUCK-088,haul_truck,6626.1,79.49,5.32,175.44,447.18,92.43,16,2,medium,night,0
EQ-EXCAVATOR-068,excavator,3164.7,75.42,6.44,224.79,505.47,70.49,50,1,low,day,0
EQ-DRILL-RIG-079,drill_rig,2573.2,74.96,6.18,194.44,322.93,63.84,42,0,medium,day,0
EQ-DRILL-RIG-117,drill_rig,1459.0,80.29,2.71,255.75,405.03,79.45,21,1,low,day,0
EQ-DRILL-RIG-042,drill_rig,2438.7,81.36,8.42,226.98,409.8,77.61,20,0,high,day,0
EQ-CONVEYOR-BELT-125,conveyor_belt,1536.1,69.74,4.6,100.87,123.97,68.29,56,3,high,night,0
EQ-CRUSHER-043,crusher,3065.1,85.64,8.83,172.06,557.91,91.28,35,2,low,day,1
EQ-CRUSHER-022,crusher,5204.6,106.95,12.19,185.4,466.68,88.45,56,2,medium,day,1
EQ-HAUL-TRUCK-111,haul_truck,4806.1,79.11,6.93,173.07,399.42,78.63,30,2,high,night,1
EQ-CONVEYOR-BELT-107,conveyor_belt,5320.7,60.53,3.08,55.28,231.41,73.99,14,0,medium,night,0
EQ-CONVEYOR-BELT-051,conveyor_belt,2244.7,72.74,4.35,74.19,54.67,53.35,42,0,medium,day,0
EQ-HAUL-TRUCK-098,haul_truck,1887.6,83.87,5.3,117.66,317.4,71.11,46,1,high,day,1
EQ-BALL-MILL-110,ball_mill,4692.2,89.67,8.63,184.91,501.46,65.92,27,0,low,night,1
EQ-EXCAVATOR-119,excavator,5839.6,81.76,6.28,196.28,393.27,53.86,30,0,medium,night,0
EQ-HAUL-TRUCK-143,haul_truck,4051.3,94.22,6.99,111.39,308.39,67.49,16,1,low,night,0
EQ-EXCAVATOR-129,excavator,4852.6,81.16,5.57,174.73,324.17,71.36,9,2,medium,day,0
EQ-DRILL-RIG-066,drill_rig,3928.4,93.98,4.19,240.98,437.29,78.44,51,0,high,night,1
EQ-BALL-MILL-035,ball_mill,3262.9,101.09,7.17,147.83,479.94,72.89,13,3,medium,day,0
EQ-CRUSHER-015,crusher,3514.4,78.78,7.12,204.76,550.69,88.02,41,0,medium,day,1
EQ-BALL-MILL-087,ball_mill,5796.0,93.34,6.26,174.03,654.49,91.28,59,0,low,night,0
EQ-DRILL-RIG-100,drill_rig,3898.3,71.03,6.1,203.26,483.94,76.43,47,1,high,night,1
EQ-DRILL-RIG-104,drill_rig,5768.5,89.81,8.1,237.72,364.76,80.55,53,0,medium,day,1
EQ-DRILL-RIG-002,drill_rig,4325.1,70.41,4.77,224.62,329.47,71.36,70,2,medium,day,0
EQ-CRUSHER-106,crusher,3040.8,82.06,6.72,171.69,590.98,83.02,7,2,low,night,1
EQ-DRILL-RIG-119,drill_rig,4984.2,86.62,6.55,228.51,371.98,74.48,46,2,medium,day,1
EQ-CONVEYOR-BELT-109,conveyor_belt,3960.4,63.21,3.0,41.8,174.53,59.22,36,1,medium,day,0
EQ-CONVEYOR-BELT-079,conveyor_belt,6368.0,55.24,3.45,67.4,174.8,64.34,36,1,medium,day,0
EQ-HAUL-TRUCK-003,haul_truck,2740.2,96.5,6.11,169.64,499.75,83.37,47,2,medium,day,0
EQ-CONVEYOR-BELT-074,conveyor_belt,1549.2,65.48,2.42,79.53,195.49,75.74,11,2,medium,night,0
EQ-BALL-MILL-097,ball_mill,5216.0,77.53,5.09,168.84,544.76,73.18,77,0,medium,day,0
EQ-EXCAVATOR-086,excavator,6966.2,87.02,3.65,210.75,367.31,76.96,43,1,medium,night,0
EQ-BALL-MILL-087,ball_mill,5833.9,94.81,4.46,179.48,576.7,101.15,6,0,high,night,1
EQ-EXCAVATOR-078,excavator,7224.6,79.17,6.88,230.54,322.79,64.83,49,2,low,day,0
EQ-HAUL-TRUCK-083,haul_truck,7915.7,72.24,5.72,174.9,419.47,90.36,7,2,low,night,0
EQ-HAUL-TRUCK-049,haul_truck,3715.4,91.45,4.52,170.16,498.72,85.36,59,0,low,day,0
EQ-DRILL-RIG-091,drill_rig,2489.2,70.94,4.81,265.75,351.16,80.28,58,2,low,night,0
EQ-CONVEYOR-BELT-043,conveyor_belt,992.0,71.86,0.42,118.96,245.8,66.06,13,3,medium,night,0
EQ-EXCAVATOR-074,excavator,1623.9,95.67,4.43,200.19,398.79,70.74,8,0,low,night,0
EQ-CONVEYOR-BELT-063,conveyor_belt,5112.4,62.17,2.26,121.39,196.42,72.27,45,2,low,day,0
EQ-EXCAVATOR-108,excavator,1684.4,87.39,6.68,195.35,400.89,74.45,7,1,medium,night,0
EQ-CRUSHER-135,crusher,4528.8,97.42,8.33,163.46,440.38,71.71,27,1,medium,night,0
EQ-DRILL-RIG-095,drill_rig,5269.2,84.01,5.7,188.61,336.22,67.87,84,3,medium,day,0
EQ-CONVEYOR-BELT-021,conveyor_belt,4125.8,59.62,2.98,112.12,248.77,56.22,29,1,medium,day,0
EQ-DRILL-RIG-101,drill_rig,3481.5,90.52,5.29,242.12,405.88,81.43,57,1,high,day,0
EQ-CONVEYOR-BELT-049,conveyor_belt,2671.5,66.25,2.06,102.44,243.83,61.9,73,2,low,day,0
EQ-BALL-MILL-008,ball_mill,7446.7,85.02,8.49,196.18,631.42,100.67,66,1,medium,day,0
EQ-EXCAVATOR-029,excavator,1092.0,88.03,6.01,217.17,417.25,79.14,37,3,medium,night,0
EQ-EXCAVATOR-150,excavator,2666.3,76.43,4.14,172.25,272.84,80.76,17,1,high,night,0
EQ-HAUL-TRUCK-065,haul_truck,3492.0,94.79,4.55,166.51,509.61,97.17,73,1,low,day,0
EQ-CONVEYOR-BELT-031,conveyor_belt,3303.1,73.13,6.82,93.76,164.22,77.79,3,2,high,night,0
EQ-CONVEYOR-BELT-021,conveyor_belt,5419.6,58.91,4.58,76.12,194.15,75.92,10,0,medium,night,0
EQ-CONVEYOR-BELT-098,conveyor_belt,4321.5,61.52,3.76,84.54,163.16,73.27,36,0,medium,day,0
EQ-EXCAVATOR-115,excavator,2135.5,85.93,5.67,167.64,311.92,67.17,82,2,medium,night,0
EQ-HAUL-TRUCK-053,haul_truck,5674.0,94.24,2.51,144.84,533.41,81.25,71,0,medium,night,0
EQ-CONVEYOR-BELT-016,conveyor_belt,2664.1,57.88,3.5,74.59,269.44,78.61,28,1,low,night,0
EQ-BALL-MILL-054,ball_mill,4564.4,101.53,6.66,176.25,525.53,69.91,59,1,high,day,0
EQ-EXCAVATOR-100,excavator,7153.3,89.13,4.54,226.17,308.38,70.97,32,2,high,day,0
EQ-HAUL-TRUCK-018,haul_truck,2967.3,80.33,5.71,168.64,437.14,71.82,24,1,low,night,0
EQ-EXCAVATOR-041,excavator,3045.1,82.7,4.23,213.15,338.0,57.05,46,1,low,day,0
EQ-CRUSHER-001,crusher,3716.3,84.33,6.8,164.74,550.53,70.59,28,3,medium,day,1
EQ-EXCAVATOR-071,excavator,3778.4,69.27,7.07,219.13,296.9,66.78,44,1,high,day,0
EQ-EXCAVATOR-026,excavator,4397.4,72.82,3.82,212.63,364.91,88.47,62,1,medium,day,0
EQ-CONVEYOR-BELT-030,conveyor_belt,5023.0,65.35,3.72,113.23,223.83,76.42,51,3,medium,day,0
EQ-EXCAVATOR-017,excavator,2591.1,72.4,5.23,178.0,276.75,63.16,13,0,low,night,0
EQ-CRUSHER-110,crusher,3963.8,95.25,9.52,228.39,541.31,87.15,20,0,high,day,0
EQ-HAUL-TRUCK-074,haul_truck,2389.9,89.25,4.05,179.41,432.21,93.01,83,1,low,night,0
EQ-BALL-MILL-143,ball_mill,5317.9,89.89,3.48,188.62,521.82,69.81,59,0,medium,night,0
EQ-CRUSHER-060,crusher,6246.3,92.42,9.55,168.49,443.79,77.68,37,2,high,night,0
EQ-EXCAVATOR-034,excavator,3291.1,76.99,6.87,193.95,404.18,86.87,25,1,medium,day,0
EQ-HAUL-TRUCK-031,haul_truck,4228.2,73.21,4.29,149.27,440.54,63.19,58,1,medium,day,0
EQ-CONVEYOR-BELT-143,conveyor_belt,6975.9,80.26,4.7,80.47,108.7,64.31,22,1,high,night,0
EQ-DRILL-RIG-089,drill_rig,4690.6,77.45,7.29,255.59,392.22,88.78,45,0,low,night,0
EQ-HAUL-TRUCK-049,haul_truck,2397.0,72.19,4.73,142.12,298.44,69.13,30,0,low,day,0
EQ-HAUL-TRUCK-099,haul_truck,1828.5,101.01,4.18,129.93,489.0,78.86,38,1,low,night,1
EQ-HAUL-TRUCK-084,haul_truck,2778.1,82.32,4.99,130.96,512.63,66.74,27,0,medium,night,0
EQ-CONVEYOR-BELT-018,conveyor_belt,3582.9,74.13,3.34,114.28,241.26,76.14,53,2,medium,day,0
EQ-BALL-MILL-106,ball_mill,5596.3,104.65,7.08,154.03,525.14,57.99,4,3,medium,night,0
EQ-CRUSHER-018,crusher,3437.4,86.35,10.36,185.4,595.12,87.02,12,2,medium,night,1
EQ-EXCAVATOR-030,excavator,2310.2,80.61,5.18,202.48,442.12,61.6,28,0,high,night,0
EQ-DRILL-RIG-107,drill_rig,3524.7,84.47,6.66,240.94,467.35,78.26,35,0,medium,day,1
EQ-CONVEYOR-BELT-067,conveyor_belt,3617.3,62.38,2.41,59.02,189.2,71.38,76,0,low,day,1
EQ-EXCAVATOR-034,excavator,2833.5,99.91,4.22,221.0,426.22,81.69,61,2,medium,day,1
EQ-HAUL-TRUCK-011,haul_truck,3449.1,79.03,1.62,150.46,383.12,83.94,9,1,high,day,0
EQ-EXCAVATOR-090,excavator,4252.0,74.8,6.13,199.15,430.4,76.59,38,0,medium,day,0
EQ-DRILL-RIG-105,drill_rig,1709.8,80.26,7.15,253.18,367.0,92.0,34,0,high,night,0
EQ-CONVEYOR-BELT-031,conveyor_belt,3621.5,56.03,2.52,123.37,223.52,67.12,7,0,high,day,0
EQ-CONVEYOR-BELT-063,conveyor_belt,9941.4,67.3,1.49,73.46,101.29,65.75,45,1,high,day,0
EQ-DRILL-RIG-052,drill_rig,4618.8,93.25,6.26,212.45,393.49,74.88,39,2,high,night,0
EQ-EXCAVATOR-134,excavator,5634.0,78.59,4.9,220.12,518.34,92.23,62,2,medium,day,1
EQ-EXCAVATOR-119,excavator,6951.4,85.69,4.32,192.12,357.15,47.2,36,0,high,day,0
EQ-HAUL-TRUCK-042,haul_truck,7523.4,83.02,4.89,163.81,412.34,73.25,18,2,medium,night,0
EQ-DRILL-RIG-078,drill_rig,3075.4,76.12,5.46,229.28,343.85,88.17,36,2,medium,night,0
EQ-CONVEYOR-BELT-139,conveyor_belt,1782.0,60.4,2.19,80.14,199.84,81.64,12,1,low,day,0
EQ-EXCAVATOR-052,excavator,6044.3,83.56,2.25,242.63,377.03,65.19,28,1,high,night,0
EQ-HAUL-TRUCK-022,haul_truck,3604.9,98.58,6.08,190.73,466.04,89.64,16,1,medium,night,1
EQ-CONVEYOR-BELT-045,conveyor_belt,3688.3,61.55,4.51,95.55,220.26,78.19,74,1,high,night,0
EQ-CONVEYOR-BELT-092,conveyor_belt,4994.2,75.4,4.17,59.19,138.79,64.86,31,1,high,night,0
EQ-CONVEYOR-BELT-149,conveyor_belt,3994.6,70.63,4.23,89.39,190.95,62.57,16,1,medium,day,0
EQ-HAUL-TRUCK-047,haul_truck,4425.8,92.17,2.55,146.82,426.65,83.38,87,1,medium,day,1
EQ-BALL-MILL-009,ball_mill,4587.0,102.74,7.71,172.42,623.14,109.92,33,3,low,night,1
EQ-DRILL-RIG-028,drill_rig,6079.7,75.11,6.81,248.54,399.67,67.19,19,1,medium,day,0
EQ-CONVEYOR-BELT-062,conveyor_belt,4794.7,64.36,1.51,79.67,140.12,64.21,25,2,medium,day,0
EQ-CONVEYOR-BELT-015,conveyor_belt,2364.6,62.68,4.8,115.96,208.17,78.25,55,4,medium,day,0
EQ-BALL-MILL-006,ball_mill,2341.7,91.34,9.49,147.46,653.04,80.7,46,0,medium,day,1
EQ-BALL-MILL-099,ball_mill,2949.7,89.25,10.37,144.87,598.69,78.99,38,1,medium,day,1
EQ-CONVEYOR-BELT-124,conveyor_belt,4678.1,57.4,2.46,75.58,202.21,59.16,11,1,medium,day,0
EQ-CRUSHER-035,crusher,2459.3,90.31,8.33,143.45,496.61,84.61,83,2,low,night,1
EQ-EXCAVATOR-079,excavator,2458.3,89.84,6.99,212.85,310.6,92.31,60,0,low,day,0
EQ-DRILL-RIG-086,drill_rig,4531.6,85.83,6.68,216.87,424.81,79.57,114,0,high,night,1
EQ-CONVEYOR-BELT-101,conveyor_belt,3067.0,66.41,2.65,120.7,197.4,68.83,31,0,medium,day,0
EQ-HAUL-TRUCK-147,haul_truck,7258.9,77.37,4.33,133.32,473.47,98.84,33,0,low,day,0
EQ-HAUL-TRUCK-133,haul_truck,3142.0,85.06,6.55,165.71,351.25,58.59,4,2,medium,night,0
EQ-BALL-MILL-048,ball_mill,5395.5,97.49,7.41,187.16,536.77,81.31,28,1,medium,day,0
EQ-BALL-MILL-147,ball_mill,3737.7,86.12,9.34,168.09,668.52,87.69,8,1,high,day,1
EQ-BALL-MILL-006,ball_mill,2228.7,92.24,7.36,182.47,529.13,62.64,26,0,medium,night,1
EQ-CRUSHER-145,crusher,3096.0,94.14,10.17,235.92,572.9,100.25,68,0,medium,day,1
EQ-DRILL-RIG-022,drill_rig,3854.1,86.54,4.55,197.71,523.36,82.32,45,0,medium,day,0
EQ-DRILL-RIG-018,drill_rig,3121.5,80.34,7.55,281.67,481.01,86.98,72,1,high,night,0
EQ-EXCAVATOR-018,excavator,6901.3,81.92,6.19,218.49,424.93,75.08,57,0,medium,day,0
EQ-HAUL-TRUCK-019,haul_truck,2605.2,89.02,4.9,148.06,412.74,83.2,28,1,medium,night,1
EQ-BALL-MILL-070,ball_mill,3292.0,84.18,7.28,164.63,688.07,88.34,13,3,low,day,0
EQ-HAUL-TRUCK-097,haul_truck,4769.5,88.79,3.95,187.05,599.65,79.45,59,1,medium,day,1
EQ-CONVEYOR-BELT-112,conveyor_belt,8229.7,71.94,2.01,92.5,117.34,77.1,31,2,high,day,0
EQ-CONVEYOR-BELT-003,conveyor_belt,5068.2,67.62,1.35,72.23,269.38,74.69,66,3,low,night,0
EQ-CONVEYOR-BELT-045,conveyor_belt,4639.3,65.37,1.9,95.86,238.09,75.13,40,1,medium,day,0
EQ-EXCAVATOR-020,excavator,5711.8,78.04,6.32,220.79,354.09,79.99,45,1,medium,night,0
EQ-CONVEYOR-BELT-022,conveyor_belt,6383.2,80.91,1.66,93.14,163.61,53.52,56,1,high,night,0
EQ-HAUL-TRUCK-112,haul_truck,6965.1,87.13,6.04,175.83,445.92,79.34,77,1,low,night,1
EQ-DRILL-RIG-097,drill_rig,5063.2,82.64,7.3,244.58,324.24,81.75,30,2,high,day,0
EQ-HAUL-TRUCK-032,haul_truck,6355.4,76.95,3.25,172.53,284.7,73.41,31,1,low,night,0
EQ-CONVEYOR-BELT-046,conveyor_belt,4361.2,71.4,2.62,66.47,292.22,74.35,54,2,high,night,0
EQ-DRILL-RIG-139,drill_rig,2646.7,81.55,7.86,246.44,467.69,93.28,19,0,high,day,0
EQ-HAUL-TRUCK-087,haul_truck,4502.8,86.98,3.52,129.23,412.16,81.59,52,0,high,night,0
EQ-EXCAVATOR-036,excavator,7544.5,79.29,3.82,154.73,371.46,64.68,58,2,high,day,1
EQ-DRILL-RIG-141,drill_rig,1238.3,93.15,6.96,230.66,409.55,84.39,123,0,high,night,1
EQ-HAUL-TRUCK-030,haul_truck,6644.1,80.85,3.2,146.54,366.88,56.32,50,3,high,night,0
EQ-HAUL-TRUCK-044,haul_truck,4352.1,90.79,6.51,182.17,479.63,55.95,74,2,medium,day,0
EQ-CRUSHER-104,crusher,5977.4,83.8,5.8,172.07,547.44,79.93,27,0,medium,day,0
EQ-BALL-MILL-077,ball_mill,5157.9,83.8,5.92,149.73,562.02,95.86,25,3,low,night,0
EQ-CONVEYOR-BELT-011,conveyor_belt,4067.1,61.54,4.31,79.78,160.26,61.75,33,2,low,night,0
EQ-CRUSHER-122,crusher,4348.6,83.0,9.64,195.71,560.05,91.4,22,3,medium,night,1
EQ-BALL-MILL-035,ball_mill,5343.5,92.32,8.01,219.94,558.53,84.8,52,0,low,day,0
EQ-CRUSHER-104,crusher,2722.8,92.4,8.57,182.95,469.83,70.9,17,3,high,night,1
EQ-CRUSHER-051,crusher,4082.9,85.43,8.13,168.79,617.42,90.17,17,2,low,night,0
EQ-CRUSHER-113,crusher,5024.8,93.43,7.57,200.07,508.92,92.58,15,1,low,night,1
EQ-EXCAVATOR-135,excavator,5579.5,83.1,3.5,217.94,385.94,62.15,46,1,low,day,0
EQ-EXCAVATOR-116,excavator,5337.1,87.15,6.2,207.59,385.64,87.23,17,1,low,night,0
EQ-CONVEYOR-BELT-139,conveyor_belt,3567.5,57.94,4.31,91.62,213.17,65.05,17,0,low,day,0
EQ-HAUL-TRUCK-081,haul_truck,4216.3,84.94,3.3,154.81,497.73,68.85,17,0,medium,night,0
EQ-CONVEYOR-BELT-010,conveyor_belt,2338.6,56.48,4.06,117.01,41.69,52.75,4,3,medium,day,0
EQ-HAUL-TRUCK-081,haul_truck,6492.2,90.96,4.43,111.11,395.64,55.87,24,3,high,night,0
EQ-CRUSHER-070,crusher,4573.7,90.8,3.87,171.87,543.09,95.74,53,1,medium,day,1
EQ-HAUL-TRUCK-108,haul_truck,4208.2,79.45,6.66,196.61,382.31,82.22,49,1,medium,day,0
EQ-CONVEYOR-BELT-038,conveyor_belt,4199.3,79.05,2.7,119.47,286.56,80.86,50,1,medium,day,0
EQ-CONVEYOR-BELT-105,conveyor_belt,3771.6,69.22,2.58,82.68,234.41,76.12,57,1,low,night,0
EQ-EXCAVATOR-067,excavator,5623.4,82.06,5.53,202.83,372.7,73.34,53,1,low,night,0
EQ-HAUL-TRUCK-101,haul_truck,4248.4,93.09,3.29,153.06,425.56,66.98,27,3,high,night,1
EQ-EXCAVATOR-063,excavator,2626.2,76.3,8.62,217.81,355.7,109.68,54,1,medium,night,0
EQ-DRILL-RIG-058,drill_rig,2988.5,85.3,4.95,243.22,434.98,77.03,15,0,low,day,0
EQ-EXCAVATOR-033,excavator,2168.4,74.37,6.19,199.45,308.95,75.63,38,3,medium,day,0
EQ-DRILL-RIG-125,drill_rig,7413.5,74.36,6.27,219.4,362.79,77.35,15,0,medium,day,0
EQ-EXCAVATOR-011,excavator,3905.2,80.7,4.19,238.46,387.09,82.59,22,1,low,day,0
EQ-HAUL-TRUCK-036,haul_truck,7757.7,88.33,2.4,166.79,385.78,77.12,77,1,low,night,0
EQ-CONVEYOR-BELT-065,conveyor_belt,4439.1,76.16,4.51,109.27,250.62,62.69,27,1,high,day,0
EQ-CRUSHER-024,crusher,3492.4,94.05,8.6,206.21,575.49,79.32,22,2,medium,night,1
EQ-HAUL-TRUCK-138,haul_truck,3811.4,75.64,8.03,169.07,459.39,81.06,62,0,medium,night,0
EQ-BALL-MILL-052,ball_mill,4377.4,88.11,7.2,149.44,506.35,84.55,20,2,low,night,1
EQ-HAUL-TRUCK-037,haul_truck,2661.9,87.67,5.09,157.12,486.55,76.07,48,2,low,day,0
EQ-EXCAVATOR-039,excavator,2302.0,89.28,4.13,249.41,282.97,85.6,40,0,low,night,0
EQ-CRUSHER-029,crusher,6207.5,91.14,7.09,242.48,551.81,93.56,32,2,medium,night,1
EQ-CRUSHER-100,crusher,3413.6,88.8,7.5,204.16,553.04,100.45,19,1,high,day,1
EQ-DRILL-RIG-073,drill_rig,7839.9,65.07,4.18,232.51,434.55,69.28,91,1,high,night,0
EQ-HAUL-TRUCK-035,haul_truck,5100.6,74.02,4.14,186.04,418.65,85.07,21,2,low,day,0
EQ-BALL-MILL-131,ball_mill,3296.0,102.27,6.62,162.5,528.45,70.45,80,2,low,night,1
EQ-CONVEYOR-BELT-099,conveyor_belt,9121.3,64.66,1.16,126.95,157.06,74.4,50,0,low,night,0
EQ-BALL-MILL-061,ball_mill,6339.1,88.23,8.05,217.76,812.18,96.97,61,0,high,night,1
EQ-DRILL-RIG-077,drill_rig,2002.0,70.54,7.04,234.11,394.34,73.33,40,1,medium,night,0
EQ-BALL-MILL-099,ball_mill,2877.3,85.38,6.62,165.37,581.72,86.73,93,1,high,night,0
EQ-CONVEYOR-BELT-023,conveyor_belt,699.0,65.93,0.46,79.91,316.31,78.7,108,5,medium,day,1
EQ-EXCAVATOR-122,excavator,3652.6,83.89,5.77,213.38,470.79,79.42,30,2,medium,day,0
EQ-CRUSHER-039,crusher,8598.5,101.94,7.92,166.53,509.72,78.91,22,1,medium,night,0
EQ-CONVEYOR-BELT-005,conveyor_belt,1677.0,59.35,1.68,76.88,252.98,83.85,37,0,medium,night,0
EQ-CRUSHER-079,crusher,4710.6,93.4,8.21,180.08,441.06,86.72,29,0,medium,night,1
EQ-CONVEYOR-BELT-132,conveyor_belt,10040.0,60.01,3.71,86.26,240.55,76.08,72,1,low,day,0
EQ-HAUL-TRUCK-110,haul_truck,3760.9,79.35,4.61,156.29,435.6,72.56,51,3,medium,day,0
EQ-DRILL-RIG-047,drill_rig,4590.0,95.15,7.94,238.87,367.45,74.43,14,0,high,night,0
EQ-HAUL-TRUCK-060,haul_truck,3389.6,92.06,6.0,152.87,475.99,77.04,13,1,medium,night,0
EQ-BALL-MILL-090,ball_mill,2836.0,87.79,4.78,163.41,595.38,72.49,41,1,medium,day,1
EQ-HAUL-TRUCK-035,haul_truck,5545.4,82.58,2.6,213.93,451.88,72.12,72,3,high,day,1
EQ-HAUL-TRUCK-124,haul_truck,5613.4,86.46,4.44,124.16,366.44,88.01,20,0,medium,night,0
EQ-DRILL-RIG-045,drill_rig,4915.3,93.97,9.14,221.25,349.47,78.69,49,1,medium,night,0
EQ-DRILL-RIG-033,drill_rig,3149.3,76.2,5.61,223.79,327.66,74.53,57,2,low,day,1
EQ-CONVEYOR-BELT-015,conveyor_belt,4948.8,66.34,3.03,110.55,122.5,64.88,51,1,high,night,0
EQ-BALL-MILL-104,ball_mill,1942.1,94.71,5.67,163.27,559.13,86.82,11,0,high,day,0
EQ-EXCAVATOR-004,excavator,5170.2,79.07,6.39,226.83,378.53,82.94,26,2,high,day,0
EQ-DRILL-RIG-121,drill_rig,2749.8,77.1,3.41,244.9,323.31,61.01,26,1,low,day,0
EQ-EXCAVATOR-146,excavator,2654.9,80.26,7.11,202.01,417.3,88.51,57,1,high,day,1
EQ-CRUSHER-017,crusher,7591.3,80.15,6.68,148.11,602.0,89.23,24,1,medium,night,0
EQ-CRUSHER-015,crusher,1059.2,92.94,6.41,134.61,459.1,78.45,14,1,medium,day,1
EQ-HAUL-TRUCK-141,haul_truck,3711.9,82.99,5.82,163.53,401.65,63.0,55,2,low,night,0
EQ-CONVEYOR-BELT-019,conveyor_belt,2037.7,54.99,1.21,104.28,185.03,58.26,17,3,low,day,0
EQ-CONVEYOR-BELT-062,conveyor_belt,4317.5,67.57,3.84,87.45,248.73,93.79,8,3,medium,day,0
EQ-HAUL-TRUCK-131,haul_truck,2888.7,74.07,7.12,168.35,282.11,81.83,25,0,medium,day,0
EQ-BALL-MILL-021,ball_mill,2109.9,89.78,6.82,129.5,602.93,94.75,9,1,high,day,1
EQ-CRUSHER-100,crusher,3411.3,81.69,6.29,156.09,530.66,81.24,7,0,medium,night,0
EQ-HAUL-TRUCK-058,haul_truck,2558.0,98.54,7.34,173.43,488.37,94.6,4,1,high,night,1
EQ-CONVEYOR-BELT-066,conveyor_belt,2609.6,91.0,4.02,102.44,180.6,66.29,47,0,medium,night,0
EQ-HAUL-TRUCK-140,haul_truck,5250.5,93.63,5.19,202.9,493.39,82.92,35,0,low,night,0
EQ-HAUL-TRUCK-098,haul_truck,1890.0,86.9,6.98,163.04,446.21,71.12,121,0,low,night,0
EQ-CONVEYOR-BELT-048,conveyor_belt,1216.1,59.52,6.79,58.18,205.87,69.83,22,2,high,night,1
EQ-HAUL-TRUCK-141,haul_truck,4430.3,86.55,2.56,135.7,461.59,81.39,86,3,high,night,0
EQ-HAUL-TRUCK-088,haul_truck,3694.5,84.33,5.02,165.42,437.2,70.49,48,2,low,night,0
EQ-CONVEYOR-BELT-015,conveyor_belt,2832.7,67.8,5.15,64.82,104.41,74.67,24,1,medium,day,0
EQ-HAUL-TRUCK-059,haul_truck,5226.6,93.53,1.38,158.85,493.07,89.67,15,0,medium,day,0
EQ-DRILL-RIG-037,drill_rig,7891.6,82.79,5.34,237.19,408.08,89.66,41,0,medium,night,0
EQ-DRILL-RIG-097,drill_rig,3926.4,82.49,4.69,249.42,402.55,52.56,17,2,medium,night,0
EQ-HAUL-TRUCK-130,haul_truck,3967.6,83.53,7.07,185.83,397.12,82.72,40,1,high,day,0
EQ-CRUSHER-006,crusher,2257.2,94.25,7.69,186.27,398.76,78.17,16,0,medium,night,1
EQ-HAUL-TRUCK-118,haul_truck,1940.8,79.17,5.6,175.47,404.3,79.51,13,2,low,day,0
EQ-CONVEYOR-BELT-138,conveyor_belt,3760.7,59.86,3.77,105.92,255.43,79.86,7,0,low,night,0
EQ-HAUL-TRUCK-150,haul_truck,1624.8,87.12,7.75,155.48,475.38,93.22,39,0,high,night,0
EQ-BALL-MILL-100,ball_mill,1485.2,92.58,6.49,151.71,558.0,66.4,33,0,medium,day,0
EQ-HAUL-TRUCK-048,haul_truck,4742.2,68.4,4.09,149.75,506.41,78.49,12,0,low,night,0
EQ-CONVEYOR-BELT-022,conveyor_belt,1948.4,70.48,4.44,46.05,131.76,68.25,30,1,high,night,0
EQ-HAUL-TRUCK-142,haul_truck,4831.4,90.57,2.72,168.91,431.28,61.64,9,0,medium,night,0
EQ-HAUL-TRUCK-062,haul_truck,6570.1,87.05,6.08,166.1,476.74,78.37,35,1,medium,night,0
EQ-CRUSHER-052,crusher,4579.7,98.82,9.39,192.4,548.26,86.72,31,0,low,night,1
EQ-CONVEYOR-BELT-111,conveyor_belt,1783.1,78.74,6.97,73.77,202.72,80.83,53,3,high,day,0
EQ-BALL-MILL-108,ball_mill,9152.7,83.47,7.82,186.72,661.36,96.05,9,2,medium,night,1
EQ-HAUL-TRUCK-122,haul_truck,4087.5,90.01,4.65,125.01,413.04,74.63,3,1,medium,day,1
EQ-HAUL-TRUCK-133,haul_truck,3928.6,80.91,6.49,129.04,440.91,77.39,81,1,medium,day,0
EQ-EXCAVATOR-132,excavator,3651.2,64.39,5.8,185.15,283.88,73.65,44,0,medium,day,0
EQ-EXCAVATOR-026,excavator,2792.0,86.42,4.29,218.56,315.28,67.77,20,0,medium,day,0
EQ-BALL-MILL-026,ball_mill,2347.3,95.06,6.69,155.18,568.24,82.02,77,0,medium,night,1
EQ-BALL-MILL-031,ball_mill,1062.1,82.66,7.94,122.86,650.2,85.49,119,2,medium,night,1
EQ-BALL-MILL-095,ball_mill,2028.7,78.97,7.55,139.22,524.0,72.06,46,3,medium,night,0
EQ-HAUL-TRUCK-088,haul_truck,3486.7,77.08,6.15,170.37,443.32,83.16,30,3,high,day,0
EQ-CRUSHER-129,crusher,4716.2,92.62,7.79,191.99,450.48,76.74,11,3,medium,night,1
EQ-CONVEYOR-BELT-127,conveyor_belt,2473.4,53.52,2.51,115.91,227.64,98.45,25,1,medium,night,0
EQ-EXCAVATOR-123,excavator,4452.5,70.27,4.86,185.81,372.42,84.82,11,1,medium,day,0
EQ-CONVEYOR-BELT-012,conveyor_belt,3364.6,57.54,1.2,96.58,175.37,67.34,45,1,medium,night,0
EQ-EXCAVATOR-105,excavator,3743.5,89.32,3.89,194.63,294.83,91.9,142,0,high,day,0
EQ-EXCAVATOR-128,excavator,5787.1,83.7,6.83,209.41,369.69,66.15,49,2,high,night,0
EQ-DRILL-RIG-148,drill_rig,4467.5,89.66,5.17,204.01,451.82,66.61,77,1,medium,day,1
EQ-EXCAVATOR-052,excavator,4888.5,94.46,5.69,207.26,472.42,92.64,30,0,medium,night,0
EQ-BALL-MILL-117,ball_mill,9587.3,77.14,7.81,181.15,529.69,58.95,44,0,medium,night,0
EQ-EXCAVATOR-061,excavator,2487.5,90.36,0.69,208.8,340.2,61.3,27,4,high,night,0
EQ-HAUL-TRUCK-025,haul_truck,5567.5,85.17,4.64,138.45,383.14,85.38,8,0,medium,day,0
EQ-EXCAVATOR-051,excavator,4840.9,80.99,6.1,233.97,374.29,74.62,5,1,medium,day,0
EQ-HAUL-TRUCK-038,haul_truck,4832.0,77.58,4.68,129.47,427.66,65.76,134,5,medium,night,1
EQ-CRUSHER-137,crusher,4218.3,103.05,7.91,195.67,420.01,73.24,21,0,low,day,0
EQ-HAUL-TRUCK-027,haul_truck,4627.1,88.22,4.61,166.98,426.89,77.9,30,1,medium,day,0
EQ-CONVEYOR-BELT-020,conveyor_belt,3416.6,63.33,4.94,109.63,119.62,76.7,5,2,medium,night,0
EQ-DRILL-RIG-087,drill_rig,3960.1,90.86,8.89,244.29,369.5,90.12,27,1,medium,night,0
EQ-EXCAVATOR-087,excavator,6160.8,78.08,4.92,231.63,321.35,57.22,55,1,low,night,0
EQ-HAUL-TRUCK-085,haul_truck,2946.5,86.82,4.94,133.4,479.78,75.52,52,1,low,day,0
EQ-CRUSHER-023,crusher,3104.9,78.28,7.74,188.42,526.56,104.98,35,1,low,day,1
EQ-DRILL-RIG-075,drill_rig,4695.1,73.86,6.34,208.75,357.37,67.31,58,1,medium,night,0
EQ-CONVEYOR-BELT-140,conveyor_belt,4503.1,64.21,2.77,88.16,78.64,60.37,22,3,medium,day,0
EQ-HAUL-TRUCK-014,haul_truck,3355.1,99.2,4.26,153.91,357.96,80.03,79,1,medium,day,0
EQ-CRUSHER-120,crusher,4756.3,95.97,7.12,202.67,456.8,89.82,170,0,medium,day,1
EQ-CRUSHER-019,crusher,4733.9,92.39,6.55,189.01,503.63,72.55,70,0,high,night,1
EQ-EXCAVATOR-036,excavator,8929.9,77.09,4.17,231.27,279.3,53.62,31,0,high,day,0
EQ-HAUL-TRUCK-135,haul_truck,10231.7,95.57,5.88,176.29,419.29,82.28,18,2,medium,night,1
EQ-BALL-MILL-045,ball_mill,11002.6,98.19,3.94,166.41,573.43,86.04,12,1,medium,day,0
EQ-HAUL-TRUCK-079,haul_truck,4711.2,89.15,2.49,134.43,332.72,76.94,34,0,high,day,0
EQ-HAUL-TRUCK-058,haul_truck,5820.3,83.95,1.98,171.43,429.55,64.29,12,0,medium,night,0
EQ-HAUL-TRUCK-093,haul_truck,4660.5,89.92,4.29,177.52,478.7,76.68,41,1,low,night,0
EQ-CONVEYOR-BELT-061,conveyor_belt,3773.8,60.95,1.66,144.86,152.83,66.31,31,1,medium,night,0
EQ-CRUSHER-067,crusher,4858.5,81.97,6.87,168.35,510.43,70.93,18,0,low,night,0
EQ-EXCAVATOR-123,excavator,3740.6,81.95,5.59,213.97,364.28,71.49,37,4,high,day,0
EQ-CRUSHER-084,crusher,4070.2,100.76,5.22,203.77,475.01,58.46,39,0,medium,day,0
EQ-CONVEYOR-BELT-085,conveyor_belt,3906.4,65.14,2.91,129.9,72.21,61.92,48,1,high,day,0
EQ-EXCAVATOR-121,excavator,3931.3,75.61,5.71,181.93,385.4,79.49,33,1,low,day,0
EQ-BALL-MILL-065,ball_mill,2970.1,93.79,7.3,217.86,580.63,69.68,46,2,medium,night,1
EQ-EXCAVATOR-124,excavator,5582.0,69.58,6.23,202.84,395.46,72.79,74,0,medium,night,1
EQ-HAUL-TRUCK-108,haul_truck,4797.1,89.37,4.28,137.39,484.05,90.52,13,0,high,day,0
EQ-BALL-MILL-133,ball_mill,2919.1,95.17,8.73,138.7,563.98,63.92,12,1,high,day,0
EQ-DRILL-RIG-069,drill_rig,3859.0,74.59,8.38,261.54,374.14,87.12,56,1,low,night,0
EQ-EXCAVATOR-084,excavator,2421.4,91.89,6.22,195.78,365.1,94.59,21,3,high,night,0
EQ-DRILL-RIG-020,drill_rig,4359.9,84.89,7.55,231.48,329.44,78.82,76,1,high,day,0
EQ-CRUSHER-017,crusher,6139.2,91.38,9.31,160.43,475.44,73.36,64,2,high,day,0
EQ-EXCAVATOR-017,excavator,3445.3,76.46,5.48,212.68,338.72,60.64,77,3,medium,day,0
EQ-DRILL-RIG-095,drill_rig,5529.1,97.71,7.47,229.08,422.58,81.98,8,1,high,day,0
EQ-DRILL-RIG-049,drill_rig,3941.9,82.09,6.88,234.34,452.79,71.61,31,0,low,day,0
EQ-EXCAVATOR-044,excavator,3515.7,76.27,4.72,234.58,337.87,73.96,46,1,medium,day,0
EQ-CONVEYOR-BELT-091,conveyor_belt,2836.2,68.42,1.8,77.83,102.06,59.07,15,0,low,day,0
EQ-EXCAVATOR-060,excavator,3680.1,65.76,6.46,217.52,332.54,66.0,30,2,medium,day,0
EQ-HAUL-TRUCK-021,haul_truck,5603.9,83.95,3.98,193.1,518.6,65.44,42,2,high,day,0
EQ-BALL-MILL-084,ball_mill,4619.1,85.68,7.23,170.1,648.08,70.28,19,1,medium,day,1
EQ-CRUSHER-083,crusher,2604.6,90.07,7.79,164.48,552.29,70.21,14,4,medium,day,1
EQ-CONVEYOR-BELT-021,conveyor_belt,4895.6,60.43,1.47,34.4,187.9,59.2,26,1,high,night,0
EQ-CONVEYOR-BELT-041,conveyor_belt,4284.6,61.21,4.42,78.56,193.92,85.58,80,1,medium,night,0
EQ-CONVEYOR-BELT-036,conveyor_belt,2438.6,58.94,2.73,149.62,206.35,89.34,48,0,medium,day,0
EQ-EXCAVATOR-105,excavator,2129.9,75.43,2.36,206.76,375.09,69.27,38,2,medium,day,1
EQ-BALL-MILL-038,ball_mill,2084.5,95.14,6.42,157.67,658.15,91.73,62,0,medium,night,0
EQ-CONVEYOR-BELT-005,conveyor_belt,5767.9,72.25,1.37,91.22,291.54,84.68,32,1,medium,day,0
EQ-CONVEYOR-BELT-041,conveyor_belt,2458.6,65.97,3.25,59.99,41.2,69.24,23,0,high,night,0
EQ-CRUSHER-071,crusher,3552.0,91.25,7.95,230.26,520.33,83.65,15,2,medium,night,0
EQ-EXCAVATOR-116,excavator,4744.4,83.52,5.53,225.5,230.55,66.91,28,1,medium,day,0
EQ-HAUL-TRUCK-008,haul_truck,4629.0,69.79,6.94,142.65,497.91,92.67,54,0,medium,day,0
EQ-EXCAVATOR-133,excavator,4629.3,75.98,3.6,208.36,413.52,69.41,3,1,high,day,0
EQ-HAUL-TRUCK-050,haul_truck,2316.8,101.83,4.78,166.65,348.85,59.11,23,1,medium,night,0
EQ-CONVEYOR-BELT-052,conveyor_belt,4780.6,63.06,2.84,96.46,173.97,79.74,30,0,high,day,0
EQ-DRILL-RIG-003,drill_rig,3483.3,84.07,5.49,238.39,441.56,73.17,23,2,medium,night,0
EQ-EXCAVATOR-042,excavator,4114.6,69.35,4.91,206.16,380.91,72.36,63,3,low,day,0
EQ-EXCAVATOR-071,excavator,4027.3,78.0,5.81,225.39,410.64,60.02,46,1,medium,night,0
EQ-CONVEYOR-BELT-094,conveyor_belt,3758.9,61.71,3.52,81.11,157.8,55.43,24,1,low,night,0
EQ-HAUL-TRUCK-116,haul_truck,6052.6,89.72,6.06,136.59,507.69,79.88,60,1,low,day,1
EQ-BALL-MILL-079,ball_mill,5695.3,82.06,8.41,164.68,614.85,94.54,10,1,low,night,0
EQ-EXCAVATOR-016,excavator,11934.6,80.6,4.98,219.99,262.54,85.34,47,1,medium,night,0
EQ-HAUL-TRUCK-059,haul_truck,7171.7,90.25,5.54,141.8,535.12,70.91,17,1,medium,night,0
EQ-HAUL-TRUCK-111,haul_truck,1788.8,86.16,7.04,191.57,473.2,77.44,50,0,medium,night,0
EQ-BALL-MILL-096,ball_mill,3920.6,83.65,9.36,135.98,590.67,97.76,40,0,medium,night,1
EQ-EXCAVATOR-088,excavator,6913.4,85.34,5.2,195.45,442.89,87.37,41,4,medium,day,0
EQ-CONVEYOR-BELT-077,conveyor_belt,3706.5,68.74,2.36,66.0,141.18,40.59,42,1,high,night,0
EQ-HAUL-TRUCK-076,haul_truck,3360.0,102.04,4.18,197.49,412.41,85.68,30,0,high,night,0
EQ-HAUL-TRUCK-149,haul_truck,2279.9,94.96,5.92,180.42,422.18,87.97,40,1,high,night,0
EQ-DRILL-RIG-090,drill_rig,2170.4,79.8,7.11,250.31,424.6,83.37,12,3,medium,night,0
EQ-HAUL-TRUCK-090,haul_truck,5489.9,77.49,4.88,149.03,485.13,91.73,30,3,high,day,0
EQ-HAUL-TRUCK-051,haul_truck,4152.9,85.44,3.07,136.86,378.14,60.59,12,4,high,day,0
EQ-CRUSHER-074,crusher,1281.9,105.95,8.15,162.35,592.12,81.46,94,0,low,day,1
EQ-DRILL-RIG-107,drill_rig,6230.2,75.29,9.21,257.0,417.03,76.92,17,1,medium,night,0
EQ-EXCAVATOR-129,excavator,6608.7,87.08,6.45,178.64,315.53,75.4,84,0,medium,day,1
EQ-HAUL-TRUCK-117,haul_truck,3578.7,89.53,3.05,119.62,475.52,67.96,66,2,medium,day,0
EQ-BALL-MILL-100,ball_mill,3953.8,88.98,8.38,150.39,597.35,95.7,26,1,medium,day,0
EQ-CONVEYOR-BELT-117,conveyor_belt,7264.3,74.47,2.36,50.25,98.24,66.82,20,0,medium,night,0
EQ-DRILL-RIG-005,drill_rig,3512.0,72.95,6.26,192.37,362.57,70.96,28,0,low,day,0
EQ-DRILL-RIG-041,drill_rig,1621.5,75.45,6.72,225.0,405.02,75.76,113,0,medium,day,1
EQ-CONVEYOR-BELT-037,conveyor_belt,5508.5,67.1,5.01,77.43,204.79,72.61,24,2,medium,day,0
EQ-CRUSHER-099,crusher,6504.6,94.9,6.81,203.94,382.9,69.05,74,2,medium,day,0
EQ-EXCAVATOR-114,excavator,4242.7,77.69,3.46,213.79,409.83,71.9,83,3,medium,day,0
EQ-CONVEYOR-BELT-023,conveyor_belt,2455.0,77.51,1.58,86.66,151.82,67.44,21,0,medium,day,0
EQ-CONVEYOR-BELT-029,conveyor_belt,6899.0,64.89,4.81,112.65,261.8,72.76,30,0,high,night,0
EQ-BALL-MILL-075,ball_mill,3269.3,88.95,3.67,194.85,533.77,73.15,8,0,low,day,0
EQ-CONVEYOR-BELT-146,conveyor_belt,2665.5,70.19,3.29,89.39,229.76,71.19,39,2,medium,day,0
EQ-EXCAVATOR-001,excavator,4213.0,70.53,6.27,202.5,405.75,70.96,39,1,medium,night,0
EQ-CRUSHER-132,crusher,3553.5,96.23,8.27,197.57,565.65,92.92,32,1,low,day,1
EQ-CONVEYOR-BELT-030,conveyor_belt,5290.4,76.96,4.51,93.71,155.56,65.31,28,1,high,day,0
EQ-CRUSHER-041,crusher,9522.7,87.01,6.49,160.04,514.74,69.21,56,1,high,day,1
EQ-DRILL-RIG-095,drill_rig,2590.8,88.88,4.91,219.69,340.01,72.85,67,3,medium,day,0
EQ-CONVEYOR-BELT-110,conveyor_belt,5676.4,56.74,3.16,64.29,169.11,65.58,60,1,medium,night,0
EQ-HAUL-TRUCK-132,haul_truck,3486.8,92.18,4.51,163.96,410.12,71.32,32,0,low,night,0
EQ-CONVEYOR-BELT-001,conveyor_belt,5275.3,54.19,3.74,79.07,205.01,74.51,52,1,medium,day,0
EQ-CONVEYOR-BELT-008,conveyor_belt,4286.0,60.52,4.08,91.03,232.2,90.09,34,1,low,night,0
EQ-BALL-MILL-072,ball_mill,3194.3,83.95,7.79,164.21,555.6,70.07,27,0,medium,night,1
EQ-CRUSHER-084,crusher,5752.3,81.4,7.08,244.58,508.1,92.43,36,2,low,day,1
EQ-CONVEYOR-BELT-040,conveyor_belt,3353.4,78.21,5.13,85.04,169.06,66.13,24,2,medium,night,0
EQ-CRUSHER-096,crusher,2698.7,89.51,7.43,179.11,572.85,73.52,16,1,high,night,0
EQ-CRUSHER-040,crusher,5577.2,86.55,7.94,176.36,552.55,94.17,77,0,low,night,1
EQ-HAUL-TRUCK-140,haul_truck,2690.4,86.68,6.26,120.78,465.45,69.32,56,1,high,night,1
EQ-BALL-MILL-027,ball_mill,5468.0,98.26,7.53,194.89,672.55,89.42,17,2,high,day,1
EQ-BALL-MILL-099,ball_mill,4075.5,80.0,6.18,161.79,657.55,87.36,18,1,low,night,0
EQ-CRUSHER-080,crusher,4193.4,85.64,9.59,177.31,523.13,75.95,40,0,high,day,0
EQ-CONVEYOR-BELT-016,conveyor_belt,2539.5,66.76,3.96,97.58,198.56,84.77,34,2,medium,night,0
EQ-HAUL-TRUCK-091,haul_truck,4284.8,94.93,4.2,151.66,484.16,82.28,22,1,medium,day,0
EQ-CONVEYOR-BELT-023,conveyor_belt,3246.3,66.12,1.32,72.01,273.09,63.08,26,2,medium,day,0
EQ-CRUSHER-081,crusher,7412.6,87.86,6.23,195.2,537.04,75.9,20,1,medium,day,0
EQ-CONVEYOR-BELT-096,conveyor_belt,2145.6,61.81,3.39,105.61,211.81,62.51,42,0,low,night,0
EQ-HAUL-TRUCK-011,haul_truck,6326.2,76.42,4.38,170.39,378.09,86.35,64,0,medium,night,1
EQ-CONVEYOR-BELT-033,conveyor_belt,6552.8,68.87,4.92,120.68,218.1,80.08,35,0,medium,night,0
EQ-EXCAVATOR-045,excavator,4865.2,77.18,5.17,200.26,489.35,84.49,29,0,high,day,1
EQ-CONVEYOR-BELT-140,conveyor_belt,7235.1,65.01,5.17,48.38,250.99,87.93,15,0,medium,day,0
EQ-CONVEYOR-BELT-034,conveyor_belt,3579.9,54.43,2.5,86.12,118.43,59.5,10,1,medium,day,0
EQ-EXCAVATOR-139,excavator,3788.8,83.22,6.98,198.41,366.4,62.85,12,1,low,day,0
EQ-CRUSHER-081,crusher,5009.5,101.87,6.56,169.71,663.6,97.89,42,1,high,day,1
EQ-DRILL-RIG-143,drill_rig,3634.8,89.12,5.55,214.67,465.12,62.13,43,1,low,night,0
EQ-CONVEYOR-BELT-125,conveyor_belt,1389.6,52.61,2.02,129.22,124.8,49.35,7,3,high,night,0
EQ-HAUL-TRUCK-044,haul_truck,2163.5,80.42,3.59,138.77,388.38,57.17,12,1,low,day,0
EQ-CRUSHER-084,crusher,2267.8,88.46,6.81,153.92,483.6,71.16,24,2,low,day,0
EQ-EXCAVATOR-108,excavator,5614.3,69.77,4.26,207.53,267.27,80.04,25,1,low,night,0
EQ-CONVEYOR-BELT-012,conveyor_belt,3958.6,74.39,1.53,50.12,110.32,66.16,128,1,medium,night,0
EQ-CONVEYOR-BELT-100,conveyor_belt,5416.1,48.67,4.69,72.29,208.29,84.44,5,4,medium,night,0
EQ-HAUL-TRUCK-069,haul_truck,5789.4,87.21,3.04,157.51,467.93,65.58,27,1,high,night,0
EQ-CONVEYOR-BELT-006,conveyor_belt,3598.7,60.5,4.38,113.36,133.77,74.51,10,1,medium,day,0
EQ-CONVEYOR-BELT-131,conveyor_belt,4527.1,57.91,4.97,94.02,124.08,51.79,40,2,low,day,0
EQ-DRILL-RIG-040,drill_rig,2121.5,89.37,5.63,202.06,490.53,77.05,22,2,medium,night,0
EQ-HAUL-TRUCK-132,haul_truck,2970.2,92.38,4.22,149.08,424.29,75.75,25,0,medium,night,0
EQ-EXCAVATOR-032,excavator,3526.5,84.19,5.96,210.82,331.22,69.89,2,1,medium,night,0
EQ-CRUSHER-082,crusher,4014.1,79.34,9.34,199.73,568.95,96.78,54,2,high,day,1
EQ-HAUL-TRUCK-056,haul_truck,1944.9,97.85,6.51,170.05,454.57,77.47,117,2,high,night,1
EQ-CRUSHER-134,crusher,3547.1,100.06,8.0,157.41,590.64,80.44,31,3,medium,day,1
EQ-HAUL-TRUCK-143,haul_truck,2704.0,94.68,5.61,159.26,481.74,94.96,35,2,medium,night,0
EQ-HAUL-TRUCK-116,haul_truck,9096.0,74.49,3.89,144.35,361.5,64.0,58,0,medium,day,0
EQ-CONVEYOR-BELT-127,conveyor_belt,4124.5,63.89,2.23,89.05,153.54,63.61,33,0,medium,night,0
EQ-EXCAVATOR-116,excavator,5399.9,94.52,5.81,197.77,380.25,69.03,33,1,medium,day,0
EQ-CONVEYOR-BELT-045,conveyor_belt,5403.8,61.52,3.56,60.18,153.09,73.15,53,1,low,day,0
EQ-HAUL-TRUCK-139,haul_truck,4256.3,83.23,4.29,129.24,518.29,71.55,6,3,low,day,1
EQ-CONVEYOR-BELT-080,conveyor_belt,4767.0,78.07,3.22,101.27,253.09,82.67,40,1,high,night,0
EQ-CRUSHER-052,crusher,4567.3,83.38,10.65,152.95,506.17,74.83,21,0,high,night,0
EQ-DRILL-RIG-029,drill_rig,4568.9,76.59,8.75,231.1,382.28,83.75,75,2,low,night,1
EQ-DRILL-RIG-107,drill_rig,6931.0,85.05,5.99,202.81,436.52,75.93,40,2,high,night,1
EQ-EXCAVATOR-042,excavator,4057.1,89.25,2.69,191.77,368.76,72.54,21,4,high,night,0
EQ-CONVEYOR-BELT-098,conveyor_belt,2647.9,65.85,2.41,116.16,301.98,67.13,48,1,low,night,0
EQ-EXCAVATOR-010,excavator,5488.4,83.64,5.72,172.08,311.1,75.68,58,3,high,day,0
EQ-CONVEYOR-BELT-096,conveyor_belt,2384.6,77.7,3.28,97.84,112.67,77.5,34,1,high,night,0
EQ-HAUL-TRUCK-097,haul_truck,3772.2,74.99,5.66,202.22,424.6,91.88,83,0,medium,night,0
EQ-CRUSHER-079,crusher,3185.5,102.97,7.58,170.95,594.08,85.22,72,1,high,night,1
EQ-HAUL-TRUCK-099,haul_truck,3606.8,84.49,3.98,145.2,372.86,71.86,39,1,medium,day,0
EQ-BALL-MILL-150,ball_mill,4932.1,88.18,9.2,180.17,685.31,91.4,23,0,medium,day,1
EQ-CRUSHER-126,crusher,4751.7,89.34,8.26,236.92,542.49,88.76,6,0,medium,day,1
EQ-CONVEYOR-BELT-066,conveyor_belt,3619.4,62.49,1.76,77.35,240.9,78.45,27,1,medium,night,0
EQ-EXCAVATOR-131,excavator,760.4,89.04,5.87,210.69,372.54,58.18,21,0,medium,night,0
EQ-EXCAVATOR-144,excavator,3008.4,81.07,4.36,226.18,486.13,63.47,38,3,medium,day,1
EQ-HAUL-TRUCK-025,haul_truck,5896.6,98.89,6.32,139.67,510.51,85.5,31,1,high,day,0
EQ-BALL-MILL-054,ball_mill,5062.3,97.02,5.2,158.69,545.67,90.14,34,0,high,night,0
EQ-DRILL-RIG-112,drill_rig,1929.4,99.48,6.52,251.06,416.27,74.53,39,0,low,day,0
EQ-HAUL-TRUCK-078,haul_truck,2048.9,98.4,6.58,185.59,394.89,72.33,67,3,medium,day,0
EQ-CONVEYOR-BELT-021,conveyor_belt,3170.2,62.28,4.27,86.15,178.74,71.61,24,1,low,night,0
EQ-CRUSHER-071,crusher,1581.9,108.44,7.56,176.0,526.81,71.81,25,0,medium,day,0
EQ-HAUL-TRUCK-057,haul_truck,2197.6,85.59,3.26,156.32,433.76,74.59,52,2,low,day,0
EQ-CRUSHER-111,crusher,4318.0,104.8,8.04,221.67,523.26,83.57,86,1,high,day,0
EQ-HAUL-TRUCK-078,haul_truck,4736.0,86.26,4.62,180.46,472.22,83.74,44,3,medium,day,0
EQ-HAUL-TRUCK-021,haul_truck,3720.8,84.52,5.44,159.53,485.43,74.46,127,3,medium,night,0
EQ-CONVEYOR-BELT-008,conveyor_belt,3721.5,57.21,4.54,70.09,112.38,67.81,32,1,medium,night,0
EQ-EXCAVATOR-044,excavator,3216.7,74.92,7.02,212.9,358.93,67.07,46,0,low,night,0
EQ-BALL-MILL-024,ball_mill,2874.6,74.45,7.83,165.11,637.61,82.56,24,2,low,night,0
EQ-CONVEYOR-BELT-132,conveyor_belt,5339.9,59.0,4.31,81.59,154.78,77.92,148,0,low,day,0
EQ-DRILL-RIG-041,drill_rig,5520.5,85.91,8.56,213.89,438.53,79.63,59,1,medium,day,1
EQ-CONVEYOR-BELT-096,conveyor_belt,3660.7,71.6,3.13,55.5,178.26,65.69,42,2,high,night,0
EQ-DRILL-RIG-020,drill_rig,2230.2,76.64,7.04,238.83,345.92,64.82,154,3,low,day,0
EQ-EXCAVATOR-067,excavator,2880.3,84.05,3.55,178.35,434.37,76.96,22,2,high,night,0
EQ-CRUSHER-141,crusher,3824.5,92.61,6.65,182.33,522.43,87.14,4,0,low,day,1
EQ-CRUSHER-097,crusher,3656.5,91.22,7.56,186.82,507.97,71.88,17,0,medium,night,0
EQ-BALL-MILL-044,ball_mill,5112.0,88.09,8.04,148.05,563.59,93.89,21,2,medium,night,1
EQ-HAUL-TRUCK-113,haul_truck,2804.6,88.58,6.61,165.06,303.09,69.29,44,0,high,night,0
EQ-CONVEYOR-BELT-076,conveyor_belt,4842.3,54.24,4.32,79.41,170.19,63.75,57,1,high,night,0
EQ-DRILL-RIG-036,drill_rig,3876.5,75.19,6.06,212.82,273.42,54.37,10,0,medium,night,0
EQ-EXCAVATOR-150,excavator,8935.8,70.57,3.24,191.06,343.31,53.8,48,1,medium,day,0
EQ-DRILL-RIG-141,drill_rig,3785.7,85.74,6.81,211.73,489.12,86.48,5,1,low,night,0
EQ-EXCAVATOR-085,excavator,2947.4,70.55,4.6,186.78,342.18,84.1,15,2,medium,night,0
EQ-HAUL-TRUCK-005,haul_truck,6789.5,97.41,1.42,170.23,443.89,85.18,63,1,high,day,1
EQ-CONVEYOR-BELT-062,conveyor_belt,3663.2,67.8,2.39,106.79,165.42,54.1,86,2,medium,night,0
EQ-CRUSHER-078,crusher,4733.3,100.38,6.23,189.93,506.08,92.48,65,1,medium,day,1
EQ-HAUL-TRUCK-140,haul_truck,1693.4,76.16,3.86,158.64,398.49,67.53,27,2,low,day,0
EQ-HAUL-TRUCK-110,haul_truck,6123.1,81.83,1.52,137.46,450.75,85.75,19,0,low,night,0
EQ-HAUL-TRUCK-034,haul_truck,2880.6,87.32,5.92,149.7,470.02,73.58,70,0,high,day,0
EQ-DRILL-RIG-077,drill_rig,2349.8,84.77,6.54,221.41,477.91,82.7,17,2,medium,night,0
EQ-BALL-MILL-027,ball_mill,5629.4,95.51,6.6,172.3,611.11,83.53,48,0,high,day,0
EQ-CRUSHER-072,crusher,2753.3,92.5,8.28,171.09,507.06,92.17,23,2,medium,night,0
EQ-HAUL-TRUCK-081,haul_truck,2563.2,82.22,4.75,112.03,495.82,67.38,45,1,high,day,0
EQ-CRUSHER-077,crusher,2190.0,91.98,8.33,185.52,531.64,87.13,10,1,low,day,1
EQ-DRILL-RIG-065,drill_rig,3172.8,75.06,7.36,208.78,342.25,54.01,90,1,low,night,0
EQ-CONVEYOR-BELT-066,conveyor_belt,2752.5,56.39,0.79,90.8,78.86,43.38,11,1,medium,night,0
EQ-EXCAVATOR-120,excavator,5319.3,76.62,4.4,190.04,328.6,90.89,16,2,low,night,0
EQ-HAUL-TRUCK-076,haul_truck,2845.0,90.7,6.54,174.27,466.23,86.73,38,0,high,day,0
EQ-BALL-MILL-007,ball_mill,3078.4,93.04,7.81,208.72,599.4,96.0,81,0,high,day,1
EQ-DRILL-RIG-112,drill_rig,2968.0,86.79,5.61,253.98,296.65,74.23,14,1,medium,night,0
EQ-HAUL-TRUCK-093,haul_truck,4924.8,96.51,4.51,143.22,382.89,72.59,27,0,medium,night,0
EQ-DRILL-RIG-105,drill_rig,5523.9,75.3,5.91,236.92,336.71,75.92,33,2,medium,night,0
EQ-HAUL-TRUCK-107,haul_truck,3854.5,90.06,4.57,132.39,443.72,75.28,65,1,medium,night,0
EQ-HAUL-TRUCK-026,haul_truck,3773.6,78.72,5.04,173.64,421.67,55.64,12,3,low,night,0
EQ-DRILL-RIG-146,drill_rig,4077.8,94.6,5.46,246.48,423.84,71.2,52,0,medium,night,0
EQ-CRUSHER-149,crusher,4226.9,90.85,7.43,197.02,541.78,87.14,75,0,low,night,1
EQ-CRUSHER-022,crusher,5115.4,89.75,6.75,189.51,570.72,85.26,41,1,high,night,0
EQ-BALL-MILL-033,ball_mill,4977.4,91.95,9.57,173.44,594.38,73.56,8,2,medium,night,1
EQ-DRILL-RIG-037,drill_rig,730.0,78.69,7.62,222.53,379.07,66.39,55,0,medium,day,0
EQ-HAUL-TRUCK-145,haul_truck,2480.4,83.36,4.81,159.29,424.02,64.54,79,0,high,night,0
EQ-CONVEYOR-BELT-140,conveyor_belt,1434.3,60.39,2.52,85.88,48.86,55.16,27,1,medium,night,0
EQ-DRILL-RIG-040,drill_rig,4358.6,86.12,7.93,253.43,362.32,75.38,10,1,low,night,0
EQ-CONVEYOR-BELT-095,conveyor_belt,2137.8,71.23,2.38,70.48,184.62,69.66,42,1,medium,day,0
EQ-BALL-MILL-037,ball_mill,4683.0,81.3,6.67,205.12,618.26,64.43,32,1,medium,day,0
EQ-CONVEYOR-BELT-006,conveyor_belt,4206.9,58.44,6.83,92.62,267.78,84.21,13,2,medium,night,0
EQ-HAUL-TRUCK-035,haul_truck,3769.9,74.69,4.42,184.64,520.57,90.16,54,1,low,night,0
EQ-HAUL-TRUCK-012,haul_truck,3452.4,81.3,6.19,113.02,402.78,79.52,43,0,low,day,0
EQ-DRILL-RIG-128,drill_rig,5464.0,90.48,6.18,242.4,371.87,67.56,32,2,medium,day,0
EQ-BALL-MILL-118,ball_mill,4832.6,86.32,6.8,184.12,569.41,80.03,29,2,medium,night,0
EQ-HAUL-TRUCK-028,haul_truck,2387.6,77.73,6.71,151.87,428.02,90.07,42,1,low,night,0
EQ-HAUL-TRUCK-086,haul_truck,4271.0,88.75,5.36,146.64,443.14,76.4,14,1,high,day,0
EQ-DRILL-RIG-031,drill_rig,4016.2,76.25,6.59,210.8,371.56,75.45,65,1,medium,day,1
EQ-HAUL-TRUCK-085,haul_truck,6194.7,77.13,6.88,176.94,500.89,78.31,75,0,low,day,0
EQ-HAUL-TRUCK-135,haul_truck,6577.1,74.18,7.33,163.85,569.08,95.77,29,2,medium,day,1
EQ-BALL-MILL-132,ball_mill,3905.5,94.4,6.71,172.51,545.11,80.41,25,1,medium,day,1
EQ-DRILL-RIG-125,drill_rig,8647.6,85.72,8.23,233.11,458.18,60.89,17,1,medium,night,0
EQ-BALL-MILL-037,ball_mill,2757.0,100.91,5.44,146.35,543.43,77.4,11,1,medium,night,1
EQ-CONVEYOR-BELT-029,conveyor_belt,1885.4,58.2,4.4,97.09,124.45,74.59,23,0,medium,day,0
EQ-EXCAVATOR-025,excavator,6882.8,73.11,5.56,193.69,361.4,65.01,36,1,medium,day,1
EQ-BALL-MILL-020,ball_mill,2590.3,81.34,6.91,159.47,622.78,68.73,55,1,medium,night,0
EQ-EXCAVATOR-093,excavator,1931.6,73.02,6.32,195.44,380.07,74.07,12,3,medium,day,0
EQ-EXCAVATOR-099,excavator,2676.5,72.13,3.76,260.2,370.18,84.89,30,0,medium,night,0
EQ-BALL-MILL-133,ball_mill,3069.5,86.04,5.32,189.15,599.15,79.61,32,2,medium,day,1
EQ-CONVEYOR-BELT-014,conveyor_belt,1486.1,68.82,3.5,73.11,248.86,84.18,47,2,low,night,0
EQ-BALL-MILL-040,ball_mill,3367.9,77.62,6.43,140.9,510.43,71.28,21,2,medium,night,0
EQ-HAUL-TRUCK-110,haul_truck,2936.7,68.45,4.18,195.4,475.26,82.16,83,0,low,day,0
EQ-BALL-MILL-103,ball_mill,3975.4,90.17,7.64,162.92,585.69,72.05,63,2,medium,night,1
EQ-CONVEYOR-BELT-065,conveyor_belt,1121.1,66.29,4.81,78.26,185.15,67.86,38,3,medium,night,0
EQ-CONVEYOR-BELT-023,conveyor_belt,3488.4,52.49,4.22,55.89,262.63,73.63,77,0,medium,day,0
EQ-BALL-MILL-073,ball_mill,9354.3,89.35,6.92,184.79,609.77,73.08,49,0,low,night,1
EQ-CRUSHER-026,crusher,5764.3,92.44,6.48,170.96,498.12,77.25,71,0,medium,day,1
EQ-CONVEYOR-BELT-081,conveyor_belt,2010.9,59.56,3.26,107.64,194.76,64.56,59,1,low,day,0
EQ-CONVEYOR-BELT-136,conveyor_belt,2765.1,60.66,2.6,126.52,231.51,46.57,45,2,low,night,0
EQ-DRILL-RIG-030,drill_rig,3126.7,99.15,7.23,246.51,307.52,81.7,46,1,high,day,0
EQ-BALL-MILL-018,ball_mill,6777.6,85.54,4.62,174.23,692.83,61.05,39,1,low,day,1
EQ-CONVEYOR-BELT-111,conveyor_belt,3391.0,61.89,1.83,78.42,216.52,56.44,131,3,low,day,0
EQ-HAUL-TRUCK-004,haul_truck,3156.2,89.9,5.28,197.3,491.68,95.58,66,4,medium,night,1
EQ-HAUL-TRUCK-148,haul_truck,2153.4,74.27,5.36,175.07,373.16,72.47,37,0,medium,day,0
EQ-BALL-MILL-117,ball_mill,3166.6,96.15,6.69,233.92,519.15,79.37,81,0,high,day,0
EQ-BALL-MILL-061,ball_mill,3341.1,78.52,8.07,182.98,602.67,87.37,21,1,high,night,0
EQ-BALL-MILL-055,ball_mill,4127.2,88.63,5.83,170.43,521.38,70.04,40,1,medium,night,0
EQ-HAUL-TRUCK-059,haul_truck,2613.9,86.98,2.64,166.15,470.07,74.75,21,0,low,night,0
EQ-CRUSHER-060,crusher,2170.5,85.96,6.36,205.83,617.76,85.44,35,1,medium,night,1
EQ-DRILL-RIG-126,drill_rig,2140.0,92.06,5.48,219.73,479.0,93.66,26,1,medium,day,0
EQ-DRILL-RIG-120,drill_rig,5837.6,67.96,5.31,245.79,387.87,76.46,36,0,medium,night,0
EQ-HAUL-TRUCK-031,haul_truck,6245.2,78.94,4.92,129.2,355.98,69.04,21,0,low,night,1
EQ-CONVEYOR-BELT-027,conveyor_belt,5880.7,62.84,3.63,103.64,65.47,63.42,41,1,low,day,0
EQ-HAUL-TRUCK-082,haul_truck,3183.0,85.33,4.85,172.75,507.94,83.59,11,0,low,night,1
EQ-CRUSHER-098,crusher,5741.1,96.8,6.96,142.42,506.11,102.35,28,1,medium,night,0
EQ-EXCAVATOR-110,excavator,5384.9,76.1,4.51,197.6,368.2,73.0,23,1,medium,day,0
EQ-HAUL-TRUCK-048,haul_truck,4618.0,86.66,3.71,206.62,424.49,67.61,2,4,high,day,0
EQ-HAUL-TRUCK-073,haul_truck,3301.4,83.04,5.61,188.65,482.7,96.1,68,1,low,day,0
EQ-BALL-MILL-016,ball_mill,4619.2,96.98,8.02,158.11,682.64,95.67,98,0,high,night,1
EQ-CONVEYOR-BELT-069,conveyor_belt,2035.8,57.52,4.57,112.1,155.24,73.04,47,1,low,day,0
EQ-BALL-MILL-104,ball_mill,5499.8,100.56,5.85,157.84,533.53,72.83,34,2,low,night,1
EQ-CRUSHER-046,crusher,1302.5,89.99,10.57,199.09,418.55,51.78,23,4,medium,day,0
EQ-CRUSHER-048,crusher,3313.7,85.7,7.86,194.11,531.0,72.94,40,0,low,night,0
EQ-EXCAVATOR-070,excavator,3593.0,77.51,4.74,166.57,302.7,70.7,55,2,high,night,0
EQ-CONVEYOR-BELT-130,conveyor_belt,3236.0,88.27,1.09,87.71,51.23,53.91,66,1,high,day,0
EQ-EXCAVATOR-091,excavator,5548.8,76.22,6.03,232.03,384.7,83.82,56,1,low,day,0
EQ-CONVEYOR-BELT-138,conveyor_belt,2063.1,60.95,3.96,100.5,259.21,73.94,21,0,low,night,0
EQ-DRILL-RIG-010,drill_rig,2432.5,82.54,6.77,198.41,443.56,83.91,25,1,low,day,0
EQ-DRILL-RIG-128,drill_rig,3986.6,94.23,8.19,227.07,393.18,73.4,15,2,high,day,0
EQ-EXCAVATOR-007,excavator,1783.7,72.84,3.81,212.44,397.94,87.65,19,5,low,night,0
EQ-CRUSHER-049,crusher,3125.7,89.73,7.15,186.8,586.05,75.33,54,2,high,night,0
EQ-EXCAVATOR-064,excavator,7050.5,74.61,3.31,228.51,317.41,67.79,33,1,medium,night,0
EQ-HAUL-TRUCK-036,haul_truck,5474.1,92.18,3.28,147.89,470.06,59.61,56,0,medium,night,0
EQ-CONVEYOR-BELT-149,conveyor_belt,7600.6,66.27,3.89,71.86,176.49,74.41,62,0,low,night,0
EQ-CRUSHER-134,crusher,3807.3,106.51,6.44,210.52,471.27,73.28,38,1,high,night,0
EQ-CONVEYOR-BELT-086,conveyor_belt,5650.9,50.29,1.82,107.81,165.62,53.66,58,0,medium,day,0
EQ-HAUL-TRUCK-068,haul_truck,5794.8,78.54,2.75,153.7,443.64,77.5,29,2,low,night,0
EQ-BALL-MILL-115,ball_mill,1812.1,88.58,8.96,159.86,553.95,81.53,38,2,low,night,0
EQ-BALL-MILL-107,ball_mill,2847.8,92.96,6.77,178.32,588.76,73.89,11,0,medium,night,0
EQ-CRUSHER-073,crusher,3233.6,83.84,7.21,193.57,589.75,71.3,27,1,medium,night,0
EQ-DRILL-RIG-125,drill_rig,9447.4,91.56,7.31,221.05,474.13,93.1,19,0,high,day,0
EQ-EXCAVATOR-029,excavator,6288.5,78.08,5.12,208.09,291.74,67.31,9,1,medium,night,0
EQ-CONVEYOR-BELT-042,conveyor_belt,2269.8,62.63,3.36,76.69,99.27,77.47,43,1,high,day,0
EQ-DRILL-RIG-003,drill_rig,7385.7,82.92,5.36,261.97,426.87,68.63,31,1,low,day,1
EQ-DRILL-RIG-018,drill_rig,3090.3,94.72,7.62,210.1,291.55,58.53,25,0,high,day,0
EQ-DRILL-RIG-030,drill_rig,4917.9,86.52,5.27,231.89,380.21,60.14,26,1,high,night,1
EQ-CRUSHER-094,crusher,3328.1,92.22,8.5,122.58,578.43,85.43,12,0,medium,day,0
EQ-DRILL-RIG-129,drill_rig,1349.3,105.75,6.04,260.75,338.73,66.25,51,3,high,night,1
EQ-CONVEYOR-BELT-089,conveyor_belt,7428.1,65.68,1.14,96.12,83.51,67.84,51,2,medium,night,0
EQ-HAUL-TRUCK-067,haul_truck,5922.2,95.91,1.47,199.29,402.71,71.15,20,2,medium,night,0
EQ-HAUL-TRUCK-041,haul_truck,3486.1,88.84,2.57,135.15,457.42,80.4,14,2,low,night,0
EQ-DRILL-RIG-016,drill_rig,4592.3,75.23,9.7,235.7,306.48,77.84,44,1,medium,day,0
EQ-CONVEYOR-BELT-088,conveyor_belt,2855.1,55.08,3.23,102.61,121.49,54.25,85,1,medium,day,0
EQ-CRUSHER-022,crusher,2681.1,86.25,8.64,202.87,588.89,97.3,35,1,high,night,1
EQ-BALL-MILL-119,ball_mill,5907.5,79.67,8.06,231.0,529.37,66.99,55,1,high,day,0
EQ-CONVEYOR-BELT-062,conveyor_belt,5544.8,61.07,3.87,95.37,172.28,69.73,24,0,medium,day,0
EQ-CRUSHER-053,crusher,8436.1,96.1,8.93,185.24,551.44,79.97,39,0,high,day,1
EQ-CRUSHER-004,crusher,5630.8,90.66,9.39,187.79,595.44,101.67,5,1,high,day,1
EQ-CONVEYOR-BELT-037,conveyor_belt,4530.8,69.96,3.97,108.52,105.54,56.94,23,2,high,night,0
EQ-DRILL-RIG-003,drill_rig,5700.3,83.13,5.51,211.58,450.18,72.63,14,1,low,night,0
EQ-CONVEYOR-BELT-109,conveyor_belt,4787.4,55.76,4.02,63.09,195.94,82.53,110,0,medium,night,0
EQ-CRUSHER-074,crusher,4978.5,90.6,7.99,190.44,550.5,104.46,33,3,medium,day,1
EQ-CONVEYOR-BELT-118,conveyor_belt,5395.5,63.8,4.35,101.62,145.26,49.83,146,0,high,night,0
EQ-CONVEYOR-BELT-085,conveyor_belt,5865.3,65.62,2.46,85.97,223.82,80.39,33,2,medium,night,0
EQ-DRILL-RIG-144,drill_rig,3729.7,81.85,6.83,246.56,547.86,98.0,43,0,high,night,1
EQ-HAUL-TRUCK-118,haul_truck,1234.5,84.63,3.07,165.78,371.86,69.21,31,1,high,day,0
EQ-DRILL-RIG-023,drill_rig,3822.9,90.52,6.78,271.13,398.46,78.75,25,1,medium,day,1
EQ-CRUSHER-018,crusher,2439.2,91.56,6.83,187.23,526.1,93.08,42,1,high,night,1
EQ-HAUL-TRUCK-134,haul_truck,355.4,83.87,5.0,145.45,454.73,80.01,53,3,medium,night,0
EQ-CONVEYOR-BELT-041,conveyor_belt,6509.8,68.54,4.54,90.02,200.29,87.84,17,0,medium,day,0
EQ-CONVEYOR-BELT-115,conveyor_belt,7156.1,68.47,3.0,88.0,258.31,85.45,25,4,medium,day,0
EQ-CRUSHER-095,crusher,2526.1,79.91,7.23,160.14,497.27,79.41,11,0,high,night,0
EQ-DRILL-RIG-106,drill_rig,3306.5,86.44,4.59,231.89,343.57,77.16,7,0,high,night,0
EQ-EXCAVATOR-041,excavator,3644.4,70.96,5.71,239.22,307.52,79.08,53,2,high,night,1
EQ-HAUL-TRUCK-047,haul_truck,2618.5,86.29,5.46,149.67,436.61,82.03,50,1,medium,night,0
EQ-EXCAVATOR-084,excavator,4781.7,73.33,6.32,213.42,468.42,67.01,29,0,medium,night,0
EQ-CRUSHER-004,crusher,2095.2,96.96,8.48,171.85,477.08,69.02,50,0,high,night,1
EQ-CONVEYOR-BELT-047,conveyor_belt,4356.4,66.98,2.32,85.95,249.31,83.27,55,0,high,day,0
EQ-DRILL-RIG-077,drill_rig,5511.7,71.71,7.7,266.22,461.3,77.53,68,0,high,day,0
EQ-CONVEYOR-BELT-031,conveyor_belt,5033.5,64.33,2.38,121.26,254.43,65.02,5,3,medium,night,0
EQ-HAUL-TRUCK-043,haul_truck,4863.4,82.5,4.18,168.87,411.77,83.62,34,1,medium,night,0
EQ-EXCAVATOR-148,excavator,2772.1,84.65,8.51,230.98,281.63,62.76,14,2,low,day,0
EQ-HAUL-TRUCK-044,haul_truck,7003.6,74.81,6.11,172.95,608.71,97.01,19,0,high,day,0
EQ-CONVEYOR-BELT-136,conveyor_belt,6228.4,75.26,1.62,103.44,266.82,69.52,18,1,medium,night,0
EQ-EXCAVATOR-140,excavator,3267.6,87.27,4.26,230.19,362.39,67.42,41,2,high,night,0
EQ-CRUSHER-102,crusher,5275.8,89.92,6.77,204.08,574.93,86.16,22,2,low,day,0
EQ-DRILL-RIG-023,drill_rig,3033.5,72.94,6.58,242.76,377.52,90.34,5,1,high,night,1
EQ-CONVEYOR-BELT-031,conveyor_belt,5320.2,76.15,3.71,33.46,162.65,71.67,46,0,medium,day,0
EQ-EXCAVATOR-141,excavator,2143.5,76.09,3.98,201.69,388.63,62.83,13,1,low,day,0
EQ-EXCAVATOR-001,excavator,6029.2,67.43,5.65,214.23,400.22,59.7,14,2,medium,day,0
EQ-CONVEYOR-BELT-076,conveyor_belt,3115.1,76.22,1.39,106.45,84.57,56.1,158,0,medium,day,0
EQ-CRUSHER-090,crusher,2498.9,85.5,10.73,184.37,617.52,91.58,79,0,high,day,1
EQ-HAUL-TRUCK-126,haul_truck,2326.8,78.62,5.35,149.38,424.78,77.05,22,1,medium,night,0
EQ-DRILL-RIG-135,drill_rig,4453.7,71.01,6.44,273.54,269.3,57.42,16,1,medium,night,0
EQ-CRUSHER-043,crusher,1556.4,89.93,6.78,188.79,488.66,89.04,52,0,low,night,1
EQ-CRUSHER-076,crusher,5046.2,96.5,8.69,199.81,522.55,101.95,180,1,high,night,1
EQ-HAUL-TRUCK-096,haul_truck,3574.2,81.6,3.6,179.16,397.57,74.54,91,2,high,night,0
EQ-EXCAVATOR-145,excavator,5529.0,73.68,5.82,235.54,517.39,91.62,55,2,high,day,0
EQ-EXCAVATOR-084,excavator,1406.0,74.22,6.45,220.82,264.29,59.61,91,1,low,day,0
EQ-EXCAVATOR-019,excavator,4069.4,83.72,4.73,232.22,365.24,74.52,47,2,high,day,1
EQ-CONVEYOR-BELT-139,conveyor_belt,3536.2,66.98,4.58,101.57,181.17,78.43,87,3,medium,night,0
EQ-CRUSHER-077,crusher,2633.2,95.71,8.52,179.94,662.14,109.61,20,2,high,day,1
EQ-BALL-MILL-027,ball_mill,2413.0,79.04,7.71,165.39,647.69,76.31,67,1,low,night,1
EQ-BALL-MILL-029,ball_mill,5207.8,99.11,9.31,171.08,681.71,74.12,32,3,low,night,1
EQ-HAUL-TRUCK-031,haul_truck,2165.9,82.1,3.53,176.1,338.82,75.53,54,1,low,night,0
EQ-HAUL-TRUCK-109,haul_truck,3942.8,78.46,6.34,177.03,361.94,61.65,93,2,high,day,0
EQ-DRILL-RIG-143,drill_rig,1872.1,68.1,6.34,242.5,351.07,82.93,27,0,medium,day,1
EQ-BALL-MILL-067,ball_mill,1669.6,89.95,8.51,164.27,520.31,80.7,19,0,medium,day,0
EQ-DRILL-RIG-015,drill_rig,3819.1,88.03,4.47,277.56,498.29,65.78,71,0,medium,night,0
EQ-HAUL-TRUCK-134,haul_truck,4315.5,94.29,4.37,164.75,499.97,88.2,40,1,high,night,1
EQ-EXCAVATOR-096,excavator,2649.3,75.13,3.74,263.21,271.23,53.38,43,1,medium,night,0
EQ-HAUL-TRUCK-086,haul_truck,4857.2,84.39,7.15,192.96,328.99,66.88,18,1,low,night,0
EQ-DRILL-RIG-010,drill_rig,6227.1,80.55,7.43,221.62,477.61,79.56,52,0,high,day,0
EQ-CONVEYOR-BELT-146,conveyor_belt,5287.2,62.3,3.88,74.04,219.06,77.04,62,2,medium,day,0
EQ-CRUSHER-012,crusher,3825.7,90.45,8.98,209.11,555.44,96.0,22,1,medium,day,1
EQ-CONVEYOR-BELT-092,conveyor_belt,6040.8,64.57,3.94,97.62,173.73,73.72,32,1,medium,day,0
EQ-EXCAVATOR-090,excavator,4135.3,81.93,6.67,199.13,417.58,91.33,22,1,medium,day,0
EQ-CONVEYOR-BELT-078,conveyor_belt,2474.6,54.35,2.57,89.46,131.04,52.43,49,1,low,day,0
EQ-HAUL-TRUCK-083,haul_truck,5062.1,82.58,3.34,138.03,397.38,89.27,78,2,medium,night,0
EQ-CONVEYOR-BELT-060,conveyor_belt,5751.9,59.61,0.44,94.55,202.99,78.34,1,1,medium,day,0
EQ-CONVEYOR-BELT-086,conveyor_belt,1946.6,61.91,2.82,72.78,166.45,74.46,24,0,medium,day,0
EQ-CONVEYOR-BELT-055,conveyor_belt,3400.9,66.4,3.16,58.8,122.2,60.81,108,1,medium,day,0
EQ-EXCAVATOR-072,excavator,2483.2,74.87,5.38,202.84,323.12,74.6,30,3,low,day,0
EQ-DRILL-RIG-102,drill_rig,4190.5,82.37,8.01,234.21,442.32,72.28,41,1,medium,day,0
EQ-CONVEYOR-BELT-112,conveyor_belt,3583.2,69.36,2.59,118.96,126.23,70.4,149,0,medium,day,0
EQ-HAUL-TRUCK-024,haul_truck,2433.8,76.25,4.38,163.88,469.54,67.95,101,4,low,day,1
EQ-HAUL-TRUCK-149,haul_truck,3827.4,85.62,2.44,152.17,377.59,59.34,50,0,medium,night,0
EQ-CONVEYOR-BELT-015,conveyor_belt,4390.9,74.04,4.67,79.3,267.58,87.18,31,0,medium,day,0
EQ-EXCAVATOR-042,excavator,4915.7,84.08,7.06,175.8,405.97,90.55,61,0,medium,day,0
EQ-HAUL-TRUCK-053,haul_truck,7845.1,90.56,1.64,167.7,354.34,51.17,22,1,medium,day,0
EQ-HAUL-TRUCK-049,haul_truck,3490.5,70.81,4.12,184.51,460.64,87.35,23,0,medium,day,0
EQ-HAUL-TRUCK-053,haul_truck,3995.3,74.97,6.16,131.41,531.64,91.85,13,3,medium,night,1
EQ-CRUSHER-049,crusher,3918.3,85.03,4.79,189.93,571.27,84.66,20,0,medium,day,0
EQ-CONVEYOR-BELT-066,conveyor_belt,9347.7,80.11,2.88,75.35,185.99,76.94,30,2,high,night,0
EQ-HAUL-TRUCK-115,haul_truck,3110.2,78.26,4.07,160.13,392.54,81.82,48,3,medium,night,1
EQ-CONVEYOR-BELT-125,conveyor_belt,3567.0,62.94,4.28,101.05,239.58,84.33,51,0,medium,night,0
EQ-EXCAVATOR-053,excavator,3688.7,78.96,5.18,186.72,294.11,65.19,28,1,low,day,0
EQ-EXCAVATOR-039,excavator,2145.4,84.19,5.95,194.22,357.41,100.31,41,0,medium,day,0
EQ-EXCAVATOR-102,excavator,4790.9,81.08,2.75,217.51,288.12,61.09,83,0,high,day,0
EQ-DRILL-RIG-009,drill_rig,4244.3,84.94,4.74,208.88,381.08,77.05,59,2,low,night,0
EQ-BALL-MILL-067,ball_mill,3036.6,86.09,7.49,162.39,635.98,85.3,18,0,low,day,1
EQ-CRUSHER-034,crusher,4896.0,97.05,8.86,160.54,496.99,77.16,35,2,medium,night,1
EQ-HAUL-TRUCK-092,haul_truck,4566.5,74.79,5.51,147.98,520.03,66.36,75,2,medium,day,0
EQ-EXCAVATOR-012,excavator,2402.8,77.33,4.31,204.7,315.1,80.12,21,2,high,day,0
EQ-HAUL-TRUCK-125,haul_truck,4814.0,71.83,3.42,186.33,413.77,64.77,17,4,low,day,0
EQ-DRILL-RIG-041,drill_rig,1599.7,73.15,6.5,247.63,338.26,81.49,22,0,high,day,0
EQ-HAUL-TRUCK-078,haul_truck,4013.5,85.54,6.69,194.71,422.94,72.66,31,0,medium,night,0
EQ-BALL-MILL-086,ball_mill,2660.2,90.44,7.11,135.58,693.53,103.68,18,2,high,night,0
EQ-CONVEYOR-BELT-072,conveyor_belt,7091.5,65.16,2.52,80.07,218.75,88.8,23,1,medium,day,0
EQ-CRUSHER-068,crusher,6050.3,92.33,6.97,177.75,618.8,74.68,84,1,medium,day,0
EQ-DRILL-RIG-041,drill_rig,7125.9,77.28,7.92,235.34,392.0,85.83,77,0,low,night,0
EQ-HAUL-TRUCK-116,haul_truck,2793.7,86.71,3.91,134.71,492.13,87.73,5,0,high,day,0
EQ-DRILL-RIG-078,drill_rig,2448.8,96.34,5.99,245.76,424.44,81.48,9,1,low,night,0
EQ-HAUL-TRUCK-033,haul_truck,3743.4,79.33,6.9,173.22,310.66,74.67,59,1,low,day,0
EQ-DRILL-RIG-040,drill_rig,2929.9,91.39,6.17,242.55,494.47,77.57,21,0,medium,night,0
EQ-CRUSHER-066,crusher,2656.5,80.89,6.68,176.28,565.37,96.19,17,2,high,night,1
EQ-HAUL-TRUCK-127,haul_truck,6264.9,85.38,4.67,233.39,417.79,61.49,45,2,medium,day,0
EQ-DRILL-RIG-145,drill_rig,6225.2,86.83,6.85,241.3,405.21,81.44,54,2,medium,night,0
EQ-HAUL-TRUCK-059,haul_truck,5458.4,83.42,3.26,164.72,425.94,67.91,58,1,medium,day,0
EQ-HAUL-TRUCK-060,haul_truck,1662.3,81.66,3.72,159.41,540.9,79.86,55,0,high,day,0
EQ-DRILL-RIG-020,drill_rig,4598.7,88.95,5.86,249.46,406.89,75.48,47,0,high,night,0
EQ-CRUSHER-082,crusher,3443.1,86.84,8.91,186.47,566.17,78.37,29,2,medium,day,1
EQ-BALL-MILL-036,ball_mill,5241.4,87.96,5.55,153.55,562.55,85.59,65,1,low,day,1
EQ-CONVEYOR-BELT-123,conveyor_belt,5136.2,72.4,4.45,95.34,134.35,66.6,62,0,low,night,0
EQ-CONVEYOR-BELT-081,conveyor_belt,4356.7,66.71,4.86,72.97,149.52,66.38,71,0,medium,night,0
EQ-EXCAVATOR-034,excavator,6290.6,83.96,5.95,197.38,329.39,46.9,17,1,medium,day,0
EQ-HAUL-TRUCK-138,haul_truck,4292.6,82.45,5.67,169.17,590.4,91.02,17,2,medium,night,1
EQ-BALL-MILL-123,ball_mill,1525.4,78.04,5.29,157.15,627.16,83.52,152,1,medium,day,1
EQ-HAUL-TRUCK-046,haul_truck,3328.1,86.99,3.42,180.25,460.68,84.7,71,3,medium,night,0
EQ-CRUSHER-019,crusher,2808.1,94.57,5.02,161.22,573.75,78.87,22,1,medium,day,0
EQ-EXCAVATOR-040,excavator,2435.7,78.61,8.14,205.71,338.12,68.93,29,1,low,night,0
EQ-EXCAVATOR-057,excavator,2513.9,82.33,7.31,197.23,373.7,73.23,54,1,high,day,0
EQ-CONVEYOR-BELT-061,conveyor_belt,3130.4,59.31,2.29,100.62,95.42,70.3,59,1,high,day,0
EQ-DRILL-RIG-124,drill_rig,2924.3,82.33,6.88,252.18,354.17,82.12,7,2,medium,night,0
EQ-DRILL-RIG-146,drill_rig,4727.4,73.98,5.65,239.97,362.24,88.9,44,1,medium,day,0
EQ-DRILL-RIG-113,drill_rig,2728.0,96.34,6.99,236.79,351.3,95.97,62,1,high,day,0
EQ-EXCAVATOR-127,excavator,4828.4,84.32,7.71,203.41,282.28,74.01,23,0,high,day,1
EQ-CRUSHER-019,crusher,5677.6,103.45,10.24,224.43,433.62,78.58,7,1,medium,night,0
EQ-HAUL-TRUCK-023,haul_truck,4778.9,73.47,5.11,190.84,423.09,68.41,57,0,low,day,0
EQ-CONVEYOR-BELT-137,conveyor_belt,4054.9,75.54,4.13,111.6,145.22,46.49,11,1,high,night,0
EQ-EXCAVATOR-093,excavator,4998.6,86.14,4.94,177.47,366.81,68.65,79,1,medium,day,0
EQ-CONVEYOR-BELT-036,conveyor_belt,2469.7,61.78,3.76,94.25,298.3,80.48,15,0,medium,night,0
EQ-HAUL-TRUCK-119,haul_truck,1638.7,87.55,3.86,194.58,425.98,77.41,41,2,medium,night,0
EQ-DRILL-RIG-027,drill_rig,5096.2,71.66,6.1,212.8,283.27,88.95,8,0,high,day,0
EQ-DRILL-RIG-116,drill_rig,4273.6,71.98,6.79,254.25,453.02,91.9,40,2,medium,night,0
EQ-DRILL-RIG-133,drill_rig,7346.2,81.83,6.79,211.83,524.27,66.59,35,2,medium,day,0
EQ-HAUL-TRUCK-074,haul_truck,5721.4,61.5,3.56,138.28,457.61,88.92,28,1,medium,day,0
EQ-BALL-MILL-099,ball_mill,3333.1,97.72,5.85,205.02,647.76,79.51,23,1,medium,night,1
EQ-EXCAVATOR-110,excavator,3520.9,82.46,6.0,240.1,354.99,78.47,29,3,medium,night,0
EQ-EXCAVATOR-133,excavator,4120.4,86.9,5.65,204.49,427.19,68.23,23,0,medium,night,1
EQ-EXCAVATOR-088,excavator,3606.6,63.33,4.86,196.79,510.94,89.91,54,0,medium,night,0
EQ-EXCAVATOR-045,excavator,4079.4,84.59,5.42,204.38,403.02,79.23,42,2,high,day,0
EQ-CONVEYOR-BELT-031,conveyor_belt,2987.3,55.76,1.94,67.21,202.22,74.35,38,2,medium,night,0
EQ-EXCAVATOR-054,excavator,5346.4,87.95,5.36,190.53,378.1,59.31,40,2,medium,day,0
EQ-CRUSHER-009,crusher,4660.9,92.95,8.01,203.22,449.24,87.65,26,1,medium,night,1
EQ-CONVEYOR-BELT-105,conveyor_belt,3730.1,59.88,3.28,98.68,209.27,61.52,46,2,medium,night,0
EQ-DRILL-RIG-056,drill_rig,2310.6,79.77,5.45,226.27,498.61,86.24,63,4,low,day,1
EQ-CONVEYOR-BELT-107,conveyor_belt,3703.6,68.94,3.8,73.75,107.28,67.26,50,1,medium,night,0
EQ-CONVEYOR-BELT-010,conveyor_belt,4394.6,67.13,0.54,94.87,41.24,54.89,61,2,medium,night,0
EQ-HAUL-TRUCK-049,haul_truck,3607.8,85.26,3.68,186.04,413.62,77.19,53,1,medium,night,0
EQ-DRILL-RIG-060,drill_rig,3257.2,91.56,5.48,231.99,437.19,78.6,45,2,low,night,1
EQ-HAUL-TRUCK-014,haul_truck,1382.5,87.71,2.37,158.9,454.06,60.05,13,1,medium,night,0
EQ-EXCAVATOR-125,excavator,9497.2,84.93,4.17,234.45,360.44,78.42,20,1,low,night,0
EQ-HAUL-TRUCK-090,haul_truck,2628.0,77.22,4.92,156.19,496.41,70.22,8,1,medium,day,0
EQ-CONVEYOR-BELT-127,conveyor_belt,4499.2,62.09,2.44,47.7,183.85,81.85,62,1,medium,night,0
EQ-EXCAVATOR-121,excavator,2436.3,74.09,5.86,178.55,383.99,73.37,14,1,high,day,0
EQ-CONVEYOR-BELT-006,conveyor_belt,4330.9,81.21,3.58,110.5,319.97,70.08,18,1,medium,day,0
EQ-EXCAVATOR-130,excavator,4511.7,77.91,5.51,212.1,294.92,48.48,27,1,high,night,0
EQ-CRUSHER-011,crusher,3384.9,85.52,7.31,190.3,487.67,76.6,27,0,high,night,0
EQ-CRUSHER-131,crusher,3599.1,82.75,6.17,187.18,570.76,100.13,31,3,high,night,0
EQ-HAUL-TRUCK-101,haul_truck,2884.7,94.44,4.51,154.27,428.92,42.13,64,2,high,day,0
EQ-CRUSHER-123,crusher,9497.9,88.56,7.02,206.25,504.46,69.58,44,1,low,day,1
EQ-CONVEYOR-BELT-075,conveyor_belt,5498.9,57.35,1.54,96.09,97.01,76.15,51,3,medium,night,0
EQ-CRUSHER-025,crusher,4064.5,88.81,9.57,151.4,622.98,99.62,17,1,medium,day,0
EQ-HAUL-TRUCK-023,haul_truck,3021.9,92.0,3.86,176.45,515.07,81.14,52,0,medium,day,0
EQ-CONVEYOR-BELT-018,conveyor_belt,5263.1,59.8,0.98,94.42,242.25,70.51,16,3,medium,day,0
EQ-EXCAVATOR-121,excavator,5287.0,91.67,4.43,245.41,408.84,90.72,30,0,medium,night,0
EQ-HAUL-TRUCK-081,haul_truck,2458.2,83.46,4.01,148.71,494.0,92.24,22,3,low,day,0
EQ-HAUL-TRUCK-033,haul_truck,1856.4,93.33,3.05,189.98,513.06,94.05,23,0,low,day,1
EQ-CRUSHER-019,crusher,3005.3,94.04,7.84,191.77,461.66,74.41,128,1,medium,night,1
EQ-EXCAVATOR-012,excavator,2944.7,94.88,3.88,192.77,326.11,62.82,25,2,medium,day,0
EQ-CONVEYOR-BELT-039,conveyor_belt,1943.9,66.52,4.99,112.1,235.08,88.54,6,2,high,night,0
EQ-EXCAVATOR-113,excavator,2617.9,82.94,5.24,163.2,386.55,75.23,61,2,medium,night,0
EQ-DRILL-RIG-134,drill_rig,2322.9,66.15,6.14,201.67,433.56,67.06,32,1,low,night,0
EQ-EXCAVATOR-092,excavator,6331.3,100.76,5.61,206.96,402.48,78.21,50,2,low,day,1
EQ-CONVEYOR-BELT-150,conveyor_belt,4397.5,54.51,5.8,52.87,186.37,58.46,18,2,medium,day,0
EQ-DRILL-RIG-060,drill_rig,4638.7,84.22,4.43,203.26,394.78,69.05,31,0,medium,day,0
EQ-CRUSHER-050,crusher,5416.1,86.71,8.18,158.13,447.53,69.68,34,1,high,night,1
EQ-HAUL-TRUCK-104,haul_truck,2413.0,78.39,3.94,156.72,474.33,77.09,34,1,medium,day,0
EQ-CRUSHER-021,crusher,4676.2,94.59,9.14,204.79,492.4,88.09,32,1,high,day,0
EQ-BALL-MILL-137,ball_mill,3232.0,89.29,4.82,141.72,512.96,66.29,58,1,medium,day,0
EQ-BALL-MILL-118,ball_mill,6325.5,77.62,6.21,171.66,553.92,85.59,64,1,medium,night,0
EQ-EXCAVATOR-006,excavator,5932.7,78.09,4.42,205.61,374.63,74.18,18,2,medium,night,0
EQ-DRILL-RIG-029,drill_rig,6873.2,80.56,5.72,214.29,460.1,88.11,62,2,low,day,0
EQ-EXCAVATOR-095,excavator,2530.6,86.3,7.4,206.87,398.4,82.61,19,1,low,night,0
EQ-HAUL-TRUCK-111,haul_truck,3625.5,90.16,5.3,177.94,334.58,68.06,48,3,medium,day,0
EQ-CONVEYOR-BELT-033,conveyor_belt,2920.2,62.9,3.94,72.16,169.04,59.35,6,0,medium,night,0
EQ-CRUSHER-113,crusher,2813.1,88.87,6.58,166.04,610.68,90.88,59,1,low,night,0
EQ-CRUSHER-072,crusher,2983.9,84.92,5.43,191.78,582.01,86.55,45,2,medium,night,1
EQ-DRILL-RIG-102,drill_rig,5099.9,82.13,5.0,241.48,471.53,86.77,20,1,medium,night,0
EQ-EXCAVATOR-064,excavator,2860.1,69.8,9.32,195.9,484.65,83.57,36,1,low,day,0
EQ-CONVEYOR-BELT-069,conveyor_belt,2622.9,52.92,2.74,81.57,118.42,55.8,32,1,medium,day,0
EQ-EXCAVATOR-059,excavator,2826.7,80.95,10.22,215.4,368.71,76.08,39,1,low,night,1
EQ-HAUL-TRUCK-024,haul_truck,2012.5,95.38,3.82,172.45,416.3,75.44,39,1,medium,night,0
EQ-EXCAVATOR-029,excavator,2878.7,69.47,4.52,228.26,388.75,63.48,32,0,medium,day,0
EQ-BALL-MILL-026,ball_mill,6019.8,89.78,5.9,184.59,556.84,74.46,87,1,medium,day,0
EQ-CRUSHER-121,crusher,8434.3,101.11,6.3,227.74,469.19,86.52,25,1,medium,day,1
EQ-HAUL-TRUCK-064,haul_truck,3258.4,76.01,5.21,137.95,407.71,79.43,47,1,medium,day,0
EQ-CONVEYOR-BELT-057,conveyor_belt,6166.7,67.92,2.66,39.96,178.65,79.27,43,0,low,night,0
EQ-BALL-MILL-129,ball_mill,7428.1,82.21,8.09,174.49,584.78,82.18,27,2,medium,day,0
EQ-BALL-MILL-134,ball_mill,5880.8,99.27,8.11,145.65,548.8,77.74,80,0,medium,night,1
EQ-CONVEYOR-BELT-036,conveyor_belt,1593.2,63.53,4.08,95.45,175.37,48.04,17,1,low,day,0
EQ-EXCAVATOR-054,excavator,3231.4,84.01,4.62,196.98,359.87,75.11,53,0,medium,night,0
EQ-CONVEYOR-BELT-062,conveyor_belt,6707.8,64.9,2.17,66.42,186.68,50.04,47,0,low,night,0
EQ-DRILL-RIG-126,drill_rig,5207.2,72.68,5.92,238.1,379.61,63.78,44,1,medium,night,0
EQ-DRILL-RIG-101,drill_rig,5682.1,79.38,7.13,218.11,293.75,74.66,36,2,medium,night,0
EQ-DRILL-RIG-082,drill_rig,3877.6,82.11,7.31,260.33,427.72,61.72,61,2,high,day,1
EQ-CRUSHER-036,crusher,4439.2,99.02,7.7,209.6,585.44,88.79,13,0,high,day,1
EQ-HAUL-TRUCK-058,haul_truck,3411.5,86.04,5.91,140.23,459.09,91.5,20,2,medium,night,1
EQ-CONVEYOR-BELT-005,conveyor_belt,6128.5,77.5,5.04,117.22,80.97,62.83,45,1,high,night,0
EQ-HAUL-TRUCK-106,haul_truck,3431.9,75.15,3.24,174.7,436.41,81.85,21,2,medium,night,0
EQ-HAUL-TRUCK-138,haul_truck,4146.7,91.35,7.58,129.97,431.64,59.39,18,1,medium,night,0
EQ-CRUSHER-118,crusher,2995.9,92.08,7.31,162.59,503.37,83.41,74,0,high,day,0
EQ-CONVEYOR-BELT-047,conveyor_belt,2642.2,66.73,3.95,70.63,205.6,80.43,76,0,high,day,0
EQ-DRILL-RIG-073,drill_rig,6352.1,102.45,8.08,222.14,351.78,71.82,47,0,high,night,1
EQ-DRILL-RIG-144,drill_rig,6071.0,89.92,6.35,264.41,343.31,68.47,21,1,high,night,0
EQ-DRILL-RIG-064,drill_rig,2833.5,74.19,4.61,224.24,386.24,75.69,25,3,medium,night,1
EQ-DRILL-RIG-126,drill_rig,4493.6,97.02,4.72,215.69,423.14,84.62,40,1,high,night,0
EQ-CONVEYOR-BELT-087,conveyor_belt,6055.2,54.04,4.41,114.47,180.92,78.74,30,0,medium,night,0
EQ-HAUL-TRUCK-075,haul_truck,9102.5,95.17,6.28,163.18,431.15,86.69,54,1,low,night,1
EQ-CONVEYOR-BELT-088,conveyor_belt,4656.7,59.21,3.86,68.2,84.52,57.66,15,2,low,day,0
EQ-HAUL-TRUCK-034,haul_truck,5931.3,81.67,3.96,149.7,265.92,56.83,15,1,medium,night,0
EQ-HAUL-TRUCK-064,haul_truck,5892.1,81.76,2.42,150.93,458.61,79.97,32,0,low,day,0
EQ-HAUL-TRUCK-046,haul_truck,5547.2,78.42,3.74,168.36,460.87,96.34,77,4,low,day,1
EQ-DRILL-RIG-114,drill_rig,1742.6,87.82,6.66,288.74,433.92,67.26,46,0,medium,night,0
EQ-CONVEYOR-BELT-092,conveyor_belt,4413.8,69.43,1.89,115.83,203.8,48.89,38,1,medium,day,0
EQ-BALL-MILL-060,ball_mill,3454.0,80.89,4.72,167.11,631.09,51.65,38,2,low,day,0
EQ-BALL-MILL-124,ball_mill,2594.4,88.48,4.52,109.57,590.5,78.71,74,2,medium,night,1
EQ-BALL-MILL-068,ball_mill,2446.2,89.53,6.06,192.67,546.29,77.74,99,2,medium,night,1
EQ-HAUL-TRUCK-143,haul_truck,3002.7,104.45,7.25,189.06,424.72,59.96,15,1,high,day,0
EQ-DRILL-RIG-091,drill_rig,6644.1,81.7,5.53,185.5,452.19,64.88,41,3,medium,night,0
EQ-DRILL-RIG-133,drill_rig,2403.3,81.98,5.03,237.39,424.02,76.1,43,1,medium,night,0
EQ-DRILL-RIG-149,drill_rig,5573.2,80.33,7.53,213.8,449.38,75.91,25,2,high,day,0
EQ-HAUL-TRUCK-050,haul_truck,7280.3,82.14,5.45,171.89,368.96,76.52,19,3,high,night,0
EQ-HAUL-TRUCK-040,haul_truck,2996.9,79.11,4.07,130.0,459.41,77.14,7,2,medium,night,0
EQ-BALL-MILL-126,ball_mill,7027.5,92.57,7.56,179.68,635.8,89.2,36,0,low,night,1
EQ-HAUL-TRUCK-035,haul_truck,6165.4,89.4,4.22,161.08,389.74,77.92,95,1,medium,night,0
EQ-EXCAVATOR-113,excavator,3406.1,78.29,4.39,214.51,437.74,86.92,61,3,high,night,0
EQ-CRUSHER-027,crusher,4222.5,85.06,7.13,189.93,439.67,75.06,36,0,high,night,0
EQ-HAUL-TRUCK-131,haul_truck,2771.9,86.38,6.98,178.59,363.42,86.93,45,1,high,day,1
EQ-HAUL-TRUCK-104,haul_truck,3786.1,106.08,5.32,152.8,401.98,70.44,35,2,high,night,1
EQ-BALL-MILL-079,ball_mill,11186.4,101.29,4.36,145.59,574.34,91.53,35,0,medium,night,0
EQ-DRILL-RIG-068,drill_rig,4113.2,80.19,8.19,203.53,376.32,62.37,62,2,low,day,0
EQ-BALL-MILL-096,ball_mill,3135.1,88.46,10.1,192.82,553.19,87.56,37,1,low,night,0
EQ-EXCAVATOR-059,excavator,1767.8,70.93,6.5,194.02,418.21,72.56,14,0,low,night,0
EQ-EXCAVATOR-060,excavator,4657.1,86.53,3.8,256.13,390.97,57.89,17,1,low,day,0
EQ-CRUSHER-031,crusher,2568.6,91.42,8.16,186.55,507.92,72.22,26,1,low,day,0
EQ-CRUSHER-024,crusher,2199.7,86.72,7.13,183.82,537.89,88.22,44,0,medium,night,1
EQ-HAUL-TRUCK-134,haul_truck,4611.6,100.9,4.43,157.75,355.97,85.31,18,0,high,day,1
EQ-DRILL-RIG-113,drill_rig,2733.0,84.24,6.98,229.39,360.15,82.07,7,1,low,night,0
EQ-BALL-MILL-067,ball_mill,5658.8,95.62,7.44,165.15,594.06,76.99,28,1,high,day,1
EQ-CRUSHER-125,crusher,1687.2,99.15,6.27,221.82,589.33,89.65,49,0,high,night,1
EQ-CRUSHER-092,crusher,5050.2,92.35,6.44,183.71,549.15,93.47,65,2,low,night,1
EQ-CRUSHER-090,crusher,7820.6,80.8,8.38,235.47,582.17,76.68,20,2,low,day,0
EQ-HAUL-TRUCK-017,haul_truck,4811.3,89.81,2.5,147.94,393.55,74.95,31,1,medium,night,0
EQ-EXCAVATOR-081,excavator,5805.8,85.09,6.34,233.02,440.42,86.55,15,0,high,day,1
EQ-CRUSHER-017,crusher,2896.5,89.78,9.37,170.95,629.23,96.02,24,1,medium,day,1
EQ-CRUSHER-103,crusher,5910.4,96.33,9.99,186.77,547.59,104.61,8,3,low,night,1
EQ-CRUSHER-011,crusher,4779.7,78.98,6.98,185.38,523.84,83.43,12,0,medium,day,1
EQ-DRILL-RIG-078,drill_rig,4275.6,86.12,7.32,265.41,463.14,66.1,12,1,high,night,0
EQ-EXCAVATOR-056,excavator,6679.5,74.04,5.99,252.0,423.62,68.9,67,1,medium,night,0
EQ-HAUL-TRUCK-020,haul_truck,5201.7,90.52,4.61,184.48,445.33,79.3,18,3,medium,day,1
EQ-HAUL-TRUCK-071,haul_truck,2636.7,89.12,5.41,137.79,328.7,62.49,55,0,medium,day,0
EQ-HAUL-TRUCK-031,haul_truck,3372.3,90.82,5.77,150.87,477.92,89.71,12,2,low,night,0
EQ-CONVEYOR-BELT-037,conveyor_belt,7352.7,61.33,5.25,84.55,199.39,88.84,33,0,high,day,0
EQ-DRILL-RIG-134,drill_rig,2507.2,79.1,5.83,242.82,368.12,90.98,41,0,low,night,0
EQ-BALL-MILL-053,ball_mill,2507.2,85.56,6.77,177.34,513.85,87.09,47,2,high,day,0
EQ-CONVEYOR-BELT-061,conveyor_belt,5637.3,66.47,3.89,74.65,174.93,64.15,6,0,medium,night,0
EQ-CRUSHER-001,crusher,3315.2,90.37,7.6,191.34,554.4,67.49,47,0,low,day,1
EQ-HAUL-TRUCK-046,haul_truck,7903.3,87.67,3.47,136.81,364.34,79.7,52,1,medium,day,0
EQ-CRUSHER-053,crusher,5257.2,101.19,8.08,202.8,510.55,71.27,3,3,low,night,1
EQ-EXCAVATOR-108,excavator,3446.5,71.42,7.09,229.35,337.83,83.67,16,1,low,day,0
EQ-DRILL-RIG-018,drill_rig,4789.4,84.33,5.8,195.4,351.37,84.27,50,2,medium,night,0
EQ-CRUSHER-140,crusher,2907.3,85.38,7.94,213.86,577.59,77.72,92,4,high,day,0
EQ-EXCAVATOR-020,excavator,8462.6,70.39,6.44,181.48,298.89,67.94,49,1,high,day,0
EQ-EXCAVATOR-098,excavator,4348.0,73.59,5.89,193.6,451.14,79.62,4,3,medium,day,0
EQ-HAUL-TRUCK-001,haul_truck,3590.9,78.44,4.96,177.37,396.89,84.44,47,1,medium,night,0
EQ-BALL-MILL-123,ball_mill,3121.5,91.41,5.23,170.48,564.09,77.2,12,0,high,night,0
EQ-HAUL-TRUCK-105,haul_truck,2604.5,78.24,5.88,137.32,403.39,90.31,41,0,medium,day,0
EQ-HAUL-TRUCK-126,haul_truck,2770.7,90.3,6.82,143.61,463.12,74.83,50,0,low,night,0
EQ-HAUL-TRUCK-140,haul_truck,3001.5,81.99,4.31,153.01,441.09,75.2,41,1,medium,night,0
EQ-DRILL-RIG-126,drill_rig,1996.3,85.72,2.24,204.45,427.31,89.77,59,0,medium,day,0
EQ-CRUSHER-094,crusher,3439.1,77.81,8.04,182.96,546.24,61.85,19,0,medium,day,0
EQ-CONVEYOR-BELT-126,conveyor_belt,3726.7,58.56,1.63,129.39,265.82,79.36,51,1,medium,day,0
EQ-EXCAVATOR-015,excavator,4833.9,73.27,4.8,224.8,312.72,71.09,26,0,medium,day,0
EQ-HAUL-TRUCK-097,haul_truck,2822.6,94.89,7.03,162.66,368.15,58.32,50,2,medium,night,1
EQ-DRILL-RIG-149,drill_rig,2723.8,83.67,7.71,218.35,388.91,73.51,14,1,medium,day,0
EQ-HAUL-TRUCK-057,haul_truck,3889.7,89.08,5.62,151.45,320.91,79.9,20,1,medium,day,0
EQ-HAUL-TRUCK-147,haul_truck,3603.5,77.19,4.34,160.08,463.42,93.04,56,2,medium,night,0
EQ-CONVEYOR-BELT-076,conveyor_belt,4664.2,61.09,1.86,110.92,247.63,79.45,32,0,high,day,0
EQ-HAUL-TRUCK-071,haul_truck,1726.6,75.47,3.45,117.73,368.31,77.36,18,2,low,night,0
EQ-HAUL-TRUCK-046,haul_truck,4803.6,76.36,1.66,174.93,346.68,68.84,57,2,medium,night,0
EQ-DRILL-RIG-017,drill_rig,3863.3,85.85,7.55,209.35,445.19,92.91,21,3,medium,day,0
EQ-CRUSHER-132,crusher,1346.4,110.4,8.65,180.86,448.3,85.16,45,1,medium,night,0
EQ-EXCAVATOR-109,excavator,3473.3,80.8,6.38,202.91,365.02,67.15,21,1,medium,day,0
EQ-EXCAVATOR-061,excavator,5499.8,80.93,7.51,224.81,446.69,79.37,92,2,medium,night,0
EQ-CONVEYOR-BELT-145,conveyor_belt,4078.4,64.37,0.2,86.36,227.81,58.28,37,1,medium,day,0
EQ-HAUL-TRUCK-028,haul_truck,3640.7,90.99,3.65,167.02,489.96,87.73,33,2,medium,night,0
EQ-HAUL-TRUCK-117,haul_truck,2872.8,93.65,6.7,161.48,355.13,62.19,64,0,medium,night,1
EQ-CONVEYOR-BELT-068,conveyor_belt,1716.4,72.82,3.0,52.8,110.32,65.18,19,0,medium,night,0
EQ-CONVEYOR-BELT-094,conveyor_belt,3972.6,64.51,3.14,68.71,285.22,79.08,54,0,high,night,0
EQ-BALL-MILL-006,ball_mill,6065.4,94.75,8.18,160.95,530.73,83.28,18,1,high,night,0
EQ-EXCAVATOR-092,excavator,7351.8,71.35,5.45,205.7,338.82,65.27,32,1,medium,day,0
EQ-HAUL-TRUCK-102,haul_truck,2459.4,80.77,4.14,105.08,424.88,71.28,23,2,low,night,0
EQ-CRUSHER-147,crusher,4136.3,76.73,6.66,183.64,574.89,88.38,13,1,high,day,1
EQ-CONVEYOR-BELT-052,conveyor_belt,4237.8,74.52,4.5,92.63,143.76,67.78,13,0,medium,night,0
EQ-HAUL-TRUCK-011,haul_truck,3238.8,85.47,2.47,160.69,369.72,70.6,23,1,medium,night,0
EQ-CONVEYOR-BELT-010,conveyor_belt,6112.2,65.96,5.34,77.17,97.23,54.04,52,3,high,day,0
EQ-HAUL-TRUCK-023,haul_truck,4314.5,86.24,3.88,144.88,504.97,87.77,152,0,medium,day,1
EQ-DRILL-RIG-045,drill_rig,2134.1,74.98,6.35,260.9,509.35,81.66,13,4,medium,day,0
EQ-DRILL-RIG-125,drill_rig,3672.1,83.52,8.24,242.6,410.29,86.39,31,0,low,day,1
EQ-CRUSHER-030,crusher,5660.1,93.95,6.85,205.61,566.22,87.65,26,3,high,night,1
EQ-BALL-MILL-022,ball_mill,2259.2,86.92,6.46,154.72,637.85,95.13,53,0,medium,day,1
EQ-BALL-MILL-005,ball_mill,3867.7,98.49,4.81,197.63,581.62,85.0,76,2,high,night,0
EQ-HAUL-TRUCK-058,haul_truck,4002.2,88.13,4.99,145.8,470.2,80.5,39,1,low,day,0
EQ-EXCAVATOR-091,excavator,4317.8,69.05,5.37,227.68,300.7,54.84,14,3,low,day,0
EQ-CONVEYOR-BELT-043,conveyor_belt,5301.9,58.7,3.99,68.71,207.0,68.89,27,0,low,day,0
EQ-HAUL-TRUCK-075,haul_truck,3035.3,84.56,4.28,159.49,477.51,71.51,47,2,high,day,0
EQ-CRUSHER-037,crusher,7922.2,97.83,7.97,158.2,527.46,68.33,28,3,low,night,0
EQ-EXCAVATOR-121,excavator,4554.3,93.65,3.51,253.17,322.97,81.92,16,0,high,day,0
EQ-BALL-MILL-004,ball_mill,9004.0,84.76,6.75,167.2,623.87,104.88,34,1,medium,night,1
EQ-CRUSHER-031,crusher,3258.0,103.92,5.87,175.17,510.24,62.4,29,3,high,night,1
EQ-DRILL-RIG-085,drill_rig,4951.3,72.58,7.07,219.94,372.51,87.74,41,1,medium,day,1
EQ-CRUSHER-127,crusher,837.6,92.1,6.92,224.84,570.45,91.55,55,2,medium,day,1
EQ-HAUL-TRUCK-061,haul_truck,8227.6,85.04,5.31,186.32,489.33,72.37,73,1,low,day,1
EQ-DRILL-RIG-011,drill_rig,4652.1,87.22,6.5,228.94,444.61,84.81,101,0,medium,day,0
EQ-HAUL-TRUCK-083,haul_truck,3252.4,84.99,4.45,200.47,357.93,79.88,128,1,medium,night,1
EQ-HAUL-TRUCK-041,haul_truck,1930.5,71.08,4.09,186.47,549.39,80.2,11,0,low,day,0
EQ-EXCAVATOR-046,excavator,4696.7,87.14,4.16,180.79,373.68,67.6,43,3,high,day,1
EQ-CONVEYOR-BELT-139,conveyor_belt,3081.7,57.2,0.61,86.63,146.04,64.82,7,2,low,night,0
EQ-EXCAVATOR-142,excavator,5978.7,84.51,4.39,174.43,384.01,77.11,39,1,medium,day,0
EQ-HAUL-TRUCK-039,haul_truck,7798.5,95.08,4.82,157.1,303.74,79.64,51,1,medium,night,0
EQ-EXCAVATOR-089,excavator,4358.2,79.27,4.63,203.93,462.43,76.68,11,2,medium,night,0
EQ-EXCAVATOR-082,excavator,5599.8,69.28,7.79,208.73,408.71,81.47,104,0,low,night,0
EQ-HAUL-TRUCK-145,haul_truck,3488.6,89.21,3.16,195.62,388.2,70.64,12,0,high,day,0
EQ-CRUSHER-142,crusher,1221.2,98.5,8.3,138.7,686.23,107.93,15,0,low,day,1
EQ-HAUL-TRUCK-053,haul_truck,4847.0,82.66,5.34,192.57,436.7,89.84,52,1,medium,day,0
EQ-EXCAVATOR-004,excavator,5394.9,80.19,4.88,198.3,472.33,83.89,44,3,low,night,0
EQ-CONVEYOR-BELT-001,conveyor_belt,3517.6,62.53,4.28,109.42,243.88,80.6,44,1,low,day,0
EQ-CONVEYOR-BELT-001,conveyor_belt,1807.5,64.28,2.67,129.73,154.86,78.11,2,3,medium,day,0
EQ-EXCAVATOR-118,excavator,3069.6,78.21,5.7,218.4,442.74,79.34,46,1,high,night,0
EQ-EXCAVATOR-111,excavator,4733.1,98.56,5.31,202.54,429.89,80.81,42,6,medium,night,1
EQ-EXCAVATOR-125,excavator,3457.9,74.17,6.33,192.29,343.02,84.01,22,1,medium,night,0
EQ-BALL-MILL-021,ball_mill,3671.9,85.21,7.82,156.48,531.08,92.84,9,1,low,day,0
EQ-HAUL-TRUCK-009,haul_truck,7288.5,83.2,3.8,161.61,376.89,95.56,33,1,high,night,0
EQ-HAUL-TRUCK-026,haul_truck,4627.7,77.04,4.9,119.24,440.65,93.57,56,1,low,day,0
EQ-CRUSHER-094,crusher,8748.2,89.88,7.24,204.92,592.01,99.61,69,1,medium,night,1
EQ-HAUL-TRUCK-002,haul_truck,2064.3,71.88,5.56,141.26,516.35,91.45,27,2,low,day,0
EQ-HAUL-TRUCK-100,haul_truck,1845.6,75.63,4.83,112.13,497.91,104.16,75,1,low,night,0
EQ-HAUL-TRUCK-134,haul_truck,5208.1,76.94,4.7,149.67,331.45,70.32,8,0,low,night,0
EQ-CONVEYOR-BELT-022,conveyor_belt,6300.3,59.19,3.27,70.02,162.63,58.72,57,3,low,day,0
EQ-CONVEYOR-BELT-111,conveyor_belt,5108.2,58.42,5.23,75.78,274.45,71.51,32,0,medium,night,0
EQ-CONVEYOR-BELT-083,conveyor_belt,9697.6,48.61,1.78,113.34,166.04,50.25,8,1,medium,day,0
EQ-DRILL-RIG-142,drill_rig,7433.8,72.86,7.63,209.76,472.36,63.29,67,0,high,day,0
EQ-EXCAVATOR-037,excavator,6551.7,85.89,4.47,215.86,437.24,68.04,33,1,low,day,0
EQ-BALL-MILL-035,ball_mill,2839.0,82.96,7.25,163.46,626.67,72.39,59,3,medium,night,1
EQ-CONVEYOR-BELT-003,conveyor_belt,2705.6,61.71,1.08,67.14,152.83,59.51,30,1,medium,day,0
EQ-DRILL-RIG-106,drill_rig,6672.0,87.05,5.54,218.76,447.17,72.57,30,4,low,day,1
EQ-CONVEYOR-BELT-131,conveyor_belt,3654.6,63.3,3.49,78.37,234.88,87.73,22,0,low,night,0
EQ-EXCAVATOR-003,excavator,5871.5,75.6,3.12,227.33,315.14,67.18,34,1,low,night,0
EQ-EXCAVATOR-074,excavator,3654.6,75.98,6.89,214.67,367.13,80.55,45,0,low,day,0
EQ-CRUSHER-109,crusher,1678.6,88.2,8.14,211.31,511.69,83.69,31,2,medium,night,0
EQ-HAUL-TRUCK-118,haul_truck,6914.8,78.11,5.71,161.6,403.23,71.0,12,1,low,day,1
EQ-CRUSHER-140,crusher,5296.1,90.95,6.5,206.06,495.35,74.38,43,1,medium,day,0
EQ-HAUL-TRUCK-109,haul_truck,3104.3,94.75,3.59,122.39,454.63,62.71,43,0,medium,night,0
EQ-HAUL-TRUCK-139,haul_truck,1310.3,89.68,7.18,179.62,386.55,75.4,12,1,medium,night,0
EQ-BALL-MILL-150,ball_mill,8564.2,91.84,8.63,177.01,561.46,78.32,20,3,low,day,1
EQ-CONVEYOR-BELT-140,conveyor_belt,5838.7,74.0,1.12,93.12,54.69,70.97,11,1,medium,day,0
EQ-CONVEYOR-BELT-066,conveyor_belt,5445.0,64.14,3.38,114.86,199.9,85.33,34,2,medium,day,0
EQ-EXCAVATOR-062,excavator,5991.8,91.09,5.43,251.84,295.27,55.24,51,2,high,day,0
EQ-CONVEYOR-BELT-065,conveyor_belt,2211.2,69.5,3.37,55.78,118.94,73.53,47,1,low,day,0
EQ-BALL-MILL-143,ball_mill,7438.1,88.34,6.16,173.84,559.58,77.74,9,2,low,day,0
EQ-CONVEYOR-BELT-043,conveyor_belt,391.3,62.58,0.92,85.97,178.4,76.97,33,2,high,day,0
EQ-CONVEYOR-BELT-113,conveyor_belt,2779.1,57.31,2.31,67.01,118.59,70.95,14,2,medium,day,0
EQ-CRUSHER-094,crusher,3014.8,92.34,4.2,173.82,510.45,77.73,11,2,low,night,0
EQ-EXCAVATOR-010,excavator,2957.2,74.81,6.4,202.56,356.19,60.04,33,4,high,night,0
EQ-CONVEYOR-BELT-073,conveyor_belt,3846.3,43.66,4.22,115.89,147.99,47.89,23,2,medium,night,0
EQ-BALL-MILL-030,ball_mill,5673.8,95.76,6.11,189.91,485.14,79.1,94,3,medium,day,1
EQ-CRUSHER-110,crusher,2209.0,92.68,8.16,207.73,618.81,89.53,101,1,low,night,1
EQ-CRUSHER-068,crusher,1878.2,83.3,7.44,198.54,466.58,77.7,51,0,medium,day,0
EQ-CRUSHER-054,crusher,6190.6,92.12,9.34,197.74,612.96,80.12,22,2,medium,night,0
EQ-CRUSHER-010,crusher,3393.8,85.6,7.12,160.93,547.54,83.32,6,3,high,day,0
EQ-BALL-MILL-020,ball_mill,2891.5,86.16,6.79,179.02,661.09,85.37,21,0,medium,night,1
EQ-CONVEYOR-BELT-115,conveyor_belt,7884.6,61.71,5.3,98.55,80.26,74.71,57,1,medium,day,0
EQ-EXCAVATOR-130,excavator,5899.2,91.28,6.52,190.25,291.03,55.62,24,1,high,night,0
EQ-EXCAVATOR-044,excavator,2785.0,77.79,4.39,215.84,305.68,86.17,9,1,high,day,0
EQ-CRUSHER-125,crusher,1168.7,88.36,8.0,179.18,447.36,96.91,84,2,low,night,1
EQ-HAUL-TRUCK-083,haul_truck,4396.9,79.06,2.86,164.05,385.95,64.38,16,0,medium,night,0
EQ-CRUSHER-053,crusher,2825.5,94.15,7.35,187.1,640.89,98.5,18,1,medium,day,1
EQ-DRILL-RIG-068,drill_rig,5820.1,93.25,5.64,203.72,414.89,78.45,72,2,high,night,1
EQ-CONVEYOR-BELT-104,conveyor_belt,6012.1,74.23,5.25,85.41,204.67,83.96,38,0,high,day,0
EQ-HAUL-TRUCK-137,haul_truck,3797.7,74.34,6.86,119.7,491.85,92.57,40,3,medium,night,1
EQ-CONVEYOR-BELT-074,conveyor_belt,3105.2,49.02,4.97,84.9,270.7,78.93,40,0,medium,day,0
EQ-CONVEYOR-BELT-052,conveyor_belt,3870.0,62.79,3.18,100.82,186.03,47.98,15,2,low,night,0
EQ-EXCAVATOR-115,excavator,3572.3,84.23,5.88,171.15,554.22,85.93,49,1,medium,night,1
EQ-CONVEYOR-BELT-079,conveyor_belt,4958.5,68.77,1.14,74.38,194.81,79.42,63,0,medium,day,0
EQ-CONVEYOR-BELT-059,conveyor_belt,3956.6,57.08,4.29,83.93,231.61,68.51,35,2,medium,night,0
EQ-DRILL-RIG-069,drill_rig,5013.1,84.99,5.49,232.44,378.76,67.59,29,0,medium,night,0
EQ-HAUL-TRUCK-081,haul_truck,3689.7,79.08,5.52,164.79,483.89,80.46,76,2,medium,night,0
EQ-HAUL-TRUCK-022,haul_truck,2800.9,94.12,5.46,120.77,464.37,74.42,58,4,medium,day,0
EQ-CRUSHER-009,crusher,4322.0,96.76,6.95,241.23,616.36,99.99,17,0,high,day,1
EQ-HAUL-TRUCK-100,haul_truck,3021.7,88.65,6.07,205.83,391.56,66.06,54,2,medium,day,0
EQ-CRUSHER-027,crusher,7037.1,106.69,6.72,158.21,489.19,69.87,30,0,high,day,0
EQ-DRILL-RIG-080,drill_rig,4810.5,76.23,4.72,221.41,464.13,81.07,40,2,medium,day,0
EQ-HAUL-TRUCK-118,haul_truck,2924.2,84.24,4.65,131.8,315.3,63.98,97,0,medium,night,0
EQ-CRUSHER-033,crusher,4941.9,87.88,6.22,183.19,543.24,80.97,8,2,medium,night,1
EQ-BALL-MILL-058,ball_mill,4964.0,108.29,5.92,173.77,543.72,70.09,5,0,medium,night,1
EQ-CRUSHER-147,crusher,4534.5,100.38,7.9,193.73,598.64,88.42,20,2,high,day,0
EQ-CRUSHER-006,crusher,3076.9,102.13,7.69,185.77,590.52,77.92,29,1,low,day,0
EQ-CONVEYOR-BELT-114,conveyor_belt,5880.5,72.22,2.84,80.13,164.45,65.25,18,1,high,night,0
EQ-HAUL-TRUCK-026,haul_truck,5902.3,88.38,5.06,139.25,438.83,72.3,50,0,high,night,0
EQ-HAUL-TRUCK-136,haul_truck,2731.3,93.52,5.32,150.12,390.53,95.89,45,0,medium,night,0
EQ-CONVEYOR-BELT-062,conveyor_belt,2272.5,58.27,0.2,88.73,173.56,66.23,34,0,low,night,0
EQ-CRUSHER-002,crusher,3246.4,104.17,6.18,188.63,517.44,77.5,42,0,low,day,1
EQ-EXCAVATOR-108,excavator,5212.1,84.27,4.4,253.49,317.61,83.06,40,1,low,night,0
EQ-HAUL-TRUCK-023,haul_truck,3205.8,83.34,6.32,162.47,455.17,90.66,80,3,low,night,1
EQ-DRILL-RIG-055,drill_rig,4972.6,78.4,8.63,230.33,313.39,67.33,15,2,low,day,0
EQ-HAUL-TRUCK-076,haul_truck,5876.2,104.36,6.49,150.86,407.35,86.39,39,0,high,night,0
EQ-CONVEYOR-BELT-112,conveyor_belt,2013.3,75.5,3.7,112.84,130.03,70.44,71,2,medium,day,0
EQ-CRUSHER-063,crusher,5757.4,100.36,9.13,149.27,649.13,101.05,28,0,high,day,1
EQ-CONVEYOR-BELT-129,conveyor_belt,3812.9,55.61,2.87,72.37,149.7,61.11,33,3,medium,day,0
EQ-EXCAVATOR-073,excavator,8900.6,85.09,2.13,246.71,444.97,74.49,57,0,medium,night,0
EQ-HAUL-TRUCK-052,haul_truck,3747.4,89.07,4.47,125.23,375.49,54.12,6,1,high,night,0
EQ-CRUSHER-051,crusher,2981.5,80.23,7.1,191.19,583.74,110.0,63,0,medium,day,1
EQ-CONVEYOR-BELT-121,conveyor_belt,4732.2,71.98,3.33,104.5,236.72,69.99,43,0,medium,night,0
EQ-HAUL-TRUCK-100,haul_truck,4855.1,81.98,4.39,161.68,502.15,76.98,53,3,high,night,0
EQ-CRUSHER-020,crusher,9724.6,86.07,7.44,161.53,584.13,74.07,51,3,high,day,0
EQ-CRUSHER-113,crusher,3470.3,83.94,8.64,183.86,432.48,74.77,10,0,medium,day,0
EQ-HAUL-TRUCK-063,haul_truck,3725.7,72.86,3.4,147.02,445.69,75.33,11,1,high,day,0
EQ-CONVEYOR-BELT-053,conveyor_belt,3201.1,48.91,2.21,94.72,230.89,77.12,4,0,medium,day,0
EQ-HAUL-TRUCK-015,haul_truck,4407.0,88.59,5.05,146.6,479.82,70.37,10,1,medium,night,0
EQ-CRUSHER-150,crusher,3720.1,92.45,9.23,183.38,597.57,71.77,14,1,medium,night,1
EQ-HAUL-TRUCK-008,haul_truck,3744.3,82.53,4.24,194.92,396.02,78.64,34,1,medium,day,0
EQ-CRUSHER-150,crusher,7686.9,103.42,4.28,214.69,435.99,80.62,74,1,medium,day,0
EQ-EXCAVATOR-010,excavator,3151.3,67.37,4.42,239.22,417.61,69.02,26,0,low,day,1
EQ-CRUSHER-076,crusher,4751.6,87.02,9.2,132.73,535.48,102.91,32,1,low,day,0
EQ-CRUSHER-016,crusher,7450.2,87.69,7.85,138.67,579.86,76.5,30,0,high,day,1
EQ-BALL-MILL-074,ball_mill,3479.7,93.2,7.44,178.66,558.4,77.79,46,3,high,day,1
EQ-CRUSHER-126,crusher,3766.8,101.61,8.36,171.0,549.4,86.18,20,0,high,day,1
EQ-DRILL-RIG-089,drill_rig,3883.0,87.56,5.04,253.72,392.42,82.92,31,1,medium,day,1
EQ-EXCAVATOR-082,excavator,2372.4,77.71,4.22,159.18,398.11,71.48,60,2,high,day,0
EQ-EXCAVATOR-018,excavator,3608.7,79.17,6.42,200.77,368.19,78.18,76,2,medium,day,0
EQ-HAUL-TRUCK-143,haul_truck,2302.0,78.94,2.24,150.94,432.27,68.11,72,0,medium,night,0
EQ-CRUSHER-057,crusher,8716.5,86.64,7.43,204.73,632.96,110.0,66,4,medium,day,1
EQ-CONVEYOR-BELT-081,conveyor_belt,3317.5,70.18,2.12,85.28,285.44,74.14,69,2,medium,day,0
EQ-DRILL-RIG-135,drill_rig,5901.6,85.74,6.1,226.86,376.22,88.68,34,1,medium,day,1
EQ-CONVEYOR-BELT-095,conveyor_belt,4345.1,63.94,3.57,105.3,240.62,76.14,20,2,medium,night,0
EQ-CONVEYOR-BELT-111,conveyor_belt,2741.3,69.86,3.13,90.12,158.87,86.26,42,1,high,day,0
EQ-HAUL-TRUCK-028,haul_truck,3569.5,88.34,4.62,152.41,364.22,72.11,45,2,low,night,0
EQ-HAUL-TRUCK-070,haul_truck,3073.3,83.89,4.81,163.12,403.53,68.49,27,0,low,day,0
EQ-DRILL-RIG-082,drill_rig,2878.2,76.69,7.11,176.89,544.56,99.19,21,2,medium,day,1
EQ-HAUL-TRUCK-027,haul_truck,3139.0,80.28,5.9,170.7,449.19,71.01,70,1,low,night,1
EQ-HAUL-TRUCK-058,haul_truck,4674.6,90.64,4.22,165.78,252.41,41.74,33,1,high,night,0
EQ-BALL-MILL-125,ball_mill,4858.4,94.09,5.8,184.75,659.67,76.48,26,1,medium,night,0
EQ-BALL-MILL-140,ball_mill,4786.1,94.7,5.74,138.19,534.09,79.67,28,1,medium,day,0
EQ-CONVEYOR-BELT-124,conveyor_belt,4668.3,52.71,2.84,98.37,68.71,70.22,38,2,medium,day,0
EQ-EXCAVATOR-141,excavator,4837.8,72.57,5.1,209.23,312.47,81.64,20,0,medium,night,0
EQ-DRILL-RIG-150,drill_rig,3124.8,76.17,6.95,268.87,518.44,74.16,45,0,low,day,1
EQ-HAUL-TRUCK-030,haul_truck,5240.7,83.04,3.47,107.77,429.87,78.85,2,1,medium,day,0
EQ-CRUSHER-129,crusher,2787.1,98.64,8.71,191.87,483.37,88.48,12,1,medium,night,1
EQ-EXCAVATOR-094,excavator,3227.6,80.75,5.98,211.89,357.45,61.74,25,1,medium,day,0
EQ-BALL-MILL-129,ball_mill,1698.7,92.54,7.38,161.99,625.97,99.64,47,1,high,night,1
EQ-BALL-MILL-096,ball_mill,2644.7,88.24,7.35,139.76,624.66,76.04,25,2,medium,day,1
EQ-CONVEYOR-BELT-019,conveyor_belt,4821.1,60.75,1.96,114.97,223.08,76.51,62,0,medium,day,0
EQ-HAUL-TRUCK-085,haul_truck,5040.8,91.97,6.45,153.06,477.85,84.91,75,3,medium,night,0
EQ-CRUSHER-115,crusher,6438.3,87.47,9.31,184.74,515.28,94.56,30,1,medium,day,0
EQ-EXCAVATOR-019,excavator,2698.7,85.37,6.31,224.88,455.42,81.85,16,3,medium,day,0
EQ-BALL-MILL-076,ball_mill,2819.4,87.35,5.32,152.21,567.79,69.62,31,0,medium,day,1
EQ-HAUL-TRUCK-099,haul_truck,2423.4,84.63,1.83,151.2,392.06,69.19,61,1,medium,day,0
EQ-HAUL-TRUCK-070,haul_truck,4879.2,81.32,2.96,133.35,506.57,90.33,15,1,medium,day,0
EQ-CONVEYOR-BELT-120,conveyor_belt,2561.7,69.19,1.41,80.6,204.64,64.72,50,0,medium,day,0
EQ-CRUSHER-020,crusher,6358.4,96.39,8.33,215.05,510.89,78.07,30,1,medium,day,1
EQ-DRILL-RIG-052,drill_rig,3151.9,101.75,7.15,235.24,488.08,79.14,53,1,high,day,1
EQ-HAUL-TRUCK-143,haul_truck,3933.1,94.22,4.35,131.56,410.07,68.46,44,2,medium,night,0
EQ-DRILL-RIG-078,drill_rig,4328.9,75.02,4.06,203.09,383.87,73.25,22,2,high,day,0
EQ-HAUL-TRUCK-028,haul_truck,6369.7,76.02,4.2,184.15,329.78,64.59,30,1,low,night,0
EQ-HAUL-TRUCK-018,haul_truck,7689.3,74.15,4.74,162.59,477.08,89.57,46,1,medium,day,1
EQ-CRUSHER-089,crusher,4582.1,91.89,8.77,167.11,447.83,81.21,59,1,medium,day,0
EQ-EXCAVATOR-140,excavator,5319.9,76.03,3.84,233.34,432.48,85.87,30,2,medium,night,0
EQ-CONVEYOR-BELT-008,conveyor_belt,2648.1,67.8,2.27,79.59,190.39,74.1,61,1,high,night,0
EQ-HAUL-TRUCK-017,haul_truck,7360.2,79.81,3.59,147.87,427.28,72.21,104,0,medium,day,0
EQ-HAUL-TRUCK-057,haul_truck,5426.1,71.51,6.23,167.09,432.4,80.59,63,2,medium,day,0
EQ-CONVEYOR-BELT-032,conveyor_belt,10758.3,60.43,4.36,101.2,275.72,74.06,33,3,medium,night,0
EQ-HAUL-TRUCK-019,haul_truck,4045.3,73.24,4.28,186.55,399.3,61.92,32,1,medium,day,0
EQ-CONVEYOR-BELT-045,conveyor_belt,2810.7,76.95,3.97,88.14,170.28,59.81,10,3,high,day,0
EQ-CONVEYOR-BELT-097,conveyor_belt,3471.3,68.75,0.67,111.54,222.29,64.61,29,1,high,night,0
EQ-HAUL-TRUCK-124,haul_truck,6300.5,81.83,2.89,171.25,472.69,76.27,51,0,low,night,0
EQ-DRILL-RIG-046,drill_rig,7399.1,69.78,4.57,226.8,332.62,84.84,59,0,high,night,0
EQ-EXCAVATOR-106,excavator,8727.9,84.43,3.96,245.78,395.42,82.96,15,2,medium,day,0
EQ-CRUSHER-124,crusher,2900.6,89.45,10.39,172.59,616.41,91.02,44,1,medium,night,0
EQ-HAUL-TRUCK-002,haul_truck,2130.6,84.42,5.29,189.69,427.66,74.47,68,1,medium,day,0
EQ-DRILL-RIG-128,drill_rig,3829.0,71.11,6.79,250.47,411.79,75.96,14,1,high,night,0
EQ-CONVEYOR-BELT-028,conveyor_belt,2639.5,69.81,3.0,134.63,172.95,58.78,40,1,medium,day,0
EQ-CRUSHER-103,crusher,5915.9,81.52,9.8,197.02,560.09,95.67,22,0,medium,night,1
EQ-BALL-MILL-113,ball_mill,3728.2,95.24,7.04,165.95,610.99,94.82,12,0,medium,night,0
EQ-EXCAVATOR-127,excavator,3544.3,78.05,5.6,226.53,427.22,57.63,30,1,medium,day,0
EQ-BALL-MILL-061,ball_mill,3552.5,89.89,8.65,164.94,617.05,85.87,9,3,high,night,1
EQ-CONVEYOR-BELT-099,conveyor_belt,3392.2,54.8,2.39,123.2,194.87,71.67,22,2,medium,night,0
EQ-BALL-MILL-004,ball_mill,2122.7,92.89,10.62,160.61,645.47,99.6,35,1,high,day,1
EQ-BALL-MILL-068,ball_mill,2729.3,93.89,8.33,159.66,555.84,73.28,59,1,medium,day,1
EQ-BALL-MILL-145,ball_mill,5389.9,92.55,6.7,142.64,617.83,82.13,15,3,medium,day,0
EQ-HAUL-TRUCK-024,haul_truck,2490.4,83.65,3.66,165.65,460.24,73.83,28,2,medium,night,1
EQ-DRILL-RIG-023,drill_rig,5301.3,80.34,8.34,222.72,359.71,72.31,60,0,low,night,0
EQ-DRILL-RIG-106,drill_rig,4261.2,73.99,8.74,228.66,448.74,98.39,19,1,low,day,0
EQ-CONVEYOR-BELT-077,conveyor_belt,6315.5,62.11,6.01,69.25,243.93,69.32,13,3,medium,day,0
EQ-EXCAVATOR-069,excavator,4065.6,79.38,3.63,206.93,431.75,82.15,74,3,low,night,0
EQ-BALL-MILL-038,ball_mill,2815.3,69.23,6.64,149.5,644.73,84.11,32,0,low,day,0
EQ-HAUL-TRUCK-026,haul_truck,2764.0,85.53,3.43,174.94,508.89,74.04,62,0,low,day,0
EQ-CRUSHER-111,crusher,1826.7,88.35,6.41,192.74,442.63,67.74,21,0,low,day,0
EQ-CRUSHER-054,crusher,2912.3,82.57,8.67,169.54,542.56,87.09,51,0,medium,night,0
EQ-HAUL-TRUCK-117,haul_truck,3668.1,82.23,4.74,154.87,480.2,80.05,61,0,medium,night,1
EQ-CONVEYOR-BELT-067,conveyor_belt,6637.2,62.66,2.35,104.55,322.13,81.78,23,1,high,night,0
EQ-HAUL-TRUCK-060,haul_truck,5403.7,70.71,7.1,186.34,438.99,79.29,50,1,medium,day,0
EQ-CONVEYOR-BELT-035,conveyor_belt,3486.9,61.68,2.04,50.16,193.83,78.05,20,2,medium,night,0
EQ-DRILL-RIG-099,drill_rig,2557.3,77.78,8.02,226.22,430.5,85.83,73,0,low,day,0
EQ-EXCAVATOR-043,excavator,4941.6,82.28,4.2,209.08,359.95,73.13,20,2,low,night,0
EQ-CONVEYOR-BELT-137,conveyor_belt,3013.9,83.12,2.06,96.98,221.51,72.87,76,2,high,day,0
EQ-HAUL-TRUCK-062,haul_truck,2576.6,90.73,1.88,197.09,445.32,83.69,44,2,medium,night,0
EQ-DRILL-RIG-123,drill_rig,4961.3,91.99,5.71,266.14,450.0,61.64,28,1,high,night,0
EQ-BALL-MILL-071,ball_mill,2730.6,89.98,8.19,125.85,586.19,88.95,82,0,medium,night,0
EQ-HAUL-TRUCK-063,haul_truck,5769.1,83.42,2.12,164.14,374.46,56.17,22,1,medium,day,0
EQ-CONVEYOR-BELT-068,conveyor_belt,1870.8,70.87,5.15,84.45,223.47,78.31,103,0,medium,night,1
EQ-CRUSHER-067,crusher,2718.4,92.1,9.1,173.04,530.12,79.82,50,0,low,night,0
EQ-CRUSHER-072,crusher,2651.6,99.59,7.74,168.11,528.6,66.06,13,2,high,day,0
EQ-CONVEYOR-BELT-134,conveyor_belt,5552.1,63.28,0.82,99.89,180.33,76.08,25,0,medium,day,0
EQ-CRUSHER-106,crusher,3979.6,95.49,8.44,156.63,521.4,78.64,29,3,medium,night,0
EQ-CONVEYOR-BELT-006,conveyor_belt,5490.2,61.08,1.86,89.01,160.09,80.73,105,1,low,night,0
EQ-EXCAVATOR-009,excavator,2416.8,87.84,7.13,226.05,448.62,91.16,70,0,medium,night,1
EQ-EXCAVATOR-004,excavator,5410.6,74.12,5.04,183.72,364.67,72.59,60,2,high,day,0
EQ-DRILL-RIG-104,drill_rig,5191.6,95.82,5.53,283.88,399.6,71.29,23,4,medium,night,0
EQ-HAUL-TRUCK-031,haul_truck,2740.4,91.88,3.83,131.71,473.95,94.5,31,3,high,day,0
EQ-CONVEYOR-BELT-058,conveyor_belt,2841.6,54.06,3.5,79.7,264.39,81.42,51,1,medium,day,0
EQ-HAUL-TRUCK-125,haul_truck,2863.9,92.88,7.08,162.72,437.58,75.59,52,1,high,night,1
EQ-DRILL-RIG-020,drill_rig,7982.6,83.72,4.64,251.26,429.09,78.99,32,0,medium,night,0
EQ-CONVEYOR-BELT-023,conveyor_belt,3854.5,60.53,4.26,93.57,309.28,91.84,30,1,high,night,0
EQ-CRUSHER-012,crusher,2278.6,89.69,5.56,172.66,506.48,88.47,51,1,medium,day,0
EQ-EXCAVATOR-043,excavator,2799.1,84.53,2.71,206.28,317.92,86.12,82,2,medium,day,0
EQ-CRUSHER-014,crusher,9983.3,91.11,7.58,140.68,530.97,85.67,9,0,medium,night,1
EQ-BALL-MILL-095,ball_mill,4252.1,85.46,7.79,155.16,652.83,94.78,52,1,high,day,1
EQ-CRUSHER-111,crusher,3653.2,99.57,7.44,181.81,677.47,94.76,25,1,high,night,1
EQ-CRUSHER-028,crusher,1854.8,87.25,6.39,180.89,570.73,89.99,18,1,medium,night,0
EQ-CONVEYOR-BELT-079,conveyor_belt,2628.8,70.06,4.15,114.83,204.07,79.88,11,1,medium,night,0
EQ-EXCAVATOR-046,excavator,6397.4,85.78,3.58,245.87,533.31,90.1,19,1,medium,night,1
EQ-CRUSHER-013,crusher,4329.0,89.33,8.8,187.33,464.84,73.92,36,2,low,day,0
EQ-EXCAVATOR-071,excavator,2671.0,77.16,7.13,224.64,423.04,82.93,30,1,low,day,0
EQ-HAUL-TRUCK-105,haul_truck,9645.7,93.08,3.13,157.98,386.13,72.28,33,0,medium,night,0
EQ-CONVEYOR-BELT-035,conveyor_belt,4280.1,62.45,0.2,138.99,133.97,58.42,32,1,medium,day,0
EQ-DRILL-RIG-119,drill_rig,10670.2,83.54,7.06,267.6,487.52,79.9,48,1,medium,night,1
EQ-BALL-MILL-149,ball_mill,2424.6,86.44,6.84,164.74,689.85,74.86,51,0,medium,day,0
EQ-BALL-MILL-009,ball_mill,2108.6,96.42,4.66,164.81,625.21,78.89,15,2,medium,night,0
EQ-CRUSHER-025,crusher,3832.7,79.81,5.81,212.51,577.85,76.04,27,1,low,night,0
EQ-EXCAVATOR-044,excavator,1870.2,70.25,6.08,233.42,214.72,67.96,100,2,low,night,0
EQ-CONVEYOR-BELT-128,conveyor_belt,3305.4,58.66,2.42,118.09,271.91,85.27,15,0,low,day,0
EQ-BALL-MILL-022,ball_mill,5061.2,106.08,7.23,186.93,552.62,67.81,40,1,medium,night,1
EQ-CONVEYOR-BELT-071,conveyor_belt,4798.2,51.63,3.75,107.26,118.94,63.9,55,3,high,night,0
EQ-CRUSHER-081,crusher,4240.1,87.88,9.13,182.23,691.26,95.19,68,1,high,day,1
EQ-CONVEYOR-BELT-020,conveyor_belt,2695.2,60.45,2.42,109.4,248.23,91.25,47,1,low,day,0
EQ-DRILL-RIG-007,drill_rig,5825.8,96.48,7.11,197.56,382.18,57.52,28,0,high,day,0
EQ-BALL-MILL-018,ball_mill,3638.5,83.28,7.21,189.88,523.7,77.4,22,2,medium,night,1
EQ-DRILL-RIG-009,drill_rig,1289.4,86.79,6.55,222.06,368.47,73.88,46,1,medium,night,0
EQ-CRUSHER-076,crusher,2501.4,93.26,7.56,166.04,584.38,91.57,58,1,medium,night,1
EQ-EXCAVATOR-141,excavator,2519.8,84.7,4.62,216.58,434.42,79.31,80,1,high,day,0
EQ-CRUSHER-054,crusher,6261.4,80.62,9.41,179.34,556.55,93.73,72,1,medium,day,1
EQ-EXCAVATOR-039,excavator,2501.9,82.58,5.43,231.88,426.49,65.14,61,2,medium,night,0
EQ-BALL-MILL-036,ball_mill,4707.4,84.61,6.9,162.12,617.9,110.0,12,1,medium,night,0
EQ-CRUSHER-148,crusher,1595.1,89.4,8.12,162.67,451.06,80.71,15,0,low,day,0
EQ-CRUSHER-144,crusher,5001.9,92.54,8.16,195.41,571.7,101.9,133,2,low,day,0
EQ-EXCAVATOR-098,excavator,1834.5,74.66,6.45,221.47,405.69,67.84,32,2,low,day,0
EQ-CONVEYOR-BELT-070,conveyor_belt,6162.6,83.88,1.46,86.34,197.32,67.18,43,0,medium,night,0
EQ-CRUSHER-024,crusher,3643.8,84.59,7.58,202.48,471.74,84.09,5,0,low,night,1
EQ-HAUL-TRUCK-140,haul_truck,5474.3,79.3,6.3,174.82,416.51,81.78,63,0,medium,night,1
EQ-DRILL-RIG-001,drill_rig,3547.8,89.14,8.08,211.69,377.28,93.55,37,3,high,night,0
EQ-EXCAVATOR-025,excavator,2895.9,87.93,4.22,251.25,472.58,86.79,36,0,high,night,0
EQ-CRUSHER-102,crusher,1779.6,92.38,7.46,203.23,610.16,110.0,126,2,medium,day,1
EQ-HAUL-TRUCK-028,haul_truck,1494.3,73.68,5.96,152.22,383.35,76.0,47,0,low,day,0
EQ-CONVEYOR-BELT-017,conveyor_belt,2862.7,68.37,4.51,88.28,225.94,88.55,30,1,medium,day,0
EQ-CONVEYOR-BELT-090,conveyor_belt,3898.9,60.17,4.64,105.55,218.08,59.2,36,0,low,night,0
EQ-BALL-MILL-004,ball_mill,2176.7,90.63,7.89,159.74,529.81,76.38,23,1,medium,night,0
EQ-HAUL-TRUCK-041,haul_truck,8544.6,84.87,6.37,162.27,479.43,79.28,16,0,medium,night,1
EQ-BALL-MILL-097,ball_mill,6811.4,91.08,8.02,204.18,555.14,77.37,32,1,medium,night,0
EQ-CONVEYOR-BELT-028,conveyor_belt,3625.4,63.21,2.76,53.49,238.46,87.7,10,0,low,day,0
EQ-EXCAVATOR-114,excavator,7210.1,71.35,5.94,200.75,404.72,74.52,27,2,low,day,0
EQ-HAUL-TRUCK-015,haul_truck,3672.8,87.45,3.42,173.17,440.05,73.87,4,1,high,night,0
EQ-EXCAVATOR-092,excavator,2196.6,87.01,4.04,193.92,331.69,72.47,62,0,high,night,0
EQ-DRILL-RIG-012,drill_rig,3406.4,90.63,7.38,245.28,447.73,85.96,108,1,medium,day,1
EQ-EXCAVATOR-110,excavator,5203.5,78.44,6.21,171.83,434.3,92.17,32,0,medium,day,0
EQ-CRUSHER-113,crusher,2701.6,82.02,7.99,213.97,428.42,85.84,18,0,medium,night,0
EQ-CONVEYOR-BELT-120,conveyor_belt,7722.4,58.82,3.14,98.89,224.55,90.31,40,0,low,night,0
EQ-DRILL-RIG-043,drill_rig,3069.6,84.31,7.02,256.72,465.04,84.96,67,2,high,night,1
EQ-CONVEYOR-BELT-036,conveyor_belt,5511.1,74.93,2.3,86.83,199.74,92.45,21,1,low,day,0
EQ-DRILL-RIG-147,drill_rig,3526.5,70.73,5.8,225.68,377.84,53.09,52,1,medium,day,0
EQ-HAUL-TRUCK-110,haul_truck,2580.8,90.74,5.02,145.59,447.97,84.29,11,2,low,day,0
EQ-DRILL-RIG-028,drill_rig,2072.1,81.19,3.54,224.03,385.43,55.25,39,0,medium,day,0
EQ-EXCAVATOR-005,excavator,5780.1,88.1,7.05,209.46,485.37,89.43,54,0,high,night,1
EQ-HAUL-TRUCK-054,haul_truck,1140.2,89.08,5.44,166.99,362.62,60.3,9,1,medium,night,0
EQ-BALL-MILL-100,ball_mill,4491.3,82.77,5.64,168.04,685.82,95.59,55,2,medium,night,1
EQ-HAUL-TRUCK-057,haul_truck,2784.4,85.04,5.37,165.17,474.78,80.63,30,3,medium,day,0
EQ-HAUL-TRUCK-122,haul_truck,5827.0,75.5,8.65,111.24,388.84,72.4,87,3,medium,day,0
EQ-CONVEYOR-BELT-076,conveyor_belt,2842.7,71.96,4.56,84.82,208.83,87.15,39,0,medium,night,0
EQ-EXCAVATOR-149,excavator,4389.6,68.83,6.75,230.23,418.26,62.16,57,3,medium,day,0
EQ-HAUL-TRUCK-131,haul_truck,4711.7,79.06,7.1,156.92,355.76,58.0,100,1,medium,day,1
EQ-CONVEYOR-BELT-071,conveyor_belt,9133.0,65.86,5.83,66.23,169.43,74.68,30,0,medium,day,0
EQ-DRILL-RIG-126,drill_rig,8891.4,72.92,6.21,232.36,501.4,74.52,6,0,low,day,0
EQ-DRILL-RIG-068,drill_rig,2863.8,78.27,4.2,213.8,394.7,66.42,18,0,medium,day,0
EQ-HAUL-TRUCK-002,haul_truck,2564.4,70.7,6.65,127.58,501.85,90.15,35,1,low,day,0
EQ-CONVEYOR-BELT-047,conveyor_belt,4208.6,60.81,3.36,94.23,172.57,72.17,139,0,medium,night,1
EQ-DRILL-RIG-062,drill_rig,6150.2,76.33,6.12,193.44,384.95,70.78,85,1,medium,day,0
EQ-HAUL-TRUCK-147,haul_truck,1448.3,82.78,5.73,190.46,405.46,73.86,21,1,high,night,0
EQ-HAUL-TRUCK-125,haul_truck,7929.3,84.78,6.11,146.75,474.43,89.15,29,0,low,night,0
EQ-HAUL-TRUCK-022,haul_truck,3169.1,88.66,6.5,149.89,423.91,86.0,53,1,medium,night,0
EQ-CRUSHER-001,crusher,6037.1,91.16,4.83,150.03,580.07,88.31,75,2,low,day,0
EQ-HAUL-TRUCK-080,haul_truck,3189.2,91.49,7.16,177.53,406.02,69.86,9,3,high,day,0
EQ-CONVEYOR-BELT-081,conveyor_belt,7574.9,66.96,3.08,74.32,229.88,74.32,53,2,low,day,0
EQ-BALL-MILL-111,ball_mill,3163.6,93.19,7.91,161.03,673.19,91.14,36,0,medium,day,0
EQ-HAUL-TRUCK-039,haul_truck,5302.0,88.86,3.97,107.27,460.89,90.82,8,3,low,night,0
EQ-CONVEYOR-BELT-122,conveyor_belt,3936.6,70.06,2.88,94.46,124.87,59.93,26,0,high,day,0
EQ-HAUL-TRUCK-062,haul_truck,2142.4,87.99,6.47,134.06,487.93,75.42,22,2,medium,day,0
EQ-HAUL-TRUCK-051,haul_truck,3094.2,81.3,5.1,188.05,441.46,70.61,22,1,medium,night,0
EQ-DRILL-RIG-064,drill_rig,1325.6,80.52,2.42,251.71,461.69,69.71,75,2,low,night,0
EQ-CRUSHER-142,crusher,2890.6,88.28,7.5,174.28,475.11,99.71,45,0,medium,night,1
EQ-BALL-MILL-059,ball_mill,4632.2,79.98,8.63,174.86,673.61,74.42,26,1,low,day,0
EQ-CRUSHER-085,crusher,7402.1,84.73,8.35,243.3,524.12,74.45,22,2,medium,night,0
EQ-HAUL-TRUCK-134,haul_truck,3839.0,78.16,6.14,158.59,440.35,67.09,40,0,low,night,0
EQ-CRUSHER-003,crusher,10474.7,91.96,7.52,207.46,626.32,84.55,25,0,high,night,0
EQ-HAUL-TRUCK-081,haul_truck,6436.9,94.6,4.84,127.42,444.66,69.19,55,0,medium,night,0
EQ-DRILL-RIG-107,drill_rig,2628.6,82.47,5.91,218.99,407.55,77.43,31,1,medium,day,0
EQ-CONVEYOR-BELT-136,conveyor_belt,3971.5,69.28,3.36,91.61,223.87,69.55,6,1,medium,night,0
EQ-EXCAVATOR-010,excavator,5058.1,60.18,5.02,237.65,314.08,75.21,10,0,medium,night,0
EQ-CRUSHER-110,crusher,3215.1,86.16,8.72,196.26,467.89,74.44,20,2,high,night,0
EQ-CONVEYOR-BELT-121,conveyor_belt,4608.4,70.92,0.2,75.77,259.38,82.49,30,1,high,day,0
EQ-DRILL-RIG-053,drill_rig,2963.0,72.57,6.93,224.55,381.7,70.72,45,0,medium,night,1
EQ-HAUL-TRUCK-112,haul_truck,3916.6,84.27,4.33,142.85,501.0,82.07,42,1,high,day,1
EQ-HAUL-TRUCK-075,haul_truck,6980.3,81.09,4.13,130.24,509.0,69.9,91,3,low,night,0
EQ-HAUL-TRUCK-099,haul_truck,3085.0,86.18,5.14,145.09,476.14,82.71,3,3,high,day,0
EQ-CRUSHER-059,crusher,1827.2,96.86,6.55,182.23,506.05,85.47,2,0,medium,night,0
EQ-CRUSHER-027,crusher,9049.9,95.39,5.95,212.35,525.87,67.97,9,0,high,night,0
EQ-HAUL-TRUCK-125,haul_truck,5852.8,73.56,5.53,151.38,374.56,72.36,16,1,medium,day,0
EQ-CRUSHER-033,crusher,4943.3,98.76,8.1,177.99,541.59,99.32,57,0,medium,night,0
EQ-CRUSHER-029,crusher,7814.7,78.84,6.97,172.88,624.24,93.19,40,1,medium,night,0
EQ-HAUL-TRUCK-133,haul_truck,6023.9,85.72,4.5,198.35,474.49,88.46,9,2,high,day,1
EQ-BALL-MILL-141,ball_mill,3198.1,75.33,7.74,191.01,551.71,85.77,16,0,low,day,0
EQ-CONVEYOR-BELT-092,conveyor_belt,8996.3,63.36,1.22,113.77,309.84,90.67,17,1,medium,day,0
EQ-CRUSHER-088,crusher,4621.8,97.75,8.39,190.59,518.29,81.22,14,4,medium,night,0
EQ-CRUSHER-055,crusher,5581.6,78.54,7.08,182.68,605.1,89.9,25,3,medium,day,0
EQ-EXCAVATOR-092,excavator,1532.6,68.96,6.23,210.96,442.67,69.7,21,1,medium,day,0
EQ-DRILL-RIG-092,drill_rig,2331.0,90.83,4.32,245.11,482.97,92.72,22,1,medium,day,1
EQ-CONVEYOR-BELT-078,conveyor_belt,2076.2,55.54,5.09,84.99,211.02,68.02,9,0,high,day,0
EQ-CRUSHER-099,crusher,2003.9,89.61,8.03,169.91,577.06,89.41,45,3,medium,day,1
EQ-BALL-MILL-084,ball_mill,5144.1,84.89,8.33,182.64,614.56,100.22,31,0,high,night,1
EQ-DRILL-RIG-132,drill_rig,2579.9,85.11,6.48,206.79,300.24,48.96,19,1,low,day,0
EQ-DRILL-RIG-101,drill_rig,4516.9,72.95,5.12,271.16,323.73,81.22,12,2,low,night,0
EQ-EXCAVATOR-058,excavator,5942.4,78.01,5.9,240.27,345.17,71.36,23,1,low,night,1
EQ-HAUL-TRUCK-099,haul_truck,2858.4,74.56,2.78,135.83,499.94,73.77,6,0,medium,night,0
EQ-CONVEYOR-BELT-035,conveyor_belt,2551.3,64.94,5.71,101.41,197.12,68.28,41,2,medium,day,0
EQ-CRUSHER-033,crusher,1581.9,106.25,4.43,171.84,559.23,92.12,43,0,low,night,0
EQ-CONVEYOR-BELT-125,conveyor_belt,6757.6,61.89,2.98,67.27,266.75,89.41,30,1,medium,night,0
EQ-DRILL-RIG-088,drill_rig,2920.1,83.07,6.61,240.82,446.19,73.56,89,2,medium,day,1
EQ-EXCAVATOR-009,excavator,8023.5,92.08,4.71,216.73,387.7,85.56,44,1,medium,day,1
EQ-EXCAVATOR-054,excavator,4900.9,80.58,3.6,184.52,390.13,81.5,53,1,medium,day,0
EQ-CRUSHER-148,crusher,7255.5,80.33,7.02,207.61,526.19,73.98,42,1,medium,night,0
EQ-EXCAVATOR-096,excavator,1911.9,91.38,6.77,229.92,447.41,56.59,42,2,high,day,0
EQ-CONVEYOR-BELT-131,conveyor_belt,5466.1,56.02,2.07,84.29,215.61,69.79,35,1,medium,night,0
EQ-CONVEYOR-BELT-083,conveyor_belt,5545.5,56.05,4.69,68.86,212.28,62.63,52,1,high,night,0
EQ-CRUSHER-007,crusher,6572.0,94.49,7.33,219.06,572.39,90.39,33,1,high,night,1
EQ-CONVEYOR-BELT-027,conveyor_belt,2627.1,66.91,4.77,90.56,142.41,84.57,13,1,high,night,0
EQ-CRUSHER-014,crusher,2992.4,82.1,5.02,196.11,496.99,73.76,56,0,low,night,0
EQ-CONVEYOR-BELT-111,conveyor_belt,6659.6,55.13,4.52,97.07,132.71,71.74,41,0,medium,day,0
EQ-EXCAVATOR-114,excavator,1707.6,83.55,5.47,197.14,318.27,86.41,14,0,medium,day,0
EQ-CONVEYOR-BELT-069,conveyor_belt,2459.3,51.36,1.57,96.87,151.64,75.8,29,2,low,night,0
EQ-CONVEYOR-BELT-109,conveyor_belt,5398.6,70.24,0.97,126.54,261.91,69.15,8,2,medium,day,0
EQ-EXCAVATOR-083,excavator,3191.9,63.28,4.86,200.44,340.29,68.99,73,0,low,night,0
EQ-CONVEYOR-BELT-111,conveyor_belt,3463.8,71.84,1.25,109.73,73.58,77.06,39,0,medium,day,0
EQ-DRILL-RIG-101,drill_rig,1032.4,100.85,6.02,214.82,514.92,79.75,10,1,high,day,1
EQ-EXCAVATOR-069,excavator,7728.1,80.25,6.1,238.87,419.75,78.84,26,2,medium,night,0
EQ-CONVEYOR-BELT-098,conveyor_belt,3316.3,73.92,2.29,57.74,220.25,58.63,13,2,high,night,0
EQ-BALL-MILL-048,ball_mill,5233.7,98.13,6.47,179.0,537.26,103.89,20,4,high,night,1
EQ-DRILL-RIG-113,drill_rig,6751.9,85.22,6.01,255.21,522.33,80.17,42,0,high,day,0
EQ-CRUSHER-138,crusher,3420.4,83.86,8.18,172.48,628.01,95.45,55,1,low,day,0
EQ-CONVEYOR-BELT-032,conveyor_belt,1251.9,76.61,2.42,107.73,171.71,68.03,11,1,high,night,0
EQ-BALL-MILL-101,ball_mill,5265.3,86.12,6.66,168.12,660.41,91.69,73,2,low,night,0
EQ-CONVEYOR-BELT-017,conveyor_belt,7824.0,58.11,3.74,74.36,189.06,71.74,64,1,high,day,0
EQ-HAUL-TRUCK-057,haul_truck,5761.6,87.9,5.8,129.2,362.36,75.94,23,1,low,night,0
EQ-HAUL-TRUCK-101,haul_truck,4786.6,78.91,4.71,153.38,524.94,76.48,17,1,low,day,1
EQ-DRILL-RIG-042,drill_rig,5740.9,82.69,7.77,265.97,349.15,67.3,50,0,medium,night,0
EQ-CRUSHER-036,crusher,6127.8,82.98,7.57,182.03,479.91,89.3,125,2,medium,day,1
EQ-EXCAVATOR-058,excavator,3819.0,78.09,8.38,238.96,394.68,81.6,31,0,high,night,0
EQ-EXCAVATOR-018,excavator,7910.7,71.72,2.53,219.41,395.11,82.31,21,1,medium,day,0
EQ-DRILL-RIG-094,drill_rig,4353.9,72.58,7.17,191.05,392.64,74.67,19,1,medium,night,0
EQ-CRUSHER-020,crusher,6314.0,72.86,6.39,163.41,617.09,78.86,1,1,medium,night,0
EQ-DRILL-RIG-050,drill_rig,2366.2,78.59,3.7,158.2,313.23,82.08,15,0,high,day,0
EQ-CONVEYOR-BELT-047,conveyor_belt,3914.9,62.74,4.7,107.0,184.57,65.11,2,0,medium,day,0
EQ-BALL-MILL-146,ball_mill,2692.5,77.39,7.26,160.66,666.19,72.46,57,0,high,night,0
EQ-BALL-MILL-149,ball_mill,4983.0,95.69,7.37,223.48,528.98,81.67,69,1,high,night,0
EQ-EXCAVATOR-012,excavator,2262.5,79.87,7.82,193.82,420.27,67.81,22,1,medium,night,0
EQ-CONVEYOR-BELT-024,conveyor_belt,5766.1,65.46,1.65,52.93,88.4,79.03,28,2,medium,night,0
EQ-HAUL-TRUCK-110,haul_truck,5187.2,79.92,2.03,160.47,479.94,80.02,16,1,medium,day,0
EQ-BALL-MILL-045,ball_mill,3658.5,93.28,5.41,118.28,693.59,79.07,17,0,high,night,1
EQ-EXCAVATOR-097,excavator,6013.9,80.69,5.18,186.18,309.02,78.89,29,1,medium,day,0
EQ-CONVEYOR-BELT-139,conveyor_belt,2372.7,70.94,4.72,85.89,191.0,90.2,38,1,high,night,0
EQ-DRILL-RIG-025,drill_rig,5748.4,86.48,4.9,225.57,377.33,68.84,92,4,high,night,1
EQ-HAUL-TRUCK-145,haul_truck,2510.7,72.07,2.67,152.33,455.03,78.4,8,3,medium,night,0
EQ-DRILL-RIG-008,drill_rig,2916.0,85.33,5.6,230.61,584.29,82.77,27,0,medium,day,0
EQ-HAUL-TRUCK-035,haul_truck,6760.2,86.25,5.11,158.43,398.84,67.47,36,1,medium,day,0
EQ-CRUSHER-077,crusher,6820.9,93.09,9.74,158.76,502.51,100.03,24,1,low,night,1
EQ-CRUSHER-133,crusher,4966.5,93.12,6.54,190.02,628.96,99.64,45,0,high,day,1
EQ-EXCAVATOR-084,excavator,10364.3,67.32,5.59,220.82,365.65,83.47,60,0,medium,night,0
EQ-CONVEYOR-BELT-021,conveyor_belt,8262.9,65.93,4.92,97.57,224.19,78.36,25,1,medium,night,0
EQ-BALL-MILL-038,ball_mill,3640.5,96.16,7.73,161.78,639.97,100.09,28,3,medium,day,1
EQ-EXCAVATOR-115,excavator,2481.5,75.07,3.88,216.07,527.13,72.6,20,0,high,day,0
EQ-CONVEYOR-BELT-085,conveyor_belt,5760.7,53.92,6.94,69.22,225.92,69.53,46,0,medium,night,0
EQ-DRILL-RIG-002,drill_rig,4443.8,78.62,8.29,235.89,394.45,86.26,14,2,medium,night,0
EQ-DRILL-RIG-076,drill_rig,5286.5,79.82,5.33,263.65,479.21,60.3,57,0,low,day,0
EQ-HAUL-TRUCK-061,haul_truck,5510.6,103.75,6.2,195.4,451.58,98.94,18,1,high,day,1
EQ-BALL-MILL-001,ball_mill,2769.3,88.91,7.12,173.2,609.95,71.58,39,0,medium,day,0
EQ-HAUL-TRUCK-038,haul_truck,2386.9,81.5,6.6,135.4,507.8,85.19,39,0,medium,night,0
EQ-CONVEYOR-BELT-141,conveyor_belt,5336.9,64.15,3.36,118.99,218.58,65.73,76,2,high,night,0
EQ-CONVEYOR-BELT-106,conveyor_belt,5258.0,66.07,2.83,133.89,143.32,49.93,7,0,medium,night,0
EQ-DRILL-RIG-011,drill_rig,2010.3,93.62,4.49,236.61,305.23,65.66,61,2,medium,night,0
EQ-HAUL-TRUCK-003,haul_truck,2912.3,85.16,4.37,155.4,386.76,88.19,15,0,medium,night,0
EQ-HAUL-TRUCK-052,haul_truck,2393.0,96.55,4.25,190.91,585.05,90.95,60,1,medium,night,0
EQ-DRILL-RIG-070,drill_rig,4177.5,82.08,5.26,225.24,360.47,49.78,13,2,medium,day,0
EQ-HAUL-TRUCK-069,haul_truck,3906.4,102.09,5.64,197.88,482.27,75.66,32,0,medium,night,0
EQ-CRUSHER-105,crusher,1506.7,82.89,8.8,182.51,631.54,76.98,21,2,low,night,0
EQ-CONVEYOR-BELT-027,conveyor_belt,4194.5,62.48,2.71,88.28,237.43,61.38,56,3,medium,night,0
EQ-CONVEYOR-BELT-008,conveyor_belt,4633.8,70.16,3.35,107.23,169.76,66.49,12,1,medium,night,0
EQ-HAUL-TRUCK-101,haul_truck,4747.5,75.54,3.88,167.44,485.54,87.09,8,0,medium,day,0
EQ-EXCAVATOR-135,excavator,2399.1,75.39,2.97,202.79,313.25,69.02,36,2,medium,night,0
EQ-BALL-MILL-026,ball_mill,3967.9,91.14,5.36,158.81,498.1,70.26,14,2,medium,night,0
EQ-CRUSHER-055,crusher,7387.0,100.24,7.3,211.36,611.04,72.83,43,2,medium,night,1
EQ-HAUL-TRUCK-094,haul_truck,7197.2,95.48,4.03,120.19,489.15,92.85,39,2,high,day,0
EQ-HAUL-TRUCK-025,haul_truck,2932.1,66.07,5.46,177.3,432.15,93.69,31,3,medium,night,0
EQ-EXCAVATOR-129,excavator,7012.2,81.54,5.72,221.68,365.12,62.99,32,0,high,night,0
EQ-BALL-MILL-034,ball_mill,3226.8,87.27,7.57,147.72,594.17,69.0,42,3,medium,night,0
EQ-EXCAVATOR-080,excavator,6376.4,83.18,5.15,213.23,396.78,93.89,28,2,medium,day,0
EQ-HAUL-TRUCK-051,haul_truck,5230.7,63.46,5.48,178.61,469.91,88.3,19,1,medium,night,0
EQ-CRUSHER-101,crusher,4103.0,93.24,8.79,202.85,406.03,74.15,27,2,low,night,0
EQ-HAUL-TRUCK-030,haul_truck,4841.9,75.98,5.63,167.84,351.65,75.58,27,0,high,night,0
EQ-EXCAVATOR-015,excavator,1167.7,74.52,4.2,198.46,246.89,60.87,33,0,medium,night,0
EQ-BALL-MILL-077,ball_mill,6065.8,82.5,5.66,153.95,620.98,66.14,108,1,low,day,1
EQ-CONVEYOR-BELT-130,conveyor_belt,2200.1,68.6,6.44,109.54,218.26,78.79,27,1,medium,night,0
EQ-HAUL-TRUCK-095,haul_truck,7499.3,81.4,5.33,150.74,409.87,92.84,75,1,medium,day,0
EQ-CRUSHER-114,crusher,4912.7,88.02,8.47,144.93,546.0,85.93,61,0,low,day,1
EQ-HAUL-TRUCK-066,haul_truck,2408.9,70.02,3.25,144.25,319.98,63.94,15,0,medium,day,0
EQ-HAUL-TRUCK-022,haul_truck,6069.8,96.17,4.28,180.52,426.35,70.96,12,0,high,day,0
EQ-CONVEYOR-BELT-065,conveyor_belt,4258.8,76.17,4.2,76.46,198.05,62.53,36,0,medium,day,0
EQ-CRUSHER-149,crusher,5424.3,91.74,4.81,217.83,527.81,77.77,60,1,low,day,0
EQ-CONVEYOR-BELT-118,conveyor_belt,3876.5,65.8,3.6,75.94,165.35,76.79,29,2,low,day,0
EQ-BALL-MILL-106,ball_mill,5732.3,82.64,7.28,156.22,546.97,81.72,36,2,medium,night,1
EQ-EXCAVATOR-046,excavator,2987.9,81.36,3.87,186.66,300.16,63.85,35,0,medium,day,0
EQ-BALL-MILL-090,ball_mill,3429.4,79.87,5.8,185.3,596.16,75.06,86,2,medium,day,1
EQ-CRUSHER-094,crusher,5208.0,96.79,6.25,175.5,633.08,86.23,57,1,high,day,1
EQ-EXCAVATOR-099,excavator,7547.8,90.28,2.75,209.0,327.87,76.62,22,1,low,day,0
EQ-DRILL-RIG-134,drill_rig,4091.6,86.98,5.71,249.62,441.98,90.51,9,1,low,day,0
EQ-HAUL-TRUCK-103,haul_truck,5852.4,83.79,4.56,169.31,359.12,52.61,31,1,low,night,0
EQ-CONVEYOR-BELT-034,conveyor_belt,5621.7,73.78,1.1,97.76,235.35,84.25,29,0,medium,night,0
EQ-CONVEYOR-BELT-034,conveyor_belt,7314.4,56.54,3.64,122.33,155.91,63.9,141,1,low,day,0
EQ-EXCAVATOR-093,excavator,2578.8,79.72,4.87,202.25,406.73,63.13,33,0,medium,night,0
EQ-DRILL-RIG-130,drill_rig,4786.1,83.09,5.26,262.67,442.36,67.83,33,3,high,day,0
EQ-EXCAVATOR-143,excavator,4581.2,80.01,5.81,202.59,369.79,93.85,25,5,low,night,0
EQ-DRILL-RIG-092,drill_rig,4786.9,93.08,6.64,192.1,423.26,96.54,24,1,high,night,1
EQ-HAUL-TRUCK-080,haul_truck,3186.1,91.33,6.63,184.43,420.52,75.29,56,0,high,day,0
EQ-HAUL-TRUCK-123,haul_truck,4144.7,81.57,5.79,154.33,439.1,73.43,53,1,medium,day,0
EQ-CRUSHER-147,crusher,6356.0,94.21,6.7,173.5,489.47,96.01,27,0,high,night,0
EQ-DRILL-RIG-005,drill_rig,2647.0,84.71,7.18,257.71,291.53,72.47,47,3,medium,day,0
EQ-HAUL-TRUCK-047,haul_truck,5192.4,79.85,5.05,170.59,494.43,72.8,35,5,medium,day,0
EQ-DRILL-RIG-051,drill_rig,3727.5,76.87,7.41,223.06,535.46,98.56,37,1,medium,night,0
EQ-EXCAVATOR-085,excavator,4657.7,75.83,6.01,208.15,416.53,60.69,16,0,low,night,0
EQ-CRUSHER-045,crusher,3651.3,93.11,11.27,180.31,577.94,103.28,50,1,medium,day,1
EQ-EXCAVATOR-047,excavator,6353.3,77.29,5.63,210.17,340.98,76.11,27,0,high,night,0
EQ-HAUL-TRUCK-004,haul_truck,2431.3,83.41,5.77,137.07,348.5,75.6,69,1,medium,day,0
EQ-BALL-MILL-001,ball_mill,4679.5,90.57,6.23,167.13,564.48,63.66,10,1,medium,day,0
EQ-CRUSHER-068,crusher,6596.4,93.17,8.79,182.89,453.1,67.59,25,0,medium,night,0
EQ-CONVEYOR-BELT-150,conveyor_belt,4816.5,78.83,1.8,112.23,177.36,73.67,11,2,high,night,0
EQ-CONVEYOR-BELT-045,conveyor_belt,2863.1,72.49,5.35,57.06,234.42,84.14,59,4,low,night,0
EQ-CRUSHER-037,crusher,2814.5,88.85,9.25,153.77,496.3,57.87,40,0,medium,night,0
EQ-CONVEYOR-BELT-040,conveyor_belt,4641.1,61.79,2.82,116.42,216.05,70.63,10,0,low,night,0
EQ-BALL-MILL-146,ball_mill,1763.7,85.49,6.47,161.02,569.81,72.78,35,1,high,night,1
EQ-CONVEYOR-BELT-100,conveyor_belt,5288.7,62.59,0.63,115.61,186.94,70.24,27,1,medium,night,0
EQ-CRUSHER-098,crusher,2045.4,83.01,6.02,197.11,503.11,80.99,25,2,low,day,1
EQ-CONVEYOR-BELT-029,conveyor_belt,2452.9,63.42,1.21,27.36,170.3,65.77,32,2,medium,night,0
EQ-CONVEYOR-BELT-136,conveyor_belt,8147.9,53.07,2.12,106.58,193.25,63.65,99,1,medium,day,0
EQ-CRUSHER-030,crusher,7474.2,84.69,7.7,173.69,521.09,70.8,100,3,low,night,1
EQ-CONVEYOR-BELT-146,conveyor_belt,3452.4,60.56,2.84,91.0,163.61,56.63,35,0,high,day,0
EQ-CRUSHER-143,crusher,6805.0,83.61,6.5,160.14,504.12,76.84,29,2,medium,day,0
EQ-DRILL-RIG-086,drill_rig,2873.3,73.3,8.34,254.48,347.44,74.15,9,2,low,night,0
EQ-BALL-MILL-131,ball_mill,5310.8,90.85,7.1,176.65,668.32,83.91,36,0,high,night,1
EQ-BALL-MILL-150,ball_mill,7036.0,97.42,4.6,130.98,597.69,86.94,101,1,low,day,0
EQ-DRILL-RIG-088,drill_rig,3087.2,88.2,6.62,211.94,319.32,62.67,43,1,low,day,1
EQ-CONVEYOR-BELT-116,conveyor_belt,2033.8,68.93,2.67,118.85,123.27,63.42,26,3,medium,night,0
EQ-CONVEYOR-BELT-089,conveyor_belt,4414.9,72.03,2.56,112.01,232.23,68.55,15,1,low,night,0
EQ-HAUL-TRUCK-079,haul_truck,3020.3,97.64,6.5,194.33,489.78,65.93,33,1,medium,day,0
EQ-CRUSHER-051,crusher,3123.3,88.87,9.84,207.49,455.83,82.1,94,0,medium,day,1
EQ-EXCAVATOR-099,excavator,2445.7,72.29,5.51,198.24,424.93,84.21,27,1,low,day,0
EQ-HAUL-TRUCK-041,haul_truck,980.5,88.4,3.23,199.57,457.19,84.88,67,0,high,day,0
EQ-BALL-MILL-030,ball_mill,3254.1,93.63,7.53,159.21,609.0,71.56,29,2,medium,day,0
EQ-DRILL-RIG-042,drill_rig,3411.0,86.86,7.01,210.87,370.46,76.37,6,3,medium,night,1
EQ-CRUSHER-002,crusher,2868.2,95.07,8.51,159.38,612.29,92.95,8,0,medium,night,0
EQ-EXCAVATOR-141,excavator,2404.3,86.34,3.51,223.94,366.84,60.84,50,2,high,day,0
EQ-CONVEYOR-BELT-039,conveyor_belt,6113.5,67.92,5.66,102.54,151.25,74.09,35,0,low,day,0
EQ-CRUSHER-120,crusher,4830.6,94.32,7.35,192.95,430.76,84.89,62,4,low,day,1
EQ-DRILL-RIG-066,drill_rig,2109.7,77.14,6.42,247.41,325.72,70.65,31,3,high,day,1
EQ-BALL-MILL-051,ball_mill,4525.3,88.53,8.1,150.59,616.93,67.39,66,1,low,day,0
EQ-EXCAVATOR-035,excavator,2710.9,73.28,6.41,202.83,358.87,65.23,48,3,high,day,0
EQ-EXCAVATOR-124,excavator,5881.0,74.8,4.8,217.2,425.69,75.36,11,4,medium,night,0
EQ-EXCAVATOR-078,excavator,2890.5,76.74,5.42,190.97,370.83,66.84,27,3,high,day,0
EQ-HAUL-TRUCK-068,haul_truck,6380.7,84.63,4.92,159.65,406.0,75.55,20,0,low,night,0
EQ-CRUSHER-099,crusher,6183.0,95.96,6.61,174.91,533.99,77.5,14,3,high,night,1
EQ-HAUL-TRUCK-121,haul_truck,5072.8,76.63,2.58,120.65,443.47,74.42,29,1,medium,day,0
EQ-HAUL-TRUCK-099,haul_truck,2857.8,74.98,4.67,187.0,428.02,63.25,65,0,low,day,0
EQ-EXCAVATOR-071,excavator,3649.0,85.78,4.34,199.11,426.66,78.68,22,1,high,night,0
EQ-HAUL-TRUCK-135,haul_truck,3855.7,77.26,4.04,205.73,477.26,66.77,13,3,low,day,0
EQ-CONVEYOR-BELT-135,conveyor_belt,4317.7,57.07,2.68,93.99,267.61,83.16,58,2,medium,day,0
EQ-HAUL-TRUCK-145,haul_truck,6614.9,89.81,6.63,152.71,405.29,67.69,35,0,medium,night,0
EQ-DRILL-RIG-014,drill_rig,3466.5,80.26,5.3,255.62,342.03,72.73,7,3,low,night,0
EQ-EXCAVATOR-134,excavator,5827.5,75.3,6.45,221.79,284.47,71.62,45,0,low,night,0
EQ-HAUL-TRUCK-029,haul_truck,2297.2,86.28,6.64,152.44,376.91,83.21,46,1,medium,day,1
EQ-HAUL-TRUCK-094,haul_truck,2999.6,70.17,8.34,152.53,425.15,108.38,31,1,medium,day,0
EQ-CONVEYOR-BELT-099,conveyor_belt,2738.0,72.47,1.99,98.29,184.44,56.14,10,1,medium,day,0
EQ-EXCAVATOR-031,excavator,5868.9,75.49,6.99,180.36,309.73,75.23,20,2,medium,day,0
EQ-CRUSHER-002,crusher,7159.0,99.18,8.64,212.69,527.45,86.56,25,3,medium,night,1
EQ-HAUL-TRUCK-142,haul_truck,3199.1,87.13,4.59,153.84,481.52,80.64,31,0,medium,day,0
EQ-BALL-MILL-134,ball_mill,2813.0,90.86,5.14,161.82,513.45,94.9,13,0,medium,day,0
EQ-HAUL-TRUCK-027,haul_truck,3702.4,89.04,5.44,184.46,482.88,86.61,53,1,medium,day,0
EQ-CRUSHER-091,crusher,2654.7,79.92,8.15,199.27,574.57,83.42,103,2,low,day,1
EQ-DRILL-RIG-023,drill_rig,3249.4,85.23,5.68,262.61,422.16,87.61,15,1,medium,day,0
EQ-EXCAVATOR-085,excavator,3705.6,75.21,4.59,238.12,356.45,81.54,20,0,low,night,0
EQ-EXCAVATOR-048,excavator,3722.0,79.47,7.35,222.66,291.22,64.43,18,1,medium,day,0
EQ-DRILL-RIG-113,drill_rig,1856.8,66.61,4.88,197.01,472.25,84.25,152,4,low,night,1
EQ-EXCAVATOR-087,excavator,3176.8,85.1,6.67,210.92,390.44,74.09,39,0,low,day,0
EQ-HAUL-TRUCK-075,haul_truck,7940.1,88.13,5.04,171.23,556.0,87.42,67,3,medium,day,0
EQ-CRUSHER-103,crusher,2017.0,98.89,7.14,207.34,651.18,80.45,42,4,medium,night,1
EQ-HAUL-TRUCK-072,haul_truck,4292.7,89.49,6.46,136.48,321.1,60.1,11,2,medium,night,0
EQ-BALL-MILL-002,ball_mill,4109.9,83.58,8.73,142.48,568.61,74.93,15,2,medium,day,0
EQ-CONVEYOR-BELT-090,conveyor_belt,8972.1,73.91,3.0,56.45,184.46,57.39,18,1,high,day,0
EQ-CONVEYOR-BELT-117,conveyor_belt,4210.8,67.37,2.88,54.64,277.39,85.08,20,1,medium,night,0
EQ-HAUL-TRUCK-074,haul_truck,7645.3,87.67,5.13,153.97,488.91,90.65,53,0,low,night,0
EQ-CONVEYOR-BELT-027,conveyor_belt,4158.5,75.9,3.37,103.58,193.9,66.14,130,1,high,day,0
EQ-CONVEYOR-BELT-002,conveyor_belt,3126.5,80.8,1.91,92.78,323.64,76.94,28,2,medium,day,0
EQ-HAUL-TRUCK-045,haul_truck,4262.7,84.57,3.66,166.64,490.34,80.77,35,1,low,day,0
EQ-BALL-MILL-116,ball_mill,2257.5,81.68,9.69,187.44,600.15,102.63,31,0,low,night,0
EQ-CONVEYOR-BELT-049,conveyor_belt,4423.8,64.08,3.6,104.43,204.03,81.24,9,3,medium,night,0
EQ-DRILL-RIG-144,drill_rig,3262.1,82.61,3.8,238.78,394.82,78.86,78,0,medium,day,1
EQ-EXCAVATOR-050,excavator,3135.5,87.8,8.11,221.37,370.35,71.52,49,0,medium,day,0
EQ-HAUL-TRUCK-065,haul_truck,6081.8,72.66,2.78,146.1,478.61,89.77,29,2,low,day,0
EQ-CONVEYOR-BELT-115,conveyor_belt,3536.6,65.9,0.69,80.2,85.86,75.8,112,0,high,night,0
EQ-DRILL-RIG-093,drill_rig,1571.8,87.36,6.92,249.2,325.74,72.37,7,1,medium,night,0
EQ-CRUSHER-007,crusher,4920.9,101.36,6.4,141.09,415.17,73.08,56,1,high,night,0
EQ-HAUL-TRUCK-012,haul_truck,5379.2,90.27,6.51,169.67,403.88,66.71,30,0,low,night,0
EQ-DRILL-RIG-030,drill_rig,9526.5,81.43,6.52,196.04,312.59,72.36,23,0,medium,day,0
EQ-HAUL-TRUCK-131,haul_truck,4413.5,100.55,5.46,162.72,426.32,81.01,22,0,high,night,1
EQ-EXCAVATOR-004,excavator,3408.0,67.77,6.99,183.49,441.07,64.05,28,0,low,day,0
EQ-CONVEYOR-BELT-011,conveyor_belt,4954.8,60.15,1.9,74.24,163.75,70.27,26,0,medium,day,0
EQ-HAUL-TRUCK-117,haul_truck,2330.2,90.86,5.35,184.57,435.99,85.63,44,3,low,day,0
EQ-HAUL-TRUCK-094,haul_truck,3130.7,87.42,7.08,176.56,448.68,77.02,38,0,medium,night,0
EQ-HAUL-TRUCK-148,haul_truck,5179.5,86.48,4.93,150.09,476.1,65.31,74,1,high,day,1
EQ-BALL-MILL-033,ball_mill,3649.4,93.82,3.49,148.86,568.67,83.74,26,0,medium,day,1
EQ-EXCAVATOR-099,excavator,1745.4,83.28,5.48,217.89,434.95,82.95,92,1,high,night,0
EQ-CONVEYOR-BELT-021,conveyor_belt,3524.2,60.84,2.71,79.46,280.97,78.57,86,1,low,night,0
EQ-BALL-MILL-089,ball_mill,4234.6,96.33,4.47,138.39,501.53,59.88,22,2,high,day,1
EQ-CONVEYOR-BELT-016,conveyor_belt,3584.8,69.96,2.51,72.54,307.69,71.98,17,2,medium,day,0
EQ-CRUSHER-137,crusher,1857.8,79.62,8.5,172.3,495.86,79.66,56,1,low,night,0
EQ-CRUSHER-063,crusher,1168.2,84.79,7.71,180.43,540.37,90.27,43,2,high,day,0
EQ-EXCAVATOR-039,excavator,5595.5,81.63,3.25,172.68,302.63,55.8,21,1,low,day,0
EQ-CONVEYOR-BELT-148,conveyor_belt,5330.8,51.53,3.11,113.34,290.93,65.44,43,3,low,day,0
EQ-BALL-MILL-010,ball_mill,2978.3,78.51,9.13,159.04,540.91,73.13,20,1,high,day,1
EQ-DRILL-RIG-120,drill_rig,2923.3,85.82,4.66,194.72,474.88,82.72,38,4,low,night,1
EQ-CRUSHER-077,crusher,3432.1,84.79,6.85,192.16,511.43,90.46,34,0,low,night,1
EQ-EXCAVATOR-104,excavator,5722.9,89.03,5.64,230.35,351.49,59.09,23,1,low,day,0
EQ-BALL-MILL-040,ball_mill,4256.4,92.31,6.16,159.85,483.43,80.89,94,0,high,night,1
EQ-HAUL-TRUCK-133,haul_truck,6899.5,79.11,2.52,160.94,327.57,58.81,99,0,low,night,0
EQ-DRILL-RIG-068,drill_rig,4209.4,75.46,6.98,236.61,390.01,94.94,27,1,medium,night,1
EQ-EXCAVATOR-063,excavator,2710.9,68.17,3.18,189.87,437.75,81.52,81,0,low,day,0
EQ-CONVEYOR-BELT-069,conveyor_belt,3031.2,53.47,1.78,105.65,265.95,70.25,19,0,medium,day,0
EQ-DRILL-RIG-045,drill_rig,5001.4,95.68,6.82,234.44,456.29,88.07,7,2,medium,night,1
EQ-CRUSHER-048,crusher,7632.9,97.85,7.76,212.3,553.64,72.38,29,1,high,night,1
EQ-HAUL-TRUCK-022,haul_truck,4345.7,73.88,3.33,143.15,432.62,85.77,28,2,high,day,0
EQ-DRILL-RIG-073,drill_rig,6154.0,63.3,6.89,236.41,349.74,60.56,12,0,high,day,0
EQ-EXCAVATOR-072,excavator,4757.5,79.32,6.44,227.8,380.6,58.52,19,1,medium,day,0
EQ-EXCAVATOR-058,excavator,4549.0,84.71,5.99,188.59,422.13,92.86,83,1,medium,day,1
EQ-CRUSHER-148,crusher,8016.4,72.08,8.63,147.71,529.74,80.24,36,1,low,day,0
EQ-CRUSHER-017,crusher,2465.5,91.81,7.48,190.74,477.1,73.66,86,0,medium,day,1
EQ-CONVEYOR-BELT-137,conveyor_belt,3457.3,66.9,3.09,102.21,181.63,67.45,44,1,medium,day,0
EQ-HAUL-TRUCK-131,haul_truck,3186.7,92.27,5.91,205.41,533.03,84.34,54,2,medium,night,1
EQ-CRUSHER-004,crusher,3960.2,93.41,8.74,165.66,502.72,93.27,45,1,low,night,1
EQ-BALL-MILL-106,ball_mill,1991.1,82.81,5.58,175.63,566.71,89.15,41,2,medium,day,0
EQ-HAUL-TRUCK-032,haul_truck,3880.2,73.62,5.81,174.95,349.86,70.37,27,1,medium,day,0
EQ-CRUSHER-007,crusher,2930.3,102.84,6.44,179.48,427.57,84.73,49,1,medium,day,0
EQ-CONVEYOR-BELT-130,conveyor_belt,3020.7,65.82,3.75,121.32,178.98,72.74,51,0,high,day,0
EQ-BALL-MILL-018,ball_mill,6401.1,83.88,7.55,198.95,493.67,68.29,61,0,low,night,1
EQ-CONVEYOR-BELT-045,conveyor_belt,2779.2,69.6,2.58,73.17,270.93,59.83,69,0,low,day,0
EQ-DRILL-RIG-015,drill_rig,9009.0,69.55,5.86,220.46,450.5,86.37,89,2,low,night,0
EQ-EXCAVATOR-022,excavator,4271.0,73.96,4.25,210.99,289.82,57.87,42,0,medium,day,0
EQ-EXCAVATOR-010,excavator,1335.6,75.86,5.28,211.84,409.75,90.71,46,0,medium,night,0
EQ-BALL-MILL-127,ball_mill,6158.9,85.46,5.56,169.5,537.98,79.72,40,2,high,night,1
EQ-BALL-MILL-009,ball_mill,1149.3,99.05,7.12,180.8,603.49,72.02,87,1,high,night,1
EQ-CONVEYOR-BELT-114,conveyor_belt,2227.9,55.86,3.54,61.51,241.79,82.14,43,2,medium,night,0
EQ-CRUSHER-024,crusher,4687.0,100.34,9.56,161.24,553.39,74.43,43,0,medium,day,1
EQ-CRUSHER-138,crusher,3578.1,87.04,6.39,243.97,494.22,79.17,48,2,medium,day,1
EQ-HAUL-TRUCK-128,haul_truck,5315.4,84.49,8.24,129.34,480.06,86.93,48,0,high,day,1
EQ-BALL-MILL-095,ball_mill,3033.7,80.43,9.39,154.39,672.96,89.18,40,1,medium,night,0
EQ-DRILL-RIG-125,drill_rig,3021.2,86.06,5.12,218.32,428.95,70.34,23,0,low,night,0
EQ-CRUSHER-045,crusher,3260.2,88.65,7.98,200.94,589.34,58.7,22,1,high,day,0
EQ-EXCAVATOR-118,excavator,4807.9,76.35,7.35,211.14,338.8,84.03,12,1,medium,night,1
EQ-EXCAVATOR-034,excavator,5380.2,78.58,5.57,222.87,379.74,56.45,30,3,low,day,0
EQ-HAUL-TRUCK-093,haul_truck,2288.5,81.34,4.95,154.81,275.28,71.83,12,2,medium,day,0
EQ-CONVEYOR-BELT-138,conveyor_belt,6533.1,60.38,2.57,85.01,166.57,69.57,6,1,low,night,0
EQ-CONVEYOR-BELT-109,conveyor_belt,8792.4,60.47,2.81,99.01,214.19,59.73,66,0,low,day,0
EQ-EXCAVATOR-041,excavator,3903.3,76.04,5.25,186.71,418.7,74.39,23,0,medium,day,0
EQ-CONVEYOR-BELT-111,conveyor_belt,4438.8,70.52,2.53,74.7,102.7,63.17,3,3,medium,night,0
EQ-BALL-MILL-133,ball_mill,2932.8,76.67,4.39,140.18,579.09,67.14,71,1,medium,night,1
EQ-HAUL-TRUCK-134,haul_truck,6039.3,92.29,7.42,124.23,387.56,67.11,16,0,low,night,1
EQ-CRUSHER-111,crusher,1176.0,97.9,7.4,180.17,598.03,79.37,29,2,medium,day,1
EQ-CRUSHER-110,crusher,7396.1,96.84,6.42,170.38,532.49,88.37,65,2,low,day,1
EQ-HAUL-TRUCK-118,haul_truck,7026.6,90.15,3.51,150.64,396.3,82.62,50,0,medium,night,1
EQ-CRUSHER-111,crusher,2199.7,95.25,7.23,200.34,542.3,88.89,10,3,medium,night,1
EQ-CONVEYOR-BELT-021,conveyor_belt,2746.3,61.01,6.79,66.2,117.48,60.98,13,2,low,day,0
EQ-HAUL-TRUCK-121,haul_truck,3643.0,79.2,3.63,161.69,458.5,58.83,34,1,low,night,0
EQ-HAUL-TRUCK-027,haul_truck,5739.6,84.71,3.52,178.96,377.31,80.22,14,1,medium,night,0
EQ-DRILL-RIG-084,drill_rig,1890.0,83.77,5.28,271.41,419.92,74.59,44,0,medium,night,0
EQ-EXCAVATOR-051,excavator,3093.5,85.8,4.51,169.46,309.16,58.42,37,1,high,night,0
EQ-CONVEYOR-BELT-032,conveyor_belt,5057.3,56.04,2.98,71.81,85.25,58.99,97,0,low,day,0
EQ-CONVEYOR-BELT-043,conveyor_belt,2105.6,66.34,2.0,108.08,229.25,87.63,37,0,low,night,0
EQ-DRILL-RIG-013,drill_rig,3762.5,66.88,7.52,221.67,395.98,86.75,22,1,low,day,0
EQ-CONVEYOR-BELT-066,conveyor_belt,4089.6,64.04,3.03,102.94,261.87,83.77,18,2,medium,day,0
EQ-DRILL-RIG-063,drill_rig,2431.7,89.23,7.46,234.6,406.29,77.06,21,1,medium,day,1
EQ-CONVEYOR-BELT-061,conveyor_belt,3998.0,60.38,1.15,120.9,180.44,58.46,72,0,medium,day,0
EQ-CRUSHER-014,crusher,4155.9,81.45,9.99,180.21,477.6,77.57,35,0,medium,day,1
EQ-CRUSHER-092,crusher,2914.9,89.23,6.28,193.24,528.07,83.17,29,1,low,night,1
EQ-EXCAVATOR-026,excavator,1776.3,73.78,5.38,194.33,365.82,64.93,41,1,medium,day,0
EQ-CRUSHER-129,crusher,1695.1,89.05,6.4,191.92,524.96,89.3,11,1,high,day,0
EQ-HAUL-TRUCK-004,haul_truck,4900.0,84.04,4.99,182.08,336.51,59.32,43,2,medium,night,0
EQ-CRUSHER-009,crusher,4893.7,81.38,6.62,174.48,556.68,94.45,30,0,medium,day,0
EQ-CRUSHER-046,crusher,3340.4,91.97,8.99,198.42,578.17,81.31,28,1,medium,day,1
EQ-HAUL-TRUCK-062,haul_truck,3616.8,89.87,6.48,129.87,361.13,65.1,87,0,medium,night,0
EQ-EXCAVATOR-146,excavator,3119.9,90.95,6.36,233.43,375.51,68.83,28,0,high,night,0
EQ-DRILL-RIG-079,drill_rig,6649.3,72.57,5.2,206.3,401.16,85.99,32,1,low,night,0
EQ-CONVEYOR-BELT-057,conveyor_belt,3148.5,53.17,0.2,121.71,89.12,60.0,20,1,low,day,0
EQ-DRILL-RIG-126,drill_rig,8146.2,86.84,6.19,252.77,459.33,73.35,54,0,medium,night,1
EQ-CRUSHER-037,crusher,2653.7,88.19,8.05,170.66,663.5,92.12,145,1,high,night,0
EQ-DRILL-RIG-135,drill_rig,6064.4,61.66,5.35,230.38,393.59,57.84,14,2,low,night,0
EQ-DRILL-RIG-061,drill_rig,2108.6,70.11,5.3,242.82,299.5,69.38,32,1,medium,day,0
EQ-HAUL-TRUCK-047,haul_truck,4559.9,76.43,4.71,163.86,398.61,73.71,19,3,low,night,0
EQ-BALL-MILL-046,ball_mill,1979.5,85.7,7.21,180.06,611.71,81.59,67,3,medium,night,0
EQ-HAUL-TRUCK-002,haul_truck,2930.1,86.06,3.85,167.05,429.03,85.67,68,2,medium,day,0
EQ-CONVEYOR-BELT-102,conveyor_belt,6004.8,70.56,3.1,96.57,177.37,59.9,23,1,medium,day,0
EQ-DRILL-RIG-087,drill_rig,2020.8,90.54,6.42,262.98,409.57,56.21,41,0,high,day,1
EQ-EXCAVATOR-096,excavator,7212.7,82.89,5.62,201.48,331.91,51.27,33,2,medium,night,0
EQ-CONVEYOR-BELT-098,conveyor_belt,5552.6,59.76,4.71,48.37,161.94,75.45,25,1,low,day,0
EQ-EXCAVATOR-005,excavator,5531.8,70.04,3.74,196.07,313.78,66.1,59,1,high,night,0
EQ-HAUL-TRUCK-132,haul_truck,5524.8,82.58,5.51,161.88,356.82,55.44,22,1,medium,day,0
EQ-HAUL-TRUCK-077,haul_truck,7450.4,102.65,5.0,126.9,469.08,85.98,45,3,medium,night,0
EQ-HAUL-TRUCK-104,haul_truck,4567.2,78.47,6.17,142.08,403.65,90.98,16,3,medium,day,1
EQ-HAUL-TRUCK-006,haul_truck,2925.2,97.07,4.96,155.91,466.57,80.62,123,0,high,night,1
EQ-CONVEYOR-BELT-115,conveyor_belt,5064.2,65.45,3.92,95.92,125.74,72.23,34,2,medium,night,0
EQ-CRUSHER-102,crusher,3780.4,107.45,6.89,160.21,478.71,73.03,23,2,medium,night,1
EQ-CRUSHER-056,crusher,6815.6,84.17,7.34,190.5,461.85,89.19,25,0,medium,night,0
EQ-CONVEYOR-BELT-141,conveyor_belt,3889.7,69.5,3.42,91.8,128.98,74.34,31,2,medium,night,0
EQ-HAUL-TRUCK-098,haul_truck,10453.1,85.54,4.87,177.03,390.56,76.0,31,1,high,night,0
EQ-EXCAVATOR-137,excavator,5697.6,82.36,5.98,249.8,328.4,71.31,10,1,medium,day,0
EQ-DRILL-RIG-124,drill_rig,2454.9,94.15,6.49,229.51,432.91,80.6,68,2,low,night,0
EQ-BALL-MILL-031,ball_mill,3731.0,101.49,5.28,204.87,530.16,76.8,23,2,medium,day,0
EQ-CRUSHER-150,crusher,3786.9,72.79,7.08,207.33,527.74,86.84,106,1,low,night,0
EQ-HAUL-TRUCK-112,haul_truck,6831.7,87.87,7.87,139.55,320.32,77.67,43,2,high,night,0
EQ-DRILL-RIG-029,drill_rig,5496.7,83.74,2.77,286.05,270.32,71.11,22,1,medium,night,0
EQ-BALL-MILL-119,ball_mill,2468.4,95.46,8.58,159.53,546.43,83.57,52,3,medium,day,0
EQ-CRUSHER-065,crusher,3962.1,91.34,7.02,156.66,501.31,64.37,34,0,medium,day,0
EQ-EXCAVATOR-130,excavator,3326.7,71.94,4.0,186.89,407.64,71.38,107,3,high,night,1
EQ-HAUL-TRUCK-026,haul_truck,5550.3,93.5,3.28,147.75,394.48,62.15,42,1,medium,day,0
EQ-CONVEYOR-BELT-039,conveyor_belt,5821.9,56.68,4.23,96.13,219.47,59.6,67,3,low,night,0
EQ-BALL-MILL-053,ball_mill,6531.0,98.44,7.04,162.84,573.7,77.55,52,1,medium,day,0
EQ-CONVEYOR-BELT-068,conveyor_belt,5787.4,71.43,2.31,75.86,173.67,57.29,17,0,high,day,0
EQ-EXCAVATOR-095,excavator,2672.6,78.53,5.1,230.3,363.51,58.38,104,2,high,night,1
EQ-CONVEYOR-BELT-034,conveyor_belt,3786.5,69.12,0.2,63.91,224.13,64.14,11,1,medium,day,0
EQ-DRILL-RIG-106,drill_rig,6039.3,81.88,6.44,262.89,354.69,72.4,32,3,medium,day,0
EQ-CRUSHER-004,crusher,7026.6,100.68,6.13,234.98,565.16,82.77,44,0,medium,day,0
EQ-DRILL-RIG-050,drill_rig,2057.3,72.07,8.2,229.25,457.31,72.97,5,2,medium,night,0
EQ-CRUSHER-099,crusher,5002.7,92.62,5.99,161.49,628.6,98.16,21,1,medium,night,1
EQ-EXCAVATOR-040,excavator,3851.4,76.96,2.46,187.51,399.59,68.58,40,1,low,night,0
EQ-CONVEYOR-BELT-065,conveyor_belt,4424.9,56.98,4.02,95.73,317.46,78.39,41,0,low,day,0
EQ-CRUSHER-091,crusher,5497.9,86.28,7.75,191.62,432.98,71.51,116,1,medium,day,1
EQ-BALL-MILL-038,ball_mill,4024.1,95.86,7.5,188.09,555.03,68.55,74,3,medium,day,1
EQ-CRUSHER-145,crusher,4244.9,80.5,6.83,237.3,560.45,86.76,25,1,low,day,0
EQ-CRUSHER-128,crusher,2369.8,82.88,8.38,155.74,659.45,91.99,5,0,high,day,0
EQ-CRUSHER-146,crusher,3785.8,83.84,8.08,160.12,580.18,94.51,9,1,low,day,0
EQ-CRUSHER-075,crusher,3682.2,82.8,9.34,215.13,483.69,87.08,34,1,medium,day,1
EQ-EXCAVATOR-052,excavator,3598.5,78.98,4.89,186.87,384.96,75.95,56,2,high,night,0
EQ-CONVEYOR-BELT-150,conveyor_belt,3561.4,63.87,3.15,56.67,244.75,95.45,20,0,high,day,0
EQ-CRUSHER-110,crusher,7855.8,94.26,7.78,219.84,443.25,79.13,113,3,high,day,1
EQ-CRUSHER-120,crusher,5458.8,91.92,8.65,147.46,548.44,93.49,35,0,high,day,1
EQ-CONVEYOR-BELT-028,conveyor_belt,2194.4,59.65,3.63,111.55,222.78,56.48,29,2,medium,night,0
EQ-HAUL-TRUCK-131,haul_truck,1552.0,89.35,5.61,154.19,460.25,77.38,123,1,medium,night,0
EQ-CONVEYOR-BELT-080,conveyor_belt,3715.0,66.48,4.11,58.93,192.47,83.71,108,0,high,night,0
EQ-CRUSHER-116,crusher,6321.7,91.99,6.87,168.64,623.61,83.59,69,2,medium,night,1
EQ-CRUSHER-124,crusher,2496.0,83.73,5.04,174.74,503.83,70.29,27,2,medium,day,0
EQ-CONVEYOR-BELT-016,conveyor_belt,5868.5,65.91,3.34,46.37,190.78,77.09,115,0,low,day,0
EQ-DRILL-RIG-015,drill_rig,2716.6,77.6,6.42,216.01,436.48,85.75,76,2,medium,night,1
EQ-DRILL-RIG-010,drill_rig,3324.6,73.66,8.28,207.92,485.16,81.2,34,0,low,night,0
EQ-EXCAVATOR-097,excavator,3633.1,84.4,4.61,228.95,311.08,81.93,96,0,medium,night,1
EQ-EXCAVATOR-138,excavator,4023.0,92.13,4.2,224.19,437.5,101.53,25,0,medium,day,0
EQ-CONVEYOR-BELT-005,conveyor_belt,1939.5,54.33,3.23,99.16,180.65,60.26,12,0,low,night,0
EQ-CONVEYOR-BELT-021,conveyor_belt,2164.0,65.5,4.04,82.31,199.55,75.27,28,1,medium,night,0
EQ-CONVEYOR-BELT-073,conveyor_belt,3289.5,65.62,2.74,47.78,209.34,72.1,10,0,medium,day,0
EQ-CONVEYOR-BELT-059,conveyor_belt,1721.4,70.35,4.26,74.3,116.44,72.69,36,1,high,day,0
EQ-DRILL-RIG-016,drill_rig,3146.9,75.25,6.0,216.53,361.05,41.18,34,0,low,night,0
EQ-HAUL-TRUCK-092,haul_truck,4442.4,82.74,6.1,124.03,391.03,81.35,22,1,low,night,0
EQ-CONVEYOR-BELT-136,conveyor_belt,2412.0,55.34,6.52,104.88,258.59,78.22,75,1,medium,day,0
EQ-HAUL-TRUCK-032,haul_truck,3097.0,81.54,7.09,151.3,508.51,110.0,43,1,medium,day,0
EQ-CRUSHER-001,crusher,4172.7,90.17,7.26,172.34,493.03,82.27,24,1,medium,night,1
EQ-CONVEYOR-BELT-034,conveyor_belt,2048.9,61.47,3.84,95.15,192.39,89.93,29,2,medium,night,0
EQ-CRUSHER-028,crusher,4461.1,101.22,6.56,193.62,433.17,64.59,59,1,high,night,1
EQ-EXCAVATOR-070,excavator,3804.5,63.57,5.03,191.72,395.7,86.2,73,0,medium,day,0
EQ-BALL-MILL-017,ball_mill,2651.8,86.2,6.46,183.91,610.37,77.98,40,0,medium,day,0
EQ-DRILL-RIG-055,drill_rig,6607.6,69.8,8.52,197.96,366.57,50.09,18,2,low,night,0
EQ-CRUSHER-018,crusher,2341.8,80.47,6.32,187.75,653.51,85.42,31,4,high,day,0
EQ-BALL-MILL-102,ball_mill,4594.7,90.51,8.5,159.06,577.29,66.52,55,1,high,day,0
EQ-CRUSHER-071,crusher,4666.2,85.53,8.8,151.47,421.58,82.86,84,4,medium,night,1
EQ-DRILL-RIG-012,drill_rig,2357.4,89.27,9.21,251.74,458.16,87.36,27,2,high,day,0
EQ-HAUL-TRUCK-007,haul_truck,2710.6,93.25,3.75,168.34,439.55,92.09,16,2,low,night,0
EQ-EXCAVATOR-074,excavator,4962.6,73.95,6.43,164.62,315.85,63.78,62,3,medium,day,0
EQ-EXCAVATOR-089,excavator,5671.3,83.79,4.21,206.88,258.82,68.05,82,1,high,night,0
EQ-HAUL-TRUCK-027,haul_truck,4490.6,86.02,5.55,138.49,400.59,76.13,38,1,high,night,1
EQ-CRUSHER-049,crusher,4952.1,87.77,6.97,216.23,489.79,71.18,20,0,medium,day,0
EQ-HAUL-TRUCK-092,haul_truck,3148.2,81.0,4.16,149.32,446.38,66.94,27,2,low,night,0
EQ-CONVEYOR-BELT-071,conveyor_belt,6205.9,61.42,3.85,81.31,201.17,77.78,40,0,low,day,0
EQ-HAUL-TRUCK-018,haul_truck,1771.5,78.75,4.99,146.97,479.67,81.69,23,1,low,night,0
EQ-HAUL-TRUCK-059,haul_truck,4307.9,99.67,4.4,174.0,371.7,77.32,13,1,high,day,0
EQ-BALL-MILL-030,ball_mill,6112.5,87.48,5.01,195.69,581.77,69.25,23,0,medium,night,0
EQ-CONVEYOR-BELT-140,conveyor_belt,5791.7,58.37,5.06,89.54,200.17,71.61,27,2,medium,day,0
EQ-BALL-MILL-121,ball_mill,995.0,78.33,8.21,149.79,682.23,79.64,27,3,low,night,1
EQ-CRUSHER-047,crusher,5527.1,86.8,8.59,155.42,530.31,109.87,4,0,medium,day,1
EQ-HAUL-TRUCK-036,haul_truck,3118.5,75.21,4.36,123.38,390.7,81.97,180,0,medium,day,1
EQ-CONVEYOR-BELT-021,conveyor_belt,3082.2,52.83,4.66,85.28,244.4,63.91,24,1,medium,day,0
EQ-CONVEYOR-BELT-111,conveyor_belt,4386.1,72.08,3.02,64.64,225.43,69.23,15,3,medium,day,0
EQ-HAUL-TRUCK-138,haul_truck,2312.4,84.02,6.99,147.6,451.44,66.51,29,1,low,day,0
EQ-DRILL-RIG-041,drill_rig,4670.4,75.6,9.06,245.65,388.04,79.05,77,1,low,day,0
EQ-CONVEYOR-BELT-096,conveyor_belt,5976.7,66.12,0.82,55.26,168.99,73.19,75,2,high,night,0
EQ-CONVEYOR-BELT-036,conveyor_belt,7027.9,62.08,1.83,85.87,66.63,66.92,67,2,medium,day,0
EQ-CRUSHER-138,crusher,8416.6,100.52,5.82,198.17,503.95,71.63,99,1,medium,day,1
EQ-CONVEYOR-BELT-045,conveyor_belt,4449.0,68.7,3.66,104.03,238.75,78.95,18,1,high,night,0
EQ-EXCAVATOR-015,excavator,2921.6,78.43,3.41,206.28,302.7,78.04,14,1,medium,night,0
EQ-BALL-MILL-133,ball_mill,2532.8,80.29,8.87,171.84,540.69,60.28,55,0,medium,day,1
EQ-CRUSHER-142,crusher,9113.3,78.46,7.98,133.6,540.76,87.71,26,4,medium,day,1
EQ-HAUL-TRUCK-060,haul_truck,3394.5,84.35,6.11,193.4,339.17,59.64,65,2,low,day,0
EQ-HAUL-TRUCK-137,haul_truck,1186.3,77.12,3.14,184.54,395.26,82.22,73,1,medium,night,0
EQ-CONVEYOR-BELT-037,conveyor_belt,2658.4,77.34,2.97,82.61,297.35,89.46,44,1,high,night,0
EQ-BALL-MILL-041,ball_mill,3009.9,94.42,8.99,144.13,640.02,90.79,33,2,medium,night,1
EQ-BALL-MILL-081,ball_mill,5566.6,82.54,8.99,169.24,675.06,84.02,90,1,low,night,1
EQ-CONVEYOR-BELT-091,conveyor_belt,7233.4,74.78,1.78,97.01,101.47,53.7,41,1,high,night,0
EQ-BALL-MILL-058,ball_mill,5831.5,88.01,6.6,179.9,643.75,102.19,24,2,low,night,0
EQ-CONVEYOR-BELT-120,conveyor_belt,5057.1,67.76,3.56,114.1,195.23,63.81,33,1,medium,night,0
EQ-EXCAVATOR-119,excavator,7317.8,66.11,7.74,252.41,355.09,87.94,39,2,medium,night,0
EQ-CONVEYOR-BELT-019,conveyor_belt,5749.8,52.83,2.59,60.51,248.94,89.09,6,1,medium,night,0
EQ-HAUL-TRUCK-149,haul_truck,6592.8,81.61,4.53,182.95,408.9,72.58,105,0,low,night,1
EQ-EXCAVATOR-024,excavator,3004.7,86.67,5.13,182.63,409.48,93.15,20,2,medium,day,0
EQ-CRUSHER-079,crusher,2204.2,72.52,8.97,162.38,584.09,83.04,9,1,high,day,0
EQ-HAUL-TRUCK-064,haul_truck,2502.2,84.4,4.83,189.91,402.87,77.76,41,1,high,day,0
EQ-BALL-MILL-068,ball_mill,3681.9,83.56,7.94,158.27,624.26,104.2,45,1,high,day,1
EQ-BALL-MILL-020,ball_mill,8518.8,84.98,9.68,165.48,493.11,68.54,21,1,low,night,1
EQ-EXCAVATOR-052,excavator,3099.7,78.52,6.75,204.66,375.2,54.96,27,0,low,night,0
EQ-CONVEYOR-BELT-005,conveyor_belt,2538.8,75.93,5.06,105.8,250.1,71.33,41,0,medium,day,0
EQ-CRUSHER-147,crusher,10423.2,98.13,10.33,161.41,443.84,77.72,39,3,medium,day,1
EQ-HAUL-TRUCK-022,haul_truck,4548.8,77.78,6.7,138.64,382.57,66.03,63,4,low,day,1
EQ-EXCAVATOR-073,excavator,3261.1,82.83,4.12,207.57,475.68,84.88,41,1,low,night,0
EQ-EXCAVATOR-033,excavator,2060.7,81.44,6.55,208.43,314.84,59.81,8,0,low,night,0
EQ-EXCAVATOR-027,excavator,1959.7,75.98,6.46,196.2,396.35,70.88,33,0,medium,day,0
EQ-HAUL-TRUCK-059,haul_truck,6069.5,84.75,3.6,187.93,446.64,89.98,52,1,medium,day,0
EQ-HAUL-TRUCK-146,haul_truck,1441.7,90.7,3.78,113.81,393.44,63.81,23,3,high,night,0
EQ-HAUL-TRUCK-072,haul_truck,3886.9,81.49,4.11,147.69,467.29,87.2,32,1,low,night,0
EQ-BALL-MILL-145,ball_mill,7137.4,93.24,8.96,172.54,532.3,88.77,60,2,medium,night,1
EQ-HAUL-TRUCK-125,haul_truck,3073.6,98.06,2.22,173.71,439.65,77.23,40,0,medium,day,0
EQ-EXCAVATOR-066,excavator,4547.7,69.01,6.69,198.78,410.0,84.72,52,1,medium,day,0
EQ-CRUSHER-136,crusher,2804.0,79.1,5.64,231.73,529.37,79.94,44,0,low,night,0
EQ-EXCAVATOR-053,excavator,8665.2,78.62,5.97,206.22,414.07,64.82,30,0,medium,day,0
EQ-CRUSHER-076,crusher,4797.7,85.92,7.92,171.15,428.55,75.96,126,1,medium,night,1
EQ-HAUL-TRUCK-103,haul_truck,7041.3,80.9,2.2,164.18,525.89,75.33,17,1,medium,night,0
EQ-CONVEYOR-BELT-089,conveyor_belt,4078.8,63.96,2.4,55.2,181.94,83.14,10,0,medium,day,0
EQ-CONVEYOR-BELT-125,conveyor_belt,4513.3,50.06,3.02,137.67,207.26,59.05,36,2,medium,day,0
EQ-CONVEYOR-BELT-025,conveyor_belt,5081.8,71.74,2.79,78.38,176.9,74.99,31,1,medium,night,0
EQ-CONVEYOR-BELT-075,conveyor_belt,3652.4,58.5,2.59,114.07,124.33,67.2,37,0,medium,night,0
EQ-CRUSHER-100,crusher,5749.2,90.17,5.74,194.08,451.94,88.09,68,3,low,day,0
EQ-EXCAVATOR-050,excavator,3920.3,68.07,6.69,216.66,441.54,68.72,19,1,low,night,0
EQ-EXCAVATOR-131,excavator,5333.3,83.48,5.53,229.61,488.9,95.12,4,1,low,day,0
EQ-CRUSHER-046,crusher,7182.3,98.3,6.23,202.15,556.73,100.98,165,2,low,night,1
EQ-HAUL-TRUCK-046,haul_truck,4320.9,90.32,5.36,164.84,474.42,79.78,31,1,high,night,0
EQ-EXCAVATOR-049,excavator,3002.7,89.26,5.35,216.75,451.36,91.74,51,2,high,day,0
EQ-CONVEYOR-BELT-102,conveyor_belt,6927.4,63.34,3.59,92.07,143.35,69.7,32,1,high,night,0
EQ-HAUL-TRUCK-018,haul_truck,5078.5,86.36,3.87,138.64,427.31,75.57,27,2,medium,night,0
EQ-HAUL-TRUCK-022,haul_truck,3348.3,89.77,5.22,97.7,519.6,74.52,33,3,medium,night,0
EQ-CONVEYOR-BELT-117,conveyor_belt,2771.3,58.17,0.2,68.36,175.26,66.54,53,2,medium,day,0
EQ-CRUSHER-032,crusher,728.8,86.47,8.41,199.17,606.34,104.35,66,1,medium,night,1
EQ-DRILL-RIG-016,drill_rig,4093.1,90.57,7.12,232.18,455.44,73.74,89,3,low,night,1
EQ-BALL-MILL-040,ball_mill,3974.8,79.33,8.47,175.37,631.26,82.94,57,2,high,day,1
EQ-BALL-MILL-060,ball_mill,2624.5,90.8,7.84,156.09,621.29,92.92,31,0,high,day,1
EQ-CRUSHER-005,crusher,2652.7,85.07,8.34,174.0,593.33,90.9,123,3,low,night,1
EQ-EXCAVATOR-126,excavator,2757.2,82.39,6.47,197.8,377.03,79.05,52,4,medium,night,1
EQ-CONVEYOR-BELT-018,conveyor_belt,3863.5,49.25,3.51,44.51,251.41,88.0,58,4,high,day,0
EQ-CONVEYOR-BELT-061,conveyor_belt,6124.3,65.83,4.22,96.0,184.03,64.72,90,0,high,night,0
EQ-CONVEYOR-BELT-031,conveyor_belt,3635.7,70.8,4.63,91.97,190.09,82.56,36,2,medium,day,0
EQ-EXCAVATOR-045,excavator,3256.2,78.26,7.36,234.39,335.41,53.62,85,1,medium,night,1
EQ-HAUL-TRUCK-007,haul_truck,2277.0,85.49,2.7,168.34,386.78,77.56,10,1,medium,day,0
EQ-HAUL-TRUCK-143,haul_truck,1428.2,78.15,3.26,182.1,530.77,72.44,33,2,medium,day,0
EQ-HAUL-TRUCK-141,haul_truck,2308.6,88.07,4.41,162.26,584.22,81.32,96,1,low,night,1
EQ-HAUL-TRUCK-019,haul_truck,3098.1,83.65,3.12,165.25,513.93,92.13,74,3,low,night,0
EQ-BALL-MILL-030,ball_mill,2890.6,92.16,4.87,205.86,618.94,77.24,47,0,medium,day,1
EQ-HAUL-TRUCK-133,haul_truck,4414.6,92.38,5.02,167.97,486.61,105.78,15,1,medium,night,1
EQ-CONVEYOR-BELT-063,conveyor_belt,4159.3,68.16,3.86,95.73,167.58,70.77,7,2,high,night,0
EQ-BALL-MILL-010,ball_mill,2342.2,89.28,4.0,170.28,566.66,77.58,35,1,medium,night,1
EQ-EXCAVATOR-021,excavator,4427.8,85.38,9.13,216.64,337.2,55.9,32,0,medium,day,0
EQ-CRUSHER-063,crusher,2677.6,81.36,8.57,177.71,550.61,76.09,65,2,medium,day,0
EQ-CONVEYOR-BELT-084,conveyor_belt,3707.3,64.69,4.29,76.16,154.26,89.68,40,1,high,night,0
EQ-EXCAVATOR-095,excavator,2273.0,88.27,5.62,216.15,356.09,75.41,72,1,medium,night,0
EQ-CRUSHER-023,crusher,4418.0,90.16,7.55,199.77,547.22,89.0,45,1,medium,day,0
EQ-DRILL-RIG-056,drill_rig,2828.3,72.41,6.55,248.82,410.43,76.34,17,2,low,day,0
EQ-CONVEYOR-BELT-040,conveyor_belt,6927.3,57.36,4.04,90.54,96.05,77.03,50,0,low,day,0
EQ-DRILL-RIG-081,drill_rig,2920.9,82.45,4.5,228.78,418.75,77.5,38,1,high,day,0
EQ-BALL-MILL-049,ball_mill,2182.1,82.79,8.35,179.58,544.37,79.86,35,3,medium,night,0
EQ-EXCAVATOR-031,excavator,2890.6,82.23,4.38,192.23,319.0,79.13,39,0,medium,day,0
EQ-CONVEYOR-BELT-123,conveyor_belt,2559.7,60.66,4.82,100.92,87.99,55.63,46,1,low,night,0
EQ-CONVEYOR-BELT-086,conveyor_belt,1302.8,56.87,3.58,110.19,108.6,71.52,36,1,medium,night,0
EQ-CONVEYOR-BELT-072,conveyor_belt,7243.1,66.97,2.95,89.68,265.86,68.24,11,2,medium,day,0
EQ-CONVEYOR-BELT-021,conveyor_belt,4839.3,71.2,2.28,48.84,219.85,76.99,13,1,medium,night,0
EQ-CONVEYOR-BELT-011,conveyor_belt,4164.8,73.13,2.88,86.72,230.09,72.04,27,1,high,day,0
EQ-BALL-MILL-120,ball_mill,3435.1,88.29,6.44,140.84,530.67,83.41,80,1,medium,day,0
EQ-EXCAVATOR-146,excavator,2279.3,87.21,5.23,235.95,264.99,76.85,42,1,medium,day,0
EQ-CONVEYOR-BELT-088,conveyor_belt,1613.4,73.29,3.74,76.11,163.99,53.45,36,1,high,night,0
EQ-EXCAVATOR-006,excavator,3685.4,87.48,4.11,211.6,257.93,62.61,120,0,medium,day,1
EQ-CONVEYOR-BELT-073,conveyor_belt,3881.1,71.76,4.24,94.91,143.04,66.39,45,1,high,night,0
EQ-DRILL-RIG-043,drill_rig,3324.1,81.79,4.31,221.3,478.76,76.45,36,0,medium,day,0
EQ-DRILL-RIG-009,drill_rig,8844.7,75.47,8.3,246.92,469.21,83.91,29,3,low,day,1
EQ-CRUSHER-022,crusher,1283.1,105.02,9.34,189.1,559.35,85.49,26,2,high,night,1
EQ-CRUSHER-075,crusher,3540.8,87.01,8.79,221.52,524.78,88.49,9,2,medium,night,1
EQ-EXCAVATOR-065,excavator,1316.2,90.26,5.27,229.25,354.25,73.34,36,0,medium,night,0
EQ-HAUL-TRUCK-085,haul_truck,3242.1,89.5,4.7,141.24,513.1,88.99,14,2,medium,day,0
EQ-EXCAVATOR-105,excavator,3088.8,87.2,5.5,201.34,392.95,85.34,20,1,medium,day,0
EQ-BALL-MILL-040,ball_mill,1789.1,78.45,8.23,176.12,592.65,79.99,13,1,medium,day,0
EQ-EXCAVATOR-043,excavator,2436.4,59.67,5.71,193.42,389.48,72.2,114,1,medium,day,0
EQ-BALL-MILL-102,ball_mill,11351.0,91.26,6.73,144.74,568.55,87.06,44,4,high,night,1
EQ-EXCAVATOR-030,excavator,3321.1,79.41,5.7,176.39,353.22,63.95,84,0,low,day,0
EQ-CONVEYOR-BELT-012,conveyor_belt,3429.2,63.28,2.44,93.32,152.11,65.1,62,0,medium,night,0
EQ-CONVEYOR-BELT-129,conveyor_belt,2764.9,67.39,2.52,104.15,78.46,70.03,31,1,low,night,0
EQ-CONVEYOR-BELT-032,conveyor_belt,6488.3,66.05,3.99,74.35,153.68,73.59,22,2,medium,day,0
EQ-CONVEYOR-BELT-019,conveyor_belt,5663.2,52.97,5.04,74.19,155.95,78.07,30,0,medium,day,0
EQ-CONVEYOR-BELT-111,conveyor_belt,2110.5,61.63,6.43,111.9,93.31,76.32,18,2,medium,night,0
EQ-BALL-MILL-080,ball_mill,2078.5,81.32,6.5,191.39,540.48,74.74,4,0,medium,day,0
EQ-CONVEYOR-BELT-023,conveyor_belt,2565.2,69.93,3.49,66.26,158.27,43.56,9,3,high,day,0
EQ-HAUL-TRUCK-128,haul_truck,4231.0,91.23,4.51,156.41,519.51,85.4,55,1,high,day,0
EQ-EXCAVATOR-037,excavator,3114.3,83.53,5.8,212.17,412.97,74.92,10,2,high,night,0
EQ-CONVEYOR-BELT-102,conveyor_belt,3985.6,67.53,2.55,86.91,179.23,75.95,20,3,medium,night,0
EQ-CRUSHER-098,crusher,5749.2,85.14,7.27,134.1,456.5,68.95,29,0,medium,night,0
EQ-CRUSHER-125,crusher,2414.9,87.03,8.33,209.37,452.43,65.81,14,0,low,day,0
EQ-CONVEYOR-BELT-110,conveyor_belt,1486.2,59.03,2.16,90.05,276.81,85.1,52,0,low,night,0
EQ-CRUSHER-106,crusher,4572.0,93.9,7.4,190.59,554.63,97.57,70,0,medium,day,1
EQ-DRILL-RIG-008,drill_rig,2399.9,71.83,4.81,219.76,403.7,64.21,11,0,medium,night,0
EQ-CONVEYOR-BELT-141,conveyor_belt,4438.5,63.48,5.54,44.1,246.67,71.9,10,1,medium,night,0
EQ-CONVEYOR-BELT-019,conveyor_belt,4138.1,63.04,3.6,90.76,269.67,63.4,23,3,medium,night,0
EQ-CONVEYOR-BELT-039,conveyor_belt,6028.2,64.22,2.61,90.04,223.61,60.54,58,2,medium,day,0
EQ-BALL-MILL-067,ball_mill,4304.0,87.45,5.23,174.71,658.03,64.1,57,1,high,night,0
EQ-CONVEYOR-BELT-044,conveyor_belt,3792.4,68.87,2.63,91.49,218.3,79.87,9,0,low,day,0
EQ-BALL-MILL-089,ball_mill,3689.5,101.1,4.91,155.42,640.41,75.89,47,1,medium,day,1
EQ-HAUL-TRUCK-008,haul_truck,8555.8,90.05,2.61,133.65,336.81,55.11,30,1,low,night,0
EQ-CONVEYOR-BELT-069,conveyor_belt,7796.5,73.72,5.39,69.32,182.47,73.82,76,3,low,day,0
EQ-CONVEYOR-BELT-053,conveyor_belt,4004.4,69.87,2.7,63.83,138.03,63.86,17,2,high,day,0
EQ-CRUSHER-098,crusher,3260.9,95.19,9.15,224.97,493.55,82.92,14,1,low,night,0
EQ-EXCAVATOR-078,excavator,2899.6,83.24,3.44,187.98,372.88,79.23,60,2,low,night,0
EQ-CONVEYOR-BELT-114,conveyor_belt,4567.1,50.28,4.96,60.45,251.57,71.91,9,0,medium,night,0
EQ-EXCAVATOR-025,excavator,7270.3,67.48,4.21,188.02,416.48,70.02,38,0,medium,day,0
EQ-BALL-MILL-143,ball_mill,4954.0,97.62,10.32,167.3,543.92,75.41,32,1,medium,night,0
EQ-EXCAVATOR-059,excavator,6716.7,72.81,3.95,229.15,409.63,77.36,24,0,high,day,0
EQ-HAUL-TRUCK-053,haul_truck,5113.6,81.56,6.55,182.34,477.03,76.29,27,2,medium,night,1
EQ-CONVEYOR-BELT-083,conveyor_belt,1864.7,56.99,4.22,114.82,117.13,65.66,38,2,medium,day,0
EQ-CRUSHER-025,crusher,9155.7,88.7,7.94,237.06,621.75,79.78,5,0,medium,day,1
EQ-HAUL-TRUCK-123,haul_truck,4178.9,89.17,3.11,108.73,408.42,70.5,17,1,high,night,1
EQ-CONVEYOR-BELT-040,conveyor_belt,7845.4,61.47,2.73,94.34,168.49,65.28,7,3,low,day,0
EQ-CRUSHER-140,crusher,6699.3,102.53,7.34,183.54,508.13,86.12,3,0,medium,night,1
EQ-HAUL-TRUCK-023,haul_truck,1729.0,91.8,4.39,153.82,356.36,61.13,9,2,medium,day,0
EQ-CONVEYOR-BELT-130,conveyor_belt,3736.5,72.96,5.66,74.51,186.22,70.45,31,1,medium,day,0
EQ-CONVEYOR-BELT-060,conveyor_belt,2709.0,72.1,3.24,63.56,186.0,72.13,52,1,low,day,0
EQ-DRILL-RIG-092,drill_rig,2519.0,82.87,8.29,255.31,359.48,72.36,70,2,medium,day,1
EQ-EXCAVATOR-131,excavator,4413.7,93.85,6.21,220.88,330.65,72.0,66,1,high,day,0
EQ-EXCAVATOR-020,excavator,809.5,82.58,2.35,190.69,404.29,58.1,39,1,medium,day,0
EQ-BALL-MILL-053,ball_mill,5508.0,89.21,7.09,186.31,692.28,105.75,4,1,low,day,1
EQ-CONVEYOR-BELT-143,conveyor_belt,2072.8,72.25,2.43,60.94,71.51,61.85,9,4,low,night,0
EQ-HAUL-TRUCK-023,haul_truck,1942.5,87.17,4.9,197.96,478.38,89.32,51,1,medium,night,0
EQ-DRILL-RIG-016,drill_rig,3926.7,86.63,5.16,234.05,377.81,75.2,15,1,medium,day,0
EQ-HAUL-TRUCK-079,haul_truck,5124.9,81.63,4.65,170.17,403.38,59.75,68,0,high,day,0
EQ-DRILL-RIG-004,drill_rig,5932.5,83.18,3.35,279.19,407.23,77.87,19,1,medium,day,0
EQ-CONVEYOR-BELT-149,conveyor_belt,7632.6,58.15,5.13,90.15,170.49,66.16,48,3,low,day,0
EQ-BALL-MILL-136,ball_mill,7208.3,93.67,7.28,167.29,558.08,80.89,47,0,high,day,1
EQ-BALL-MILL-029,ball_mill,4706.5,91.04,9.23,159.46,645.18,89.98,80,3,medium,day,1
EQ-EXCAVATOR-026,excavator,5088.4,81.78,7.06,150.19,346.12,70.37,33,2,medium,night,0
EQ-DRILL-RIG-117,drill_rig,5779.5,90.0,4.97,237.87,303.64,73.91,33,0,medium,night,0
EQ-EXCAVATOR-079,excavator,1991.5,74.22,6.41,183.24,387.25,85.06,36,2,medium,day,0
EQ-CONVEYOR-BELT-124,conveyor_belt,3614.8,60.27,4.7,87.73,206.54,88.91,66,3,low,day,0
EQ-CONVEYOR-BELT-146,conveyor_belt,6702.3,68.88,2.43,53.41,222.16,59.92,16,2,low,day,0
EQ-HAUL-TRUCK-061,haul_truck,2504.8,76.75,2.84,134.72,343.9,68.95,28,1,medium,day,0
EQ-HAUL-TRUCK-039,haul_truck,1731.8,90.93,4.97,169.2,473.58,58.76,34,1,medium,night,0
EQ-HAUL-TRUCK-093,haul_truck,2542.7,80.15,3.93,177.48,444.08,76.45,9,1,medium,day,0
EQ-HAUL-TRUCK-096,haul_truck,2884.3,86.65,5.9,163.44,508.96,90.5,26,2,high,day,1
EQ-EXCAVATOR-065,excavator,3938.6,68.91,5.57,256.54,359.92,69.69,47,1,low,day,0
EQ-BALL-MILL-045,ball_mill,5055.3,89.31,8.91,180.11,623.3,79.48,12,1,medium,night,0
EQ-CRUSHER-040,crusher,5860.9,94.27,6.36,195.06,398.41,67.92,57,0,medium,day,0
EQ-DRILL-RIG-079,drill_rig,4771.2,75.18,4.2,209.88,435.74,74.07,36,3,low,night,0
EQ-DRILL-RIG-064,drill_rig,6928.5,96.57,8.34,235.06,394.07,81.66,74,1,medium,day,0
EQ-CONVEYOR-BELT-069,conveyor_belt,2825.9,50.78,4.45,63.99,246.12,72.4,73,1,high,day,0
EQ-CRUSHER-015,crusher,13507.4,93.07,7.65,176.8,613.23,100.97,94,1,high,day,1
EQ-DRILL-RIG-133,drill_rig,2786.2,79.73,6.03,238.21,445.07,87.34,36,2,medium,day,0
EQ-CONVEYOR-BELT-107,conveyor_belt,2196.5,59.45,4.89,71.73,148.24,76.56,53,0,medium,day,0
EQ-CONVEYOR-BELT-138,conveyor_belt,3770.5,72.81,4.04,107.9,225.09,63.57,39,0,low,day,0
EQ-BALL-MILL-125,ball_mill,1701.5,86.42,6.15,169.62,432.17,68.37,28,2,medium,day,0
EQ-CONVEYOR-BELT-093,conveyor_belt,2665.9,66.71,2.37,70.08,129.24,64.17,32,2,medium,day,0
EQ-CRUSHER-047,crusher,6090.5,92.79,7.84,208.35,550.08,70.07,22,0,high,day,1
EQ-BALL-MILL-099,ball_mill,1945.5,85.33,6.56,198.77,551.96,70.12,13,0,medium,night,1
EQ-CRUSHER-085,crusher,6736.3,74.73,7.32,208.86,505.76,65.78,34,2,low,night,0
EQ-DRILL-RIG-139,drill_rig,2477.7,84.33,5.83,228.02,373.77,78.58,41,2,high,night,0
EQ-HAUL-TRUCK-035,haul_truck,6338.9,95.38,5.96,172.38,459.72,64.54,23,2,medium,night,0
EQ-HAUL-TRUCK-004,haul_truck,2881.4,76.13,4.9,132.75,386.54,72.14,24,0,low,day,1
EQ-CRUSHER-020,crusher,5431.8,90.24,8.91,177.99,569.94,98.18,95,0,high,night,1
EQ-HAUL-TRUCK-027,haul_truck,3960.2,92.3,4.29,144.57,575.58,86.81,27,1,medium,day,0
EQ-BALL-MILL-100,ball_mill,5317.0,88.46,6.46,203.41,604.73,84.89,10,2,medium,day,1
EQ-HAUL-TRUCK-022,haul_truck,1458.2,76.5,7.43,167.22,581.72,91.84,34,0,low,night,0
EQ-CONVEYOR-BELT-021,conveyor_belt,3388.3,63.33,3.52,87.25,136.12,62.21,32,4,medium,day,0
EQ-EXCAVATOR-060,excavator,6517.7,71.01,4.2,212.58,450.01,96.24,32,3,low,day,0
EQ-BALL-MILL-118,ball_mill,3696.4,82.54,6.86,137.92,572.26,90.62,36,4,high,day,1
EQ-CRUSHER-064,crusher,2782.4,82.7,7.67,202.19,579.97,110.0,25,1,medium,day,0
EQ-HAUL-TRUCK-041,haul_truck,1887.8,92.4,5.52,152.72,384.68,78.18,19,1,medium,day,0
EQ-HAUL-TRUCK-043,haul_truck,2585.4,89.7,3.6,150.15,411.06,64.36,5,1,high,night,0
EQ-CONVEYOR-BELT-123,conveyor_belt,6973.7,68.67,1.54,110.51,161.26,59.05,13,1,high,day,0
EQ-BALL-MILL-065,ball_mill,4887.3,91.91,7.45,162.76,575.56,88.73,48,0,high,day,0
EQ-BALL-MILL-056,ball_mill,894.1,99.49,7.42,223.73,578.62,84.46,93,0,high,day,1
EQ-EXCAVATOR-117,excavator,5504.7,77.56,4.89,194.03,421.59,53.42,19,0,high,night,0
EQ-CRUSHER-056,crusher,3289.4,92.63,8.19,183.77,497.38,71.85,25,0,high,night,0
EQ-HAUL-TRUCK-054,haul_truck,3163.4,73.55,3.28,137.49,441.24,74.47,33,2,medium,night,0
EQ-CRUSHER-113,crusher,5485.6,81.82,4.42,166.7,538.72,88.85,114,1,low,day,0
EQ-CONVEYOR-BELT-050,conveyor_belt,6166.1,76.37,2.99,109.83,245.96,85.84,33,1,low,day,0
EQ-EXCAVATOR-077,excavator,3010.1,82.85,3.31,227.06,333.4,78.65,121,2,medium,day,0
EQ-CONVEYOR-BELT-100,conveyor_belt,4944.4,68.28,2.67,103.0,106.33,65.19,5,1,medium,night,0
EQ-BALL-MILL-031,ball_mill,4518.0,93.85,8.52,182.09,586.15,87.85,7,3,medium,night,1
EQ-HAUL-TRUCK-020,haul_truck,1812.6,74.98,5.38,190.59,392.8,73.31,86,0,low,night,0
EQ-EXCAVATOR-128,excavator,4399.0,80.25,6.66,194.51,439.86,80.53,14,1,medium,day,0
EQ-HAUL-TRUCK-045,haul_truck,3848.3,79.49,4.35,162.04,403.05,71.32,29,2,medium,night,0
EQ-HAUL-TRUCK-052,haul_truck,1986.2,84.94,3.13,181.35,539.25,63.46,27,0,medium,day,0
EQ-HAUL-TRUCK-089,haul_truck,5268.0,91.88,5.19,111.8,427.82,85.88,8,2,medium,day,0
EQ-CONVEYOR-BELT-016,conveyor_belt,2297.8,70.72,4.36,120.99,208.17,69.91,29,0,medium,day,0
EQ-HAUL-TRUCK-007,haul_truck,2826.5,88.23,3.11,180.51,536.62,74.18,140,0,medium,night,0
EQ-CONVEYOR-BELT-063,conveyor_belt,12055.6,71.12,4.34,94.16,144.38,60.1,64,1,low,night,0
EQ-BALL-MILL-146,ball_mill,2734.6,88.98,6.22,188.25,539.67,86.75,10,0,medium,day,0
EQ-BALL-MILL-087,ball_mill,3338.3,81.44,6.1,176.51,582.75,85.6,7,2,high,night,1
EQ-CONVEYOR-BELT-087,conveyor_belt,1774.8,81.11,1.39,72.03,155.13,74.17,50,1,low,day,0
EQ-HAUL-TRUCK-092,haul_truck,1210.4,80.98,4.69,134.93,463.08,57.94,97,0,high,day,1
EQ-HAUL-TRUCK-130,haul_truck,8894.3,97.12,5.43,153.89,476.58,84.32,119,0,high,day,0
EQ-EXCAVATOR-126,excavator,7204.2,74.81,5.13,187.79,436.94,61.81,46,0,high,day,0
EQ-BALL-MILL-004,ball_mill,1223.9,89.05,6.16,176.23,540.92,87.29,10,1,high,night,1
EQ-BALL-MILL-082,ball_mill,11232.6,104.49,8.59,118.28,606.36,84.67,46,0,medium,day,1
EQ-CRUSHER-082,crusher,8204.5,78.03,7.74,191.9,595.19,110.0,14,0,low,day,1
EQ-EXCAVATOR-034,excavator,4190.8,82.5,7.53,215.07,442.6,73.44,41,2,low,day,1
EQ-CRUSHER-147,crusher,2531.3,95.53,6.84,197.71,486.3,65.35,57,0,low,night,0
EQ-EXCAVATOR-040,excavator,6915.7,59.82,6.98,212.01,280.38,49.63,19,0,medium,night,0
EQ-BALL-MILL-126,ball_mill,5485.5,93.82,7.02,182.49,500.35,76.09,80,2,high,night,1
EQ-EXCAVATOR-016,excavator,9444.4,56.33,5.69,180.29,436.85,74.58,30,0,low,day,0
EQ-EXCAVATOR-091,excavator,8993.8,83.38,6.41,202.73,373.86,69.11,28,1,medium,day,0
EQ-CRUSHER-111,crusher,3884.6,80.92,4.88,199.13,438.58,85.2,19,0,high,day,0
EQ-HAUL-TRUCK-076,haul_truck,4233.2,83.07,4.08,164.1,550.15,96.39,48,1,low,night,0
EQ-CRUSHER-016,crusher,2428.5,104.84,9.23,165.71,503.34,95.61,54,1,low,day,1
EQ-DRILL-RIG-019,drill_rig,2566.7,86.5,5.22,248.4,458.54,62.1,2,4,medium,night,0
EQ-HAUL-TRUCK-091,haul_truck,3630.7,77.1,5.46,203.44,495.31,81.04,84,2,low,night,0
EQ-CONVEYOR-BELT-130,conveyor_belt,5244.8,65.42,3.72,125.12,105.71,63.66,27,0,medium,night,0
EQ-CRUSHER-090,crusher,1184.4,83.8,7.5,180.69,536.01,78.19,40,2,medium,night,0
EQ-HAUL-TRUCK-016,haul_truck,9376.9,83.19,3.66,199.88,447.87,66.71,28,2,medium,day,0
EQ-HAUL-TRUCK-118,haul_truck,2606.9,82.07,5.3,158.42,544.15,101.23,44,1,low,day,1
EQ-EXCAVATOR-069,excavator,3725.4,90.04,7.72,186.38,311.02,77.9,59,1,medium,day,0
EQ-HAUL-TRUCK-012,haul_truck,5813.6,76.03,2.74,169.24,410.77,77.68,34,0,low,day,1
EQ-EXCAVATOR-056,excavator,4192.2,60.07,3.36,216.95,323.32,80.34,27,2,medium,night,0
EQ-DRILL-RIG-031,drill_rig,5042.4,92.66,6.09,258.2,318.49,71.09,32,0,low,day,0
EQ-CONVEYOR-BELT-148,conveyor_belt,4044.7,71.69,3.28,100.22,216.37,78.15,45,2,high,night,0
EQ-BALL-MILL-137,ball_mill,2091.0,83.11,9.31,204.32,515.91,81.96,34,5,medium,night,0
EQ-CRUSHER-016,crusher,6802.8,87.39,8.58,149.67,507.95,98.54,44,2,low,day,0
EQ-CONVEYOR-BELT-086,conveyor_belt,5099.2,69.12,3.56,72.28,206.3,60.0,39,3,medium,day,0
EQ-CONVEYOR-BELT-002,conveyor_belt,2969.6,57.33,5.7,101.06,137.15,87.74,34,1,medium,day,0
EQ-HAUL-TRUCK-069,haul_truck,3525.9,93.66,5.2,146.75,446.15,86.46,32,3,high,day,1
EQ-EXCAVATOR-024,excavator,2818.9,79.06,4.93,206.48,290.45,71.76,32,0,high,night,0
EQ-CRUSHER-113,crusher,5401.4,79.59,7.21,188.5,503.51,90.87,27,1,low,night,1
EQ-DRILL-RIG-011,drill_rig,1645.9,80.33,6.28,234.91,225.99,57.94,20,2,medium,night,0
EQ-CRUSHER-136,crusher,2759.6,83.11,8.57,187.36,551.84,72.16,28,0,medium,day,1
EQ-EXCAVATOR-035,excavator,3304.2,92.05,4.94,232.82,348.41,61.25,33,1,medium,night,0
EQ-BALL-MILL-040,ball_mill,3329.2,88.19,7.78,144.91,723.38,105.26,53,1,low,night,1
EQ-HAUL-TRUCK-133,haul_truck,2343.0,82.97,6.34,160.88,353.31,73.69,56,0,medium,night,0
EQ-BALL-MILL-136,ball_mill,4002.7,94.68,8.56,152.65,665.84,86.68,90,0,high,night,1
EQ-DRILL-RIG-015,drill_rig,1658.8,91.69,5.54,250.81,472.55,82.52,43,1,medium,night,0
EQ-DRILL-RIG-017,drill_rig,5450.8,85.2,3.88,233.42,311.5,73.34,4,0,high,day,0
EQ-DRILL-RIG-129,drill_rig,7914.3,68.39,4.2,215.86,371.51,87.01,31,0,low,night,0
EQ-HAUL-TRUCK-147,haul_truck,4566.1,81.2,2.69,159.52,464.63,70.81,32,0,high,day,0
EQ-CONVEYOR-BELT-074,conveyor_belt,2356.1,79.57,2.53,47.27,105.7,63.58,26,1,high,day,0
EQ-DRILL-RIG-025,drill_rig,5212.2,82.81,4.94,189.37,299.32,79.47,5,0,medium,day,0
EQ-CONVEYOR-BELT-023,conveyor_belt,3354.1,60.11,2.9,92.58,134.45,73.51,54,0,low,day,0
EQ-EXCAVATOR-040,excavator,4563.3,66.78,6.19,182.93,351.97,59.03,39,3,medium,day,0
EQ-HAUL-TRUCK-103,haul_truck,4082.7,88.27,6.09,167.08,421.28,86.02,25,1,medium,day,1
EQ-EXCAVATOR-015,excavator,5747.6,84.11,5.45,216.64,348.47,61.5,14,1,low,night,0
EQ-CRUSHER-097,crusher,4528.7,100.11,7.53,154.19,414.98,69.92,33,0,high,night,1
EQ-CONVEYOR-BELT-121,conveyor_belt,3217.6,62.21,4.28,41.37,212.05,73.8,134,1,high,night,0
EQ-DRILL-RIG-022,drill_rig,2688.3,84.44,4.21,267.16,473.7,81.01,39,0,high,night,0
EQ-DRILL-RIG-148,drill_rig,3451.7,92.04,7.76,266.76,416.34,61.73,35,0,medium,day,1
EQ-CONVEYOR-BELT-149,conveyor_belt,6108.0,67.35,3.51,71.71,226.54,79.63,14,4,medium,night,0
EQ-EXCAVATOR-045,excavator,3401.1,75.15,5.64,196.18,325.68,77.33,47,2,low,night,0
EQ-CRUSHER-017,crusher,4987.6,84.69,8.4,153.55,463.9,76.83,23,0,medium,day,0
EQ-EXCAVATOR-049,excavator,5144.5,84.34,3.49,225.67,316.11,77.08,48,0,low,night,0
EQ-EXCAVATOR-039,excavator,3609.9,86.03,3.86,161.5,335.82,49.23,6,2,low,night,0
EQ-HAUL-TRUCK-042,haul_truck,3476.8,86.77,3.94,147.66,335.24,67.33,16,2,medium,day,0
EQ-EXCAVATOR-139,excavator,3811.7,80.13,6.59,236.54,449.29,93.99,22,1,low,night,0
EQ-EXCAVATOR-024,excavator,1756.7,69.97,5.35,229.6,378.22,77.26,28,0,low,day,0
EQ-CONVEYOR-BELT-048,conveyor_belt,4788.9,56.34,0.8,76.1,154.35,54.05,86,0,medium,night,0
EQ-HAUL-TRUCK-119,haul_truck,3072.6,91.01,6.09,170.82,462.2,73.2,71,1,medium,night,0
EQ-EXCAVATOR-009,excavator,4304.9,74.11,4.69,213.62,309.3,68.53,43,0,high,day,0
EQ-HAUL-TRUCK-010,haul_truck,2935.4,90.85,7.33,168.06,421.8,76.67,14,1,medium,night,0
EQ-CONVEYOR-BELT-046,conveyor_belt,7138.3,59.52,5.47,64.06,78.35,59.82,15,0,low,day,0
EQ-CONVEYOR-BELT-146,conveyor_belt,7207.4,66.78,3.52,88.98,165.09,65.93,67,1,medium,day,0
EQ-EXCAVATOR-126,excavator,5140.6,76.02,4.83,245.03,324.09,65.7,26,1,medium,night,0
EQ-HAUL-TRUCK-140,haul_truck,1124.9,80.88,5.3,136.4,559.2,91.94,19,0,medium,night,1
EQ-BALL-MILL-130,ball_mill,3678.3,86.01,8.8,167.48,685.24,94.57,24,0,low,day,0
EQ-CONVEYOR-BELT-018,conveyor_belt,5769.3,56.73,4.81,71.73,108.53,82.33,31,0,high,night,0
EQ-CONVEYOR-BELT-061,conveyor_belt,9998.7,63.46,2.59,89.53,186.91,67.85,41,2,low,day,0
EQ-CRUSHER-080,crusher,2045.0,85.26,7.77,198.03,559.28,78.87,29,3,medium,day,1
EQ-DRILL-RIG-025,drill_rig,1161.1,73.45,5.37,210.23,430.79,65.54,5,1,low,night,0
EQ-BALL-MILL-149,ball_mill,3075.7,92.61,6.74,133.25,600.63,76.59,36,1,high,day,1
EQ-CRUSHER-091,crusher,2897.8,96.79,8.33,213.57,495.58,84.55,42,2,medium,day,1
EQ-CONVEYOR-BELT-128,conveyor_belt,5120.4,60.21,1.64,114.98,263.36,88.59,41,0,high,night,0
EQ-EXCAVATOR-039,excavator,2308.7,70.76,6.52,199.07,394.44,69.13,30,0,high,night,1
EQ-CONVEYOR-BELT-108,conveyor_belt,2972.8,69.48,3.51,67.49,106.07,92.45,13,2,high,night,0
EQ-CRUSHER-016,crusher,3121.5,102.9,8.18,166.89,576.41,105.35,9,0,low,night,0
EQ-HAUL-TRUCK-004,haul_truck,4362.3,84.69,5.41,157.62,455.13,62.5,24,2,medium,night,0
EQ-BALL-MILL-097,ball_mill,4995.4,87.05,7.22,160.9,623.08,80.07,54,0,high,night,0
EQ-DRILL-RIG-011,drill_rig,2739.3,79.92,3.73,193.45,464.19,73.1,20,0,high,day,0
EQ-EXCAVATOR-042,excavator,4376.2,86.22,6.23,240.76,354.04,87.07,179,1,high,day,1
EQ-BALL-MILL-120,ball_mill,1216.8,103.3,5.92,143.54,702.56,70.94,61,1,high,day,1
EQ-EXCAVATOR-075,excavator,7429.6,64.61,4.63,225.38,418.47,82.8,25,0,medium,day,0
EQ-CRUSHER-057,crusher,2477.8,87.09,8.09,182.28,378.22,78.07,23,1,medium,day,0
EQ-DRILL-RIG-044,drill_rig,6351.8,74.35,6.69,224.28,435.04,70.56,27,1,medium,night,0
EQ-EXCAVATOR-101,excavator,2888.6,89.94,8.04,205.69,349.8,72.83,33,2,medium,night,0
EQ-CRUSHER-144,crusher,5090.9,75.96,7.78,152.36,592.71,85.33,12,2,low,night,1
EQ-CONVEYOR-BELT-111,conveyor_belt,3363.7,65.36,3.56,104.4,89.4,69.62,21,2,medium,day,0
EQ-HAUL-TRUCK-054,haul_truck,5589.3,66.26,5.66,148.32,540.33,89.66,85,0,low,day,0
EQ-CRUSHER-064,crusher,6161.2,85.5,5.83,204.91,631.1,103.83,46,1,low,day,1
EQ-EXCAVATOR-016,excavator,7089.1,72.39,5.54,245.1,380.97,85.07,27,0,medium,day,0
EQ-CONVEYOR-BELT-022,conveyor_belt,4722.0,63.77,5.32,137.99,187.45,93.45,42,1,medium,day,0
EQ-HAUL-TRUCK-041,haul_truck,1459.6,86.45,6.43,204.83,452.78,86.49,28,3,medium,night,0
EQ-EXCAVATOR-059,excavator,2352.5,76.22,4.5,217.66,447.76,82.54,58,1,medium,day,0
EQ-CONVEYOR-BELT-149,conveyor_belt,7235.9,65.2,2.54,90.64,136.73,66.14,105,2,medium,night,0
EQ-HAUL-TRUCK-131,haul_truck,3580.9,85.68,4.73,188.16,469.93,84.44,33,1,medium,day,0
EQ-CRUSHER-017,crusher,3458.1,89.6,5.81,217.95,558.73,94.81,12,1,medium,night,0
EQ-CONVEYOR-BELT-050,conveyor_belt,5214.4,74.02,4.69,53.9,184.68,72.67,14,0,medium,night,0
EQ-DRILL-RIG-009,drill_rig,4850.5,86.4,5.09,227.89,375.52,72.63,66,0,low,night,0
EQ-HAUL-TRUCK-010,haul_truck,9000.8,82.58,6.01,181.65,508.23,85.68,102,1,medium,day,0
EQ-DRILL-RIG-057,drill_rig,3800.1,85.32,7.4,204.68,389.31,64.86,20,1,high,night,0
EQ-CONVEYOR-BELT-144,conveyor_belt,3544.8,50.22,1.46,97.29,276.02,73.95,19,1,medium,day,0
EQ-EXCAVATOR-028,excavator,6053.6,78.35,4.23,203.62,367.81,71.81,47,2,high,night,0
EQ-DRILL-RIG-103,drill_rig,5326.6,83.84,5.35,221.84,459.38,81.97,11,2,medium,day,0
EQ-CONVEYOR-BELT-059,conveyor_belt,2049.4,64.53,3.02,84.01,217.21,85.3,47,0,medium,night,0
EQ-CONVEYOR-BELT-082,conveyor_belt,3578.8,72.43,3.78,119.73,146.88,81.97,52,0,high,night,0
EQ-CONVEYOR-BELT-131,conveyor_belt,9299.1,78.05,1.7,63.7,40.0,69.5,18,2,medium,night,0
EQ-CONVEYOR-BELT-125,conveyor_belt,2621.5,61.47,5.33,84.65,230.04,63.61,7,1,medium,night,0
EQ-BALL-MILL-125,ball_mill,3506.1,86.53,5.99,180.1,466.18,74.76,18,1,medium,day,1
EQ-CONVEYOR-BELT-062,conveyor_belt,8233.3,63.56,3.01,83.22,168.39,74.32,55,1,low,night,0
EQ-DRILL-RIG-008,drill_rig,8152.6,84.69,5.59,260.69,420.2,73.89,44,1,medium,day,1
EQ-CONVEYOR-BELT-148,conveyor_belt,6792.5,74.04,2.35,85.57,245.55,77.03,30,0,medium,day,0
EQ-DRILL-RIG-150,drill_rig,3289.8,63.43,9.55,232.65,385.72,86.93,69,2,low,day,1
EQ-BALL-MILL-129,ball_mill,2815.9,85.74,6.96,173.96,625.46,89.06,42,0,low,day,0
EQ-HAUL-TRUCK-072,haul_truck,5970.6,80.29,3.72,149.06,277.15,65.56,38,0,high,day,0
EQ-HAUL-TRUCK-043,haul_truck,7400.2,90.9,6.23,200.56,320.05,62.55,10,1,low,night,1
EQ-CONVEYOR-BELT-027,conveyor_belt,3767.7,65.67,2.06,75.48,215.86,83.8,44,1,high,day,0
EQ-CRUSHER-056,crusher,4672.9,91.2,6.95,160.1,476.18,84.5,55,2,medium,night,0
EQ-CONVEYOR-BELT-051,conveyor_belt,2710.0,71.55,1.87,89.02,203.65,88.05,100,2,medium,day,0
EQ-DRILL-RIG-042,drill_rig,1823.5,65.85,6.06,213.81,371.98,60.12,21,0,medium,night,0
EQ-BALL-MILL-143,ball_mill,1899.6,85.49,7.45,162.51,639.11,69.38,30,1,medium,day,1
EQ-CRUSHER-099,crusher,3791.1,94.29,9.14,154.01,616.37,81.3,77,0,medium,day,1
EQ-CONVEYOR-BELT-034,conveyor_belt,2575.4,71.53,4.2,106.15,140.22,67.15,51,1,medium,night,0
EQ-HAUL-TRUCK-096,haul_truck,4513.5,77.03,3.09,152.44,393.61,58.0,48,1,medium,night,0
EQ-CRUSHER-106,crusher,2807.2,97.2,7.33,180.65,625.2,66.4,15,5,medium,night,0
EQ-HAUL-TRUCK-079,haul_truck,6628.7,94.52,4.2,144.38,337.24,73.68,30,2,medium,day,1
EQ-CRUSHER-143,crusher,3188.5,85.72,5.73,189.56,623.93,81.33,53,3,medium,night,1
EQ-CRUSHER-145,crusher,3415.8,92.19,7.7,156.84,638.21,109.47,18,2,medium,night,1
EQ-CONVEYOR-BELT-065,conveyor_belt,7244.2,75.02,2.03,88.87,191.65,64.11,36,2,medium,night,0
EQ-CONVEYOR-BELT-071,conveyor_belt,4322.1,59.81,3.83,103.34,240.77,75.31,29,1,medium,day,0
EQ-EXCAVATOR-033,excavator,4548.9,87.86,6.29,228.36,352.52,86.04,50,3,low,day,0
EQ-HAUL-TRUCK-118,haul_truck,3459.1,76.36,4.1,209.87,401.88,81.32,42,0,high,day,0
EQ-HAUL-TRUCK-140,haul_truck,4109.7,86.64,5.28,174.69,448.82,67.08,5,2,high,night,0
EQ-BALL-MILL-099,ball_mill,2216.9,96.87,6.85,159.73,565.51,101.71,29,2,low,day,1
EQ-BALL-MILL-031,ball_mill,6052.0,83.65,6.98,171.72,566.15,83.72,92,0,low,day,1
EQ-EXCAVATOR-078,excavator,2930.3,86.21,6.93,201.76,321.54,88.07,63,2,high,night,0
EQ-EXCAVATOR-120,excavator,2007.5,86.89,7.4,185.72,289.91,86.87,28,0,medium,night,0
EQ-CRUSHER-007,crusher,6038.0,92.56,6.9,158.11,529.46,76.31,57,1,medium,night,1
EQ-CONVEYOR-BELT-089,conveyor_belt,4871.0,61.76,2.4,112.01,203.41,55.88,25,3,medium,night,0
EQ-EXCAVATOR-099,excavator,5185.2,74.31,6.61,217.96,387.88,80.11,50,2,medium,day,1
EQ-HAUL-TRUCK-081,haul_truck,3911.9,69.54,6.12,142.73,471.99,84.25,20,0,medium,night,1
EQ-CRUSHER-097,crusher,7547.4,105.38,7.55,207.96,541.53,95.66,108,0,high,day,1
EQ-EXCAVATOR-135,excavator,2856.0,83.01,6.0,216.63,377.24,79.71,29,2,medium,day,0
EQ-EXCAVATOR-019,excavator,3741.8,83.37,3.7,211.76,438.02,64.42,35,2,medium,day,0
EQ-HAUL-TRUCK-086,haul_truck,1352.3,76.7,5.65,151.5,472.9,76.09,69,2,low,day,1
EQ-CONVEYOR-BELT-120,conveyor_belt,869.8,53.26,4.85,81.29,240.62,87.22,35,1,medium,night,0
EQ-CRUSHER-124,crusher,4342.0,100.74,8.53,148.08,594.82,76.43,39,2,high,night,1
EQ-EXCAVATOR-071,excavator,4909.5,81.45,6.29,209.26,346.26,52.64,39,1,high,day,0
EQ-CONVEYOR-BELT-150,conveyor_belt,4203.9,63.07,3.59,51.08,157.79,61.07,44,1,high,day,0
EQ-CRUSHER-049,crusher,4921.1,83.43,8.54,151.6,549.48,93.1,15,3,low,day,1
EQ-DRILL-RIG-067,drill_rig,5967.2,92.06,6.52,241.1,444.03,92.02,46,2,high,day,1
EQ-BALL-MILL-124,ball_mill,3734.2,81.86,6.1,193.05,573.01,100.88,24,2,low,night,0
EQ-HAUL-TRUCK-066,haul_truck,3355.2,87.19,4.19,177.17,378.5,77.91,21,0,medium,night,0
EQ-BALL-MILL-052,ball_mill,2405.5,93.02,8.42,157.44,551.73,95.54,28,4,medium,day,1
EQ-CONVEYOR-BELT-084,conveyor_belt,4513.9,66.03,4.25,80.19,225.89,71.29,12,0,medium,day,0
EQ-CONVEYOR-BELT-094,conveyor_belt,6324.6,73.83,6.52,62.32,107.4,55.23,28,1,medium,night,0
EQ-EXCAVATOR-146,excavator,5359.4,81.13,5.77,198.93,404.36,76.92,14,0,medium,night,0
EQ-EXCAVATOR-093,excavator,8973.2,84.63,6.4,192.29,334.18,71.42,5,1,high,night,0
EQ-HAUL-TRUCK-028,haul_truck,4057.0,84.2,7.1,153.38,502.7,84.63,57,1,low,day,0
EQ-BALL-MILL-008,ball_mill,3185.8,80.77,5.78,170.95,495.8,84.13,27,0,low,night,0
EQ-CONVEYOR-BELT-146,conveyor_belt,3643.9,65.8,2.49,112.41,215.1,62.24,40,1,medium,day,0
EQ-CRUSHER-064,crusher,5592.5,80.78,9.3,181.49,397.95,95.33,51,2,low,night,0
EQ-CRUSHER-031,crusher,4905.5,84.67,7.19,225.94,526.06,78.12,78,0,low,day,0
EQ-HAUL-TRUCK-034,haul_truck,2929.5,81.81,6.57,158.05,394.53,77.99,28,2,low,night,0
EQ-HAUL-TRUCK-016,haul_truck,4410.0,78.48,5.08,197.01,442.98,64.83,34,1,low,day,0
EQ-CONVEYOR-BELT-030,conveyor_belt,2770.3,69.04,3.58,89.41,135.78,77.05,48,1,medium,night,0
EQ-CRUSHER-118,crusher,4923.1,93.36,8.06,173.76,512.83,76.93,9,1,high,day,0
EQ-DRILL-RIG-099,drill_rig,1532.9,80.66,6.36,222.88,451.07,74.56,25,0,high,night,0
EQ-CONVEYOR-BELT-090,conveyor_belt,1793.7,57.01,3.31,102.39,198.48,59.46,33,0,medium,day,0
EQ-CONVEYOR-BELT-002,conveyor_belt,2020.9,49.32,3.73,102.32,220.97,65.74,22,2,low,night,0
EQ-DRILL-RIG-101,drill_rig,2447.3,85.43,5.15,209.32,396.74,66.65,22,0,medium,day,0
EQ-HAUL-TRUCK-146,haul_truck,4706.1,102.02,4.39,145.49,514.11,95.03,18,1,medium,night,0
EQ-CONVEYOR-BELT-139,conveyor_belt,5526.9,77.43,2.99,114.12,228.67,88.63,163,1,high,night,0
EQ-CONVEYOR-BELT-060,conveyor_belt,3851.1,68.75,4.28,110.14,204.08,75.27,33,2,medium,day,0
EQ-EXCAVATOR-091,excavator,2010.8,79.8,5.6,232.92,321.93,69.71,17,1,medium,day,0
EQ-HAUL-TRUCK-045,haul_truck,6083.2,81.42,3.15,149.78,568.45,83.86,28,1,low,day,0
EQ-HAUL-TRUCK-134,haul_truck,3696.6,106.84,5.7,221.54,508.87,65.61,16,0,high,day,1
EQ-HAUL-TRUCK-138,haul_truck,6662.9,99.23,4.46,170.53,473.48,75.51,35,0,high,night,1
EQ-CRUSHER-034,crusher,4050.9,88.09,9.16,158.87,516.26,90.95,41,0,medium,day,0
EQ-HAUL-TRUCK-074,haul_truck,1677.8,82.31,6.31,171.12,425.37,79.75,79,1,high,day,1
EQ-CONVEYOR-BELT-036,conveyor_belt,2641.8,68.25,6.16,65.27,183.85,65.95,10,0,low,day,0
EQ-HAUL-TRUCK-093,haul_truck,1546.4,78.6,6.14,193.97,419.37,64.73,63,2,low,day,1
EQ-HAUL-TRUCK-044,haul_truck,1088.5,98.32,4.47,172.76,477.86,86.46,34,0,high,day,0
EQ-EXCAVATOR-105,excavator,3220.9,85.13,4.84,213.63,377.91,58.67,55,2,medium,night,0
EQ-HAUL-TRUCK-148,haul_truck,4079.2,72.26,4.73,189.21,379.81,65.57,65,2,low,day,0
EQ-BALL-MILL-131,ball_mill,6810.2,77.61,8.61,200.4,582.76,72.02,73,1,low,night,1
EQ-EXCAVATOR-028,excavator,4730.2,71.47,5.36,211.96,368.69,82.16,13,1,low,night,0
EQ-EXCAVATOR-020,excavator,5679.4,55.22,5.72,179.24,316.28,71.97,50,3,low,day,0
EQ-HAUL-TRUCK-123,haul_truck,3003.3,95.31,5.24,129.15,515.23,96.58,18,1,medium,night,1
EQ-EXCAVATOR-013,excavator,2040.7,72.6,4.94,227.28,419.52,62.62,17,3,low,night,0
EQ-CONVEYOR-BELT-061,conveyor_belt,4044.2,54.6,2.87,70.73,130.47,54.88,45,0,medium,night,0
EQ-DRILL-RIG-150,drill_rig,3015.4,81.31,9.08,194.86,411.19,73.09,46,0,medium,day,0
EQ-EXCAVATOR-068,excavator,5408.7,74.86,3.16,195.08,337.96,66.48,53,1,medium,night,0
EQ-CONVEYOR-BELT-002,conveyor_belt,3078.4,62.05,3.49,88.23,173.21,83.68,24,0,high,day,0
EQ-CRUSHER-147,crusher,4738.0,83.09,7.7,196.71,600.6,91.97,41,1,low,night,0
EQ-DRILL-RIG-107,drill_rig,8135.2,91.74,4.79,244.05,341.28,66.62,44,2,low,day,0
EQ-CONVEYOR-BELT-050,conveyor_belt,5299.3,55.49,2.23,123.33,239.42,88.71,29,3,low,day,0
EQ-EXCAVATOR-092,excavator,7005.2,81.22,7.88,198.77,296.34,62.05,69,2,medium,night,0
EQ-CONVEYOR-BELT-092,conveyor_belt,1715.8,61.4,0.54,58.18,127.72,45.58,7,1,medium,day,0
EQ-DRILL-RIG-083,drill_rig,1941.2,78.17,7.92,200.29,419.59,72.99,16,4,low,day,1
EQ-CRUSHER-145,crusher,4152.8,85.36,5.05,209.79,521.29,93.58,68,1,medium,night,1
EQ-BALL-MILL-118,ball_mill,5279.6,88.88,6.01,151.83,632.54,77.2,44,1,high,day,0
EQ-DRILL-RIG-039,drill_rig,4674.8,84.89,5.91,237.3,405.48,87.47,124,2,low,day,0
EQ-HAUL-TRUCK-149,haul_truck,2563.6,81.21,7.15,170.94,503.14,88.18,52,2,low,day,1
EQ-DRILL-RIG-145,drill_rig,5103.8,85.87,5.51,276.04,425.95,72.41,21,0,high,night,0
EQ-CONVEYOR-BELT-008,conveyor_belt,4304.1,73.09,1.6,89.23,160.8,54.64,65,1,high,night,0
EQ-CRUSHER-045,crusher,3068.4,95.91,7.2,215.04,550.44,84.31,73,1,low,night,0
EQ-CRUSHER-093,crusher,6797.7,78.26,9.88,193.39,378.84,72.19,42,0,medium,night,0
EQ-DRILL-RIG-132,drill_rig,5260.2,82.02,5.38,248.76,397.18,77.21,15,2,low,night,0
EQ-CONVEYOR-BELT-108,conveyor_belt,6349.9,71.74,1.58,104.39,231.88,79.4,42,0,medium,night,0
EQ-CRUSHER-087,crusher,4164.2,100.13,8.06,198.12,479.03,82.93,25,1,medium,night,1
EQ-HAUL-TRUCK-046,haul_truck,4955.1,66.12,4.29,156.51,465.73,70.4,22,1,low,night,0
EQ-CRUSHER-015,crusher,4644.9,91.71,7.51,198.54,496.05,71.97,38,1,medium,night,1
EQ-BALL-MILL-134,ball_mill,1606.3,86.59,7.78,192.81,606.14,81.72,7,0,medium,day,1
EQ-CONVEYOR-BELT-080,conveyor_belt,3885.2,68.23,1.42,81.62,216.49,62.58,31,1,medium,day,0
EQ-HAUL-TRUCK-069,haul_truck,4517.1,79.07,5.64,171.43,353.59,66.16,21,1,high,day,0
EQ-BALL-MILL-147,ball_mill,5858.7,97.49,6.79,163.97,566.27,80.54,15,0,medium,day,1
EQ-DRILL-RIG-025,drill_rig,2575.8,82.83,3.28,233.98,349.08,71.67,27,0,high,night,0
EQ-CRUSHER-039,crusher,4013.9,85.67,6.92,189.58,439.28,90.21,24,2,medium,night,1
EQ-HAUL-TRUCK-129,haul_truck,6611.2,83.82,5.07,111.71,440.24,79.45,64,3,medium,night,0
EQ-CONVEYOR-BELT-043,conveyor_belt,3455.0,58.82,2.51,127.07,184.14,80.54,33,2,low,night,0
EQ-HAUL-TRUCK-142,haul_truck,1770.9,81.89,6.83,128.61,459.35,62.51,45,1,medium,night,1
EQ-EXCAVATOR-129,excavator,5234.4,80.12,4.04,222.78,471.59,70.48,77,1,medium,night,0
EQ-CONVEYOR-BELT-015,conveyor_belt,4169.7,61.5,1.74,73.55,127.62,63.93,21,0,low,day,0
EQ-BALL-MILL-069,ball_mill,1527.7,77.42,6.53,210.15,589.79,84.27,34,3,low,day,0
EQ-EXCAVATOR-113,excavator,3603.3,71.85,2.75,194.29,333.69,73.83,49,2,low,day,0
EQ-DRILL-RIG-074,drill_rig,3944.4,84.83,5.59,261.65,384.68,73.4,37,0,high,day,0
EQ-BALL-MILL-033,ball_mill,3463.8,86.52,7.09,111.89,622.84,103.11,31,1,medium,day,1
EQ-HAUL-TRUCK-007,haul_truck,4064.8,81.96,3.98,159.11,476.74,75.99,28,1,high,day,0
EQ-EXCAVATOR-002,excavator,4259.2,67.75,4.71,209.92,356.28,79.25,43,1,high,day,0
EQ-CONVEYOR-BELT-027,conveyor_belt,4394.4,67.05,2.28,81.09,208.63,84.92,18,1,medium,day,0
EQ-DRILL-RIG-040,drill_rig,3712.5,79.38,7.28,257.35,363.27,71.55,17,1,medium,night,0
EQ-CRUSHER-046,crusher,5473.7,90.18,6.74,225.3,460.75,72.15,86,2,medium,day,0
EQ-CONVEYOR-BELT-129,conveyor_belt,5383.0,56.57,1.56,103.05,137.81,54.94,7,1,medium,night,0
EQ-CONVEYOR-BELT-077,conveyor_belt,2914.7,63.96,1.76,81.86,90.45,67.04,19,0,high,day,0
EQ-CONVEYOR-BELT-022,conveyor_belt,7300.8,67.74,6.42,100.89,154.59,66.99,52,0,high,night,0
EQ-CONVEYOR-BELT-013,conveyor_belt,2797.2,67.32,2.2,119.26,156.02,77.61,65,4,medium,night,0
EQ-HAUL-TRUCK-020,haul_truck,4388.5,78.13,3.48,176.59,429.39,77.66,12,1,high,night,0
EQ-HAUL-TRUCK-048,haul_truck,4546.3,85.25,2.38,131.41,444.52,82.02,69,2,medium,night,0
EQ-HAUL-TRUCK-111,haul_truck,2169.0,96.19,5.37,148.03,438.66,88.68,176,1,medium,night,0
EQ-BALL-MILL-008,ball_mill,1922.0,84.47,7.77,153.74,653.53,76.31,80,1,medium,day,0
EQ-BALL-MILL-061,ball_mill,3038.8,77.48,5.51,174.83,538.11,71.17,32,0,low,day,0
EQ-DRILL-RIG-068,drill_rig,5135.5,73.05,5.9,270.08,350.76,62.15,32,2,low,night,0
EQ-HAUL-TRUCK-023,haul_truck,995.1,94.52,5.44,167.99,490.64,87.2,40,2,medium,day,0
EQ-CONVEYOR-BELT-009,conveyor_belt,3295.5,64.69,2.43,81.19,162.23,70.11,16,3,low,day,0
EQ-HAUL-TRUCK-035,haul_truck,2094.8,96.95,4.83,157.99,370.5,88.51,24,1,high,night,1
EQ-EXCAVATOR-023,excavator,5756.9,71.62,3.37,212.55,400.23,53.87,31,0,low,day,0
EQ-EXCAVATOR-120,excavator,3246.2,79.87,9.41,214.48,482.1,75.48,56,1,low,night,0
EQ-DRILL-RIG-138,drill_rig,4582.5,77.75,4.95,217.09,438.97,95.8,53,3,medium,day,0
EQ-HAUL-TRUCK-094,haul_truck,3755.1,80.76,6.29,182.88,394.15,82.04,15,2,low,day,0
EQ-CONVEYOR-BELT-114,conveyor_belt,5424.7,50.69,3.71,34.84,189.48,67.08,29,1,low,day,0
EQ-BALL-MILL-115,ball_mill,3167.9,79.84,6.5,174.84,638.59,87.15,12,2,low,day,1
EQ-CONVEYOR-BELT-132,conveyor_belt,2825.6,56.45,1.32,119.22,51.02,65.95,72,0,medium,night,0
EQ-HAUL-TRUCK-015,haul_truck,2079.6,94.01,7.1,185.21,410.25,79.65,28,2,medium,night,0
EQ-BALL-MILL-150,ball_mill,4293.5,91.52,10.18,187.66,787.23,85.46,42,2,medium,day,1
EQ-CONVEYOR-BELT-069,conveyor_belt,5146.6,53.35,0.54,118.63,145.22,48.73,33,1,low,day,0
EQ-CRUSHER-082,crusher,2339.8,96.18,7.68,186.55,559.98,75.19,52,0,low,night,1
EQ-CONVEYOR-BELT-120,conveyor_belt,3674.6,67.07,1.52,48.82,212.53,65.12,15,1,low,day,0
EQ-DRILL-RIG-075,drill_rig,7243.0,76.75,7.13,209.45,408.11,79.65,9,0,low,day,0
EQ-CRUSHER-040,crusher,3308.3,94.8,8.76,183.38,510.6,82.07,11,0,high,day,0
EQ-CRUSHER-003,crusher,2228.0,87.36,5.89,204.3,647.6,98.96,15,2,medium,night,0
EQ-CRUSHER-026,crusher,3249.8,86.75,5.95,189.7,527.55,70.63,13,4,medium,day,0
EQ-HAUL-TRUCK-013,haul_truck,3166.1,75.96,3.72,136.93,453.32,70.63,20,0,high,day,0
EQ-DRILL-RIG-058,drill_rig,5352.8,84.14,6.4,197.81,360.05,95.58,22,0,low,night,0
EQ-HAUL-TRUCK-117,haul_truck,4082.3,92.8,4.23,158.24,472.37,56.21,7,1,high,night,1
EQ-CRUSHER-051,crusher,1531.8,89.86,7.94,227.66,452.77,76.53,33,4,medium,night,0
EQ-CRUSHER-090,crusher,6001.0,94.67,7.66,228.81,600.34,78.44,44,0,medium,night,1
EQ-EXCAVATOR-028,excavator,2590.1,91.1,4.74,213.26,339.49,56.92,14,1,high,night,0
EQ-CRUSHER-089,crusher,2145.2,78.24,5.12,164.15,584.69,88.77,36,1,low,night,1
EQ-CONVEYOR-BELT-144,conveyor_belt,3752.5,58.98,2.83,87.65,184.36,61.17,16,2,medium,night,0
EQ-EXCAVATOR-048,excavator,2826.6,72.99,6.53,216.92,451.1,69.28,68,3,medium,day,0
EQ-HAUL-TRUCK-073,haul_truck,5570.0,95.15,2.6,148.58,461.64,79.46,42,0,medium,day,0
EQ-DRILL-RIG-145,drill_rig,4203.0,71.67,5.94,250.27,486.05,83.0,76,1,low,night,0
EQ-BALL-MILL-092,ball_mill,3256.0,99.43,9.68,166.76,572.34,71.05,88,0,low,night,1
EQ-CRUSHER-060,crusher,2600.5,89.21,6.91,202.96,532.07,73.89,5,1,high,day,0
EQ-EXCAVATOR-019,excavator,7388.7,78.8,5.56,230.65,371.67,78.55,33,1,medium,night,0
EQ-HAUL-TRUCK-141,haul_truck,6552.6,88.7,4.78,187.99,344.64,64.52,72,3,low,night,0
EQ-HAUL-TRUCK-092,haul_truck,3687.7,70.65,4.07,179.93,428.55,79.18,61,1,low,day,0
EQ-CRUSHER-009,crusher,1453.6,90.95,9.23,186.0,564.7,70.35,19,1,medium,night,0
EQ-BALL-MILL-084,ball_mill,3236.3,90.9,8.01,198.56,521.99,93.87,23,2,low,day,0
EQ-CONVEYOR-BELT-146,conveyor_belt,5294.9,59.02,3.45,90.46,148.02,75.36,32,1,low,night,0
EQ-EXCAVATOR-140,excavator,2410.9,80.44,2.16,216.03,314.54,71.43,78,1,high,night,1
EQ-BALL-MILL-030,ball_mill,7664.3,97.34,6.5,187.17,677.51,62.72,61,0,low,night,1
EQ-CRUSHER-062,crusher,7194.9,89.3,7.43,192.48,467.33,75.25,84,1,low,night,1
EQ-EXCAVATOR-148,excavator,2877.8,71.88,6.32,243.67,263.56,51.3,68,2,medium,night,0
EQ-CRUSHER-118,crusher,2530.0,85.2,6.49,210.83,559.86,87.84,33,2,low,day,1
EQ-HAUL-TRUCK-085,haul_truck,5689.2,77.24,3.89,139.56,334.02,53.08,111,1,low,night,0
EQ-BALL-MILL-046,ball_mill,4753.2,67.66,8.54,148.15,547.31,93.21,11,0,medium,day,0
EQ-EXCAVATOR-115,excavator,3373.9,85.24,3.54,204.79,435.57,68.75,29,1,medium,night,0
EQ-CONVEYOR-BELT-087,conveyor_belt,5878.3,53.39,3.97,80.32,265.52,62.92,30,0,medium,night,0
EQ-CRUSHER-079,crusher,2051.1,95.19,7.11,178.99,458.67,66.14,67,3,high,night,0
EQ-BALL-MILL-140,ball_mill,3585.7,89.38,6.33,195.84,673.03,94.81,24,1,high,day,1
EQ-CONVEYOR-BELT-057,conveyor_belt,6592.6,68.82,3.94,97.46,137.77,77.78,98,1,medium,day,0
EQ-CRUSHER-094,crusher,5138.1,75.9,9.65,167.11,603.51,95.48,49,5,medium,day,1
EQ-HAUL-TRUCK-007,haul_truck,5664.7,82.44,4.48,190.42,395.29,64.54,26,2,high,day,0
EQ-BALL-MILL-107,ball_mill,10573.7,85.34,9.78,177.83,680.05,104.74,15,0,low,day,0
EQ-CRUSHER-083,crusher,4516.4,77.44,8.53,172.3,489.27,91.95,4,2,medium,day,1
EQ-EXCAVATOR-132,excavator,4563.4,80.09,6.25,210.39,436.51,91.16,5,0,low,night,1
EQ-DRILL-RIG-050,drill_rig,2123.8,68.9,3.62,255.15,333.98,56.41,30,1,low,day,0
EQ-HAUL-TRUCK-139,haul_truck,3233.5,80.94,5.46,131.02,368.92,69.55,136,3,high,night,1
EQ-EXCAVATOR-087,excavator,5004.0,94.11,3.42,259.91,409.91,85.29,48,2,low,day,0
EQ-CRUSHER-032,crusher,4870.2,101.43,6.74,181.8,561.39,91.32,57,2,medium,night,1
EQ-EXCAVATOR-025,excavator,5802.3,69.25,6.04,194.24,385.22,100.84,18,2,low,night,0
EQ-CRUSHER-030,crusher,3959.9,91.12,8.42,140.94,608.48,88.6,19,1,medium,night,0
EQ-EXCAVATOR-046,excavator,3929.8,81.35,5.09,197.57,349.65,74.71,6,1,high,night,0
EQ-HAUL-TRUCK-083,haul_truck,3598.1,83.19,5.13,149.98,484.43,110.0,69,3,medium,night,1
EQ-HAUL-TRUCK-131,haul_truck,1525.4,86.29,7.54,136.23,374.29,69.71,4,2,high,day,0
EQ-HAUL-TRUCK-150,haul_truck,2191.4,83.88,4.69,150.19,539.67,73.1,38,0,medium,night,1
EQ-BALL-MILL-102,ball_mill,3538.1,98.43,9.67,184.94,557.32,78.29,32,2,high,day,1
EQ-CONVEYOR-BELT-074,conveyor_belt,6204.7,68.04,5.41,90.57,179.08,64.65,34,2,high,night,0
EQ-CRUSHER-092,crusher,4052.5,88.26,7.19,177.09,524.3,84.94,78,1,low,night,1
EQ-CRUSHER-050,crusher,3641.7,80.54,5.78,184.59,591.48,75.01,36,1,high,day,0
EQ-CONVEYOR-BELT-037,conveyor_belt,3782.0,76.64,3.25,87.2,273.33,68.08,18,0,low,night,0
EQ-HAUL-TRUCK-081,haul_truck,3463.9,77.68,2.94,110.91,460.84,78.55,61,2,medium,day,1
EQ-EXCAVATOR-125,excavator,3440.4,77.94,4.82,202.79,376.2,65.99,67,0,low,night,0
EQ-CONVEYOR-BELT-010,conveyor_belt,2697.2,45.35,3.25,95.47,153.91,69.88,19,2,medium,night,0
EQ-CRUSHER-017,crusher,4272.7,78.4,8.9,204.67,494.32,78.97,16,3,high,day,0
EQ-DRILL-RIG-027,drill_rig,6235.4,89.36,5.39,176.16,498.89,80.03,24,2,high,night,0
EQ-BALL-MILL-032,ball_mill,3912.9,104.31,8.47,200.74,533.91,83.14,22,1,medium,day,1
EQ-DRILL-RIG-023,drill_rig,4464.7,84.85,6.03,255.58,429.25,75.73,49,2,high,night,1
EQ-HAUL-TRUCK-020,haul_truck,4055.5,93.25,4.02,159.96,407.46,86.59,25,1,medium,night,0
EQ-HAUL-TRUCK-005,haul_truck,4870.9,80.72,5.61,122.29,418.05,69.92,38,1,low,day,0
EQ-HAUL-TRUCK-053,haul_truck,3578.7,77.02,5.43,149.42,488.74,56.4,133,1,high,day,0
EQ-DRILL-RIG-109,drill_rig,1482.5,90.16,5.96,239.61,334.67,73.27,30,2,low,day,0
EQ-BALL-MILL-024,ball_mill,2562.1,95.56,7.04,131.12,673.67,83.7,23,2,high,night,1
EQ-BALL-MILL-049,ball_mill,3690.6,85.75,5.61,133.55,558.58,75.31,81,2,low,night,0
EQ-EXCAVATOR-146,excavator,7911.4,72.27,5.16,246.23,304.69,69.53,140,2,medium,day,0
EQ-DRILL-RIG-026,drill_rig,2679.5,71.05,7.33,214.3,346.52,72.46,86,2,medium,day,0
EQ-CRUSHER-149,crusher,2988.9,92.58,8.25,171.6,462.14,78.6,32,1,medium,day,1
EQ-DRILL-RIG-077,drill_rig,2911.3,75.65,3.74,253.24,450.53,90.38,60,3,low,day,0
EQ-CRUSHER-109,crusher,1638.6,97.05,6.09,193.97,519.41,67.86,93,2,low,day,1
EQ-HAUL-TRUCK-049,haul_truck,3732.8,80.37,4.56,185.45,448.74,60.78,22,3,low,night,0
EQ-HAUL-TRUCK-049,haul_truck,1364.9,83.07,4.8,163.57,420.38,74.2,39,2,high,day,0
EQ-BALL-MILL-059,ball_mill,4307.2,85.1,5.43,181.65,516.27,84.09,20,1,medium,night,0
EQ-CRUSHER-020,crusher,4921.7,81.31,9.21,186.51,565.27,99.81,13,2,low,day,1
EQ-EXCAVATOR-048,excavator,1270.8,85.6,4.48,221.84,305.21,75.74,54,0,low,night,0
EQ-EXCAVATOR-135,excavator,10571.6,75.32,1.95,228.97,337.23,70.65,29,2,medium,day,0
EQ-EXCAVATOR-001,excavator,1851.6,73.11,6.47,204.36,389.71,81.71,16,3,medium,day,0
EQ-BALL-MILL-086,ball_mill,2337.5,86.55,8.23,116.16,646.16,86.13,16,0,medium,day,1
EQ-HAUL-TRUCK-104,haul_truck,8887.9,70.74,5.44,209.13,441.46,94.66,66,1,low,night,1
EQ-HAUL-TRUCK-022,haul_truck,1779.1,85.81,5.6,183.78,431.88,66.81,54,1,high,night,0
EQ-DRILL-RIG-017,drill_rig,3968.2,91.54,4.74,237.8,322.81,63.66,56,2,medium,day,0
EQ-CRUSHER-083,crusher,4570.1,93.39,4.29,203.6,574.83,70.34,22,2,medium,night,1
EQ-HAUL-TRUCK-033,haul_truck,3331.5,94.48,4.98,183.2,426.31,86.43,79,1,medium,night,1
EQ-HAUL-TRUCK-147,haul_truck,3329.2,82.22,3.01,147.93,489.14,72.33,70,0,medium,day,0
EQ-EXCAVATOR-029,excavator,4536.9,83.65,6.97,191.6,367.24,79.93,82,0,low,night,0
EQ-EXCAVATOR-020,excavator,6430.2,70.98,5.41,188.89,423.95,58.14,13,2,medium,day,0
EQ-HAUL-TRUCK-050,haul_truck,3964.6,84.19,3.83,153.95,572.7,75.76,47,0,medium,night,0
EQ-HAUL-TRUCK-050,haul_truck,8163.0,92.34,3.81,171.67,420.96,65.2,47,0,high,night,0
EQ-CONVEYOR-BELT-025,conveyor_belt,1784.5,54.54,1.79,130.48,152.26,62.82,20,0,medium,day,0
EQ-DRILL-RIG-100,drill_rig,8048.5,73.43,5.67,243.8,455.97,73.01,32,1,high,night,0
EQ-BALL-MILL-053,ball_mill,3169.6,78.5,7.6,166.35,620.65,85.93,43,0,medium,day,1
EQ-CRUSHER-080,crusher,8009.8,99.06,7.52,210.58,481.03,78.62,80,0,medium,night,1
EQ-EXCAVATOR-037,excavator,5058.8,79.31,3.37,203.42,479.21,83.54,38,0,low,night,1
EQ-BALL-MILL-015,ball_mill,2389.1,82.33,8.61,174.01,509.08,91.65,51,1,high,night,0
EQ-DRILL-RIG-010,drill_rig,4325.9,82.61,6.91,208.74,444.97,81.21,9,0,low,day,0
EQ-CRUSHER-008,crusher,1456.2,87.69,10.64,175.72,584.06,80.36,26,1,medium,day,0
EQ-EXCAVATOR-131,excavator,2741.0,73.35,4.71,232.88,388.89,75.8,28,2,medium,night,0
EQ-EXCAVATOR-040,excavator,3343.2,80.05,5.9,206.82,352.31,91.38,73,0,high,night,0
EQ-CRUSHER-046,crusher,3747.7,100.14,10.52,210.67,549.82,87.46,10,1,medium,night,1
EQ-CRUSHER-087,crusher,6523.3,85.37,7.13,206.52,581.83,79.07,74,0,low,day,1
EQ-HAUL-TRUCK-015,haul_truck,2966.6,84.32,3.29,149.0,451.85,82.09,13,2,high,night,0
EQ-BALL-MILL-091,ball_mill,2541.6,94.4,7.9,161.31,651.06,89.74,21,0,high,night,1
EQ-CONVEYOR-BELT-079,conveyor_belt,2470.7,68.18,3.22,70.87,189.27,71.13,45,1,medium,night,0
EQ-CONVEYOR-BELT-119,conveyor_belt,4206.2,76.46,1.84,72.45,176.31,53.25,31,1,medium,day,0
EQ-HAUL-TRUCK-019,haul_truck,5409.1,76.35,3.26,160.33,385.69,84.23,27,1,medium,day,0
EQ-DRILL-RIG-003,drill_rig,2798.3,84.35,6.16,209.16,512.4,68.87,25,2,high,day,1
EQ-CONVEYOR-BELT-116,conveyor_belt,4220.5,54.54,1.6,108.24,331.64,75.05,42,0,low,night,0
EQ-HAUL-TRUCK-056,haul_truck,769.2,93.4,4.98,184.9,484.13,59.39,42,3,high,night,0
EQ-CONVEYOR-BELT-010,conveyor_belt,3050.3,51.16,5.78,106.5,199.77,71.69,23,1,medium,night,0
EQ-CONVEYOR-BELT-084,conveyor_belt,1569.3,66.27,1.54,64.75,191.8,75.42,25,3,high,day,0
EQ-DRILL-RIG-070,drill_rig,7661.1,88.04,5.95,229.78,433.66,78.03,32,2,medium,night,0
EQ-HAUL-TRUCK-143,haul_truck,7788.2,85.35,4.62,163.14,448.62,68.75,37,2,medium,night,0
EQ-DRILL-RIG-142,drill_rig,4166.0,89.82,7.82,224.78,376.48,87.94,4,0,high,day,0
EQ-CRUSHER-081,crusher,1715.9,94.75,11.21,177.56,478.34,76.05,19,2,high,day,0
EQ-HAUL-TRUCK-024,haul_truck,1938.3,75.0,5.78,128.14,339.97,76.59,22,1,high,day,1
EQ-HAUL-TRUCK-113,haul_truck,4046.6,88.36,7.38,175.25,469.39,83.63,31,3,medium,night,1
EQ-HAUL-TRUCK-031,haul_truck,3984.8,86.21,6.38,150.72,491.94,104.06,42,1,medium,day,0
EQ-EXCAVATOR-126,excavator,1473.7,80.89,4.04,218.82,415.02,85.12,20,0,high,day,0
EQ-CRUSHER-091,crusher,2920.0,103.75,8.66,208.34,541.66,94.59,29,1,medium,night,0
EQ-CONVEYOR-BELT-054,conveyor_belt,3603.4,58.39,5.99,73.5,230.9,82.82,6,1,low,night,0
EQ-HAUL-TRUCK-147,haul_truck,6607.4,71.25,5.65,148.43,430.52,70.66,83,0,low,night,0
EQ-BALL-MILL-078,ball_mill,4683.2,85.65,9.85,196.03,598.6,81.12,11,1,low,night,0
EQ-HAUL-TRUCK-058,haul_truck,3038.1,66.75,2.24,213.41,353.6,48.4,106,0,low,night,0
EQ-CONVEYOR-BELT-029,conveyor_belt,6868.3,67.26,5.22,79.27,123.98,91.42,40,1,medium,night,0
EQ-BALL-MILL-098,ball_mill,7484.6,88.65,7.67,174.26,594.59,65.24,61,1,high,night,1
EQ-DRILL-RIG-041,drill_rig,5325.8,73.94,11.52,225.1,457.06,82.74,33,1,medium,day,1
EQ-CONVEYOR-BELT-023,conveyor_belt,1705.1,75.42,3.03,76.48,238.61,66.79,43,0,low,night,0
EQ-CONVEYOR-BELT-018,conveyor_belt,3417.7,61.71,1.14,65.55,286.05,61.7,42,1,medium,night,0
EQ-HAUL-TRUCK-097,haul_truck,2935.2,80.82,5.53,163.31,430.46,71.49,65,1,medium,night,0
EQ-HAUL-TRUCK-139,haul_truck,2737.3,104.79,4.86,206.19,387.0,81.76,47,4,high,day,1
EQ-CRUSHER-038,crusher,6995.7,98.0,7.84,190.65,597.03,110.0,10,1,high,day,1
EQ-HAUL-TRUCK-033,haul_truck,7332.1,98.62,6.58,143.57,454.59,83.21,8,1,low,day,0
EQ-EXCAVATOR-092,excavator,3002.1,85.18,6.32,166.49,370.89,86.23,15,0,high,day,1
EQ-EXCAVATOR-022,excavator,3317.2,76.08,6.53,201.98,213.43,73.14,33,1,low,day,0
EQ-BALL-MILL-014,ball_mill,1905.0,96.73,6.15,223.48,756.47,99.52,66,2,medium,day,1
EQ-BALL-MILL-096,ball_mill,6624.0,113.78,6.05,144.96,503.57,69.12,20,0,high,day,0
EQ-DRILL-RIG-079,drill_rig,5889.7,95.88,5.54,261.04,363.27,54.7,10,0,high,night,0
EQ-CONVEYOR-BELT-005,conveyor_belt,2627.5,61.65,2.88,120.82,298.83,65.34,14,0,low,night,0
EQ-HAUL-TRUCK-036,haul_truck,2782.8,94.09,3.05,145.33,478.04,75.67,111,2,low,night,0
EQ-HAUL-TRUCK-030,haul_truck,4546.6,76.71,5.85,149.61,402.82,66.08,63,0,low,day,1
EQ-CONVEYOR-BELT-103,conveyor_belt,4507.9,59.78,2.11,73.54,235.27,86.39,14,0,low,day,0
EQ-CONVEYOR-BELT-100,conveyor_belt,3785.8,65.83,5.26,96.19,108.25,59.14,26,0,low,day,0
EQ-EXCAVATOR-113,excavator,5677.1,73.57,3.99,195.94,436.47,59.57,36,0,low,night,0
EQ-CRUSHER-015,crusher,4853.9,88.98,8.38,200.67,652.77,107.32,46,2,medium,day,1
EQ-CRUSHER-128,crusher,4245.7,85.08,7.05,197.62,568.05,84.86,162,0,low,night,1
EQ-EXCAVATOR-032,excavator,2938.4,80.68,7.22,215.41,335.3,88.47,33,0,medium,day,0
EQ-EXCAVATOR-149,excavator,4918.7,71.65,4.65,247.3,496.67,82.27,18,2,medium,day,1
EQ-CRUSHER-131,crusher,4236.8,95.57,8.44,173.48,420.52,65.46,85,0,low,day,0
EQ-CONVEYOR-BELT-069,conveyor_belt,3052.0,63.1,4.59,89.4,209.56,98.12,120,0,medium,day,0
EQ-BALL-MILL-118,ball_mill,3173.6,87.4,9.26,186.58,606.75,85.58,30,2,high,day,1
EQ-CRUSHER-101,crusher,2624.7,95.63,6.88,171.54,452.58,64.86,48,3,medium,night,0
EQ-CONVEYOR-BELT-117,conveyor_belt,4062.1,57.31,4.65,91.4,179.91,71.43,33,3,medium,day,0
EQ-DRILL-RIG-003,drill_rig,5348.2,81.94,8.08,239.3,386.75,67.55,49,1,medium,day,0
EQ-HAUL-TRUCK-013,haul_truck,2149.1,78.18,4.1,157.85,407.63,82.0,58,2,medium,day,0
EQ-CONVEYOR-BELT-136,conveyor_belt,3106.5,72.9,2.89,97.24,171.57,73.9,42,0,medium,night,0
EQ-CRUSHER-118,crusher,5491.7,99.16,8.25,213.96,554.69,94.58,78,3,high,night,1
EQ-CONVEYOR-BELT-093,conveyor_belt,3350.4,58.98,3.41,75.79,185.82,87.13,42,1,high,night,0
EQ-HAUL-TRUCK-047,haul_truck,3833.6,74.9,3.46,153.42,518.94,79.0,17,0,medium,day,0
EQ-BALL-MILL-064,ball_mill,2407.5,82.83,7.09,185.49,549.6,66.07,74,1,medium,night,0
EQ-BALL-MILL-059,ball_mill,2298.9,99.58,7.37,166.15,617.16,76.65,78,2,high,day,1
EQ-HAUL-TRUCK-066,haul_truck,3047.2,76.84,7.74,138.23,506.45,80.59,4,1,medium,night,0
EQ-HAUL-TRUCK-095,haul_truck,3458.9,89.84,4.81,180.76,364.22,69.87,127,0,medium,night,0
EQ-HAUL-TRUCK-114,haul_truck,4479.6,94.15,4.86,162.23,435.19,87.28,16,2,low,day,0
EQ-DRILL-RIG-058,drill_rig,6976.3,80.86,8.54,215.5,409.73,66.28,30,1,low,day,0
EQ-CONVEYOR-BELT-126,conveyor_belt,2285.2,62.15,3.96,91.13,135.16,66.13,26,2,medium,night,0
EQ-HAUL-TRUCK-014,haul_truck,1780.4,85.23,4.14,178.62,444.62,80.06,19,1,high,day,1
EQ-DRILL-RIG-122,drill_rig,1686.1,84.25,5.48,232.45,370.84,83.02,45,1,medium,day,1
EQ-EXCAVATOR-102,excavator,4026.2,88.49,5.36,232.19,406.79,92.67,12,1,high,day,0
EQ-CRUSHER-077,crusher,4500.8,94.0,7.33,174.93,500.2,84.51,38,2,high,day,0
EQ-CRUSHER-057,crusher,2725.6,100.41,5.37,140.78,635.97,85.73,61,1,high,night,1
EQ-CRUSHER-056,crusher,3906.3,86.54,6.87,169.35,507.28,87.25,34,4,high,day,1
EQ-CRUSHER-055,crusher,5727.6,86.39,7.39,212.03,458.14,76.34,85,1,medium,night,1
EQ-EXCAVATOR-142,excavator,3331.7,97.96,5.16,199.79,429.24,68.79,12,1,medium,day,0
EQ-CRUSHER-005,crusher,3198.2,81.59,7.55,217.21,509.52,83.84,25,0,low,day,1
EQ-BALL-MILL-096,ball_mill,2105.1,80.19,5.25,180.51,555.49,83.65,18,5,medium,day,0
EQ-CRUSHER-149,crusher,4389.6,93.77,8.96,210.08,584.48,89.88,58,5,low,night,1
EQ-BALL-MILL-082,ball_mill,2610.5,84.38,6.25,169.12,613.54,84.86,36,0,high,day,0
EQ-CONVEYOR-BELT-096,conveyor_belt,4873.3,66.51,2.76,40.48,146.43,74.39,27,0,high,night,0
EQ-DRILL-RIG-090,drill_rig,3291.6,85.27,6.35,273.08,418.7,70.45,63,0,low,night,0
EQ-EXCAVATOR-076,excavator,3452.6,80.0,6.99,181.18,461.52,77.88,99,0,medium,night,1
EQ-DRILL-RIG-095,drill_rig,1494.4,72.46,3.48,215.4,436.83,76.44,48,1,medium,day,0
EQ-EXCAVATOR-136,excavator,5802.0,81.68,4.98,219.37,420.77,74.66,69,0,medium,day,0
EQ-HAUL-TRUCK-107,haul_truck,5236.3,84.66,4.39,167.15,451.99,76.81,3,1,high,night,0
EQ-HAUL-TRUCK-128,haul_truck,2575.1,77.03,4.5,216.33,497.02,89.41,50,2,low,night,0
EQ-HAUL-TRUCK-083,haul_truck,4908.1,81.98,4.44,163.37,413.81,74.07,146,2,low,night,0
EQ-BALL-MILL-117,ball_mill,2256.8,96.49,9.68,138.99,637.86,70.06,49,1,high,night,1
EQ-BALL-MILL-132,ball_mill,4945.3,90.76,8.4,174.22,728.67,99.27,51,0,low,day,1
EQ-DRILL-RIG-032,drill_rig,4533.9,87.62,5.62,201.17,407.75,69.85,44,1,high,night,1
EQ-HAUL-TRUCK-129,haul_truck,6755.5,77.47,4.82,181.68,406.89,87.72,31,3,low,night,0
EQ-BALL-MILL-103,ball_mill,4479.4,89.18,8.11,207.48,602.36,76.87,28,0,medium,night,0
EQ-CONVEYOR-BELT-067,conveyor_belt,2472.3,55.6,5.56,61.31,134.93,83.6,33,2,medium,night,0
EQ-EXCAVATOR-117,excavator,3917.2,72.49,7.04,213.38,371.7,67.01,48,2,high,day,1
EQ-CRUSHER-026,crusher,3256.4,84.78,8.81,176.41,558.78,101.79,16,0,low,night,1
EQ-CONVEYOR-BELT-105,conveyor_belt,6583.1,76.14,2.22,93.63,178.54,59.4,33,1,high,night,0
EQ-HAUL-TRUCK-087,haul_truck,1838.0,77.13,4.38,188.64,440.03,71.63,68,0,high,day,0
EQ-CRUSHER-134,crusher,3848.5,88.94,7.5,177.63,664.38,102.25,34,0,high,night,0
EQ-CONVEYOR-BELT-094,conveyor_belt,2421.2,62.26,4.79,83.16,209.99,52.09,27,1,high,day,0
EQ-HAUL-TRUCK-079,haul_truck,7327.6,88.26,3.12,134.48,371.65,65.41,47,2,high,day,0
EQ-CRUSHER-079,crusher,4030.3,95.44,7.23,193.57,478.7,91.95,8,1,high,night,1
EQ-CRUSHER-084,crusher,4665.3,82.89,7.86,198.03,514.43,78.85,31,1,medium,day,1
EQ-CONVEYOR-BELT-134,conveyor_belt,3274.7,61.32,1.97,62.28,211.05,72.38,15,2,high,night,0
EQ-BALL-MILL-118,ball_mill,4983.9,90.5,6.29,206.46,545.7,94.12,41,0,high,day,1
EQ-DRILL-RIG-014,drill_rig,2475.3,84.85,7.05,226.3,292.87,74.38,24,2,medium,night,1
EQ-CONVEYOR-BELT-080,conveyor_belt,2549.1,74.0,2.21,80.57,243.45,57.11,48,3,low,night,0
EQ-CONVEYOR-BELT-044,conveyor_belt,6545.6,65.02,2.89,108.8,246.7,74.67,32,0,low,night,0
EQ-CONVEYOR-BELT-025,conveyor_belt,9559.9,61.98,2.6,135.2,225.49,68.07,53,0,high,day,0
EQ-CRUSHER-130,crusher,1574.7,97.91,7.33,140.54,686.76,86.22,38,1,high,night,1
EQ-HAUL-TRUCK-129,haul_truck,2860.2,76.37,4.87,137.01,470.21,77.77,14,0,low,day,0
EQ-CONVEYOR-BELT-141,conveyor_belt,5698.5,67.5,2.33,56.83,136.7,81.15,15,1,high,night,0
EQ-CONVEYOR-BELT-060,conveyor_belt,4528.6,64.89,0.49,63.65,151.66,80.1,11,0,medium,day,0
EQ-CRUSHER-064,crusher,2627.9,86.02,7.29,165.27,598.92,97.52,44,1,medium,day,1
EQ-DRILL-RIG-117,drill_rig,3192.6,80.73,6.08,216.07,449.55,95.7,26,1,high,night,1
EQ-CONVEYOR-BELT-029,conveyor_belt,2722.4,67.59,3.08,131.73,118.91,52.56,27,1,high,day,0
EQ-EXCAVATOR-009,excavator,4811.0,77.48,3.75,214.67,340.29,55.96,63,1,medium,day,0
EQ-HAUL-TRUCK-064,haul_truck,2623.3,83.32,4.82,138.23,421.11,55.37,70,1,high,day,0
EQ-HAUL-TRUCK-095,haul_truck,3215.1,87.1,6.0,152.06,544.79,81.77,38,1,high,day,0
EQ-EXCAVATOR-069,excavator,5189.3,87.21,8.44,198.3,373.38,70.43,14,0,high,night,0
EQ-CRUSHER-032,crusher,4223.1,104.27,6.93,187.39,542.28,104.64,39,1,high,night,1
EQ-HAUL-TRUCK-078,haul_truck,6026.7,69.51,6.57,153.49,535.71,89.32,76,1,medium,day,1
EQ-HAUL-TRUCK-142,haul_truck,2584.2,72.77,4.87,165.39,532.14,104.55,19,2,low,night,0
EQ-EXCAVATOR-042,excavator,3159.5,80.34,3.19,226.06,278.67,65.36,64,1,low,night,0
EQ-DRILL-RIG-061,drill_rig,2449.4,83.58,6.89,236.85,378.29,101.54,72,0,low,night,0
EQ-DRILL-RIG-047,drill_rig,2951.0,81.57,6.96,229.02,337.3,78.93,79,0,low,night,0
EQ-CRUSHER-045,crusher,1954.7,97.48,7.44,178.79,478.0,98.39,41,1,low,day,1
EQ-HAUL-TRUCK-099,haul_truck,1110.9,84.92,5.53,195.29,442.33,89.24,48,2,medium,day,0
EQ-HAUL-TRUCK-057,haul_truck,1814.2,77.35,6.24,125.04,434.64,97.84,21,1,medium,night,0
EQ-HAUL-TRUCK-094,haul_truck,5289.5,83.84,4.13,126.23,504.79,81.28,23,3,low,night,0
EQ-CRUSHER-003,crusher,1886.8,103.16,8.31,167.67,476.13,78.27,31,3,medium,night,0
EQ-HAUL-TRUCK-100,haul_truck,4443.6,76.86,5.42,147.44,493.6,93.36,5,1,low,day,0
EQ-EXCAVATOR-016,excavator,3021.6,72.54,6.32,204.96,360.87,87.91,11,1,low,night,1
EQ-BALL-MILL-057,ball_mill,3256.3,100.82,5.65,148.81,636.85,77.17,48,1,medium,day,1
EQ-CRUSHER-131,crusher,1990.4,86.72,6.51,194.78,566.31,96.94,74,0,high,night,1
EQ-DRILL-RIG-051,drill_rig,2775.1,71.66,6.41,240.45,317.66,64.89,23,1,medium,day,0
EQ-HAUL-TRUCK-105,haul_truck,4057.2,87.45,5.35,138.72,399.68,80.08,10,0,medium,night,1
EQ-EXCAVATOR-053,excavator,1903.4,78.9,4.78,182.07,271.45,78.01,43,2,high,night,0
EQ-BALL-MILL-136,ball_mill,2690.5,86.51,6.67,172.05,488.51,78.55,25,2,medium,day,1
EQ-CRUSHER-143,crusher,3775.4,87.6,8.27,172.76,587.61,77.55,29,0,low,night,1
EQ-CONVEYOR-BELT-137,conveyor_belt,4492.0,66.0,2.09,85.96,155.88,65.62,30,2,low,night,0
EQ-BALL-MILL-060,ball_mill,3309.1,96.61,7.99,201.78,525.82,105.34,20,1,medium,day,1
EQ-CONVEYOR-BELT-048,conveyor_belt,7436.6,64.59,2.36,103.35,91.15,57.04,16,2,medium,day,0
EQ-EXCAVATOR-091,excavator,3699.5,80.47,1.93,239.32,335.25,68.67,106,0,high,night,0
EQ-CRUSHER-123,crusher,4919.4,95.38,11.69,143.81,503.46,95.93,60,2,low,day,1
EQ-HAUL-TRUCK-079,haul_truck,4068.4,75.79,2.61,127.01,479.96,93.6,56,1,high,day,0
EQ-HAUL-TRUCK-111,haul_truck,3053.3,79.69,4.41,152.72,379.88,54.23,2,1,medium,night,0
EQ-HAUL-TRUCK-132,haul_truck,1420.1,99.73,4.82,165.24,396.06,65.74,14,1,high,night,0
EQ-BALL-MILL-113,ball_mill,5199.8,92.06,6.09,143.03,547.91,83.66,54,5,medium,night,0
EQ-CONVEYOR-BELT-056,conveyor_belt,5173.7,75.26,4.16,94.46,267.91,74.43,10,1,low,night,0
EQ-EXCAVATOR-038,excavator,7311.5,75.98,6.12,216.63,316.38,87.23,34,2,medium,day,0
EQ-EXCAVATOR-066,excavator,3067.5,71.91,6.29,236.59,423.41,83.99,35,3,low,night,0
EQ-CONVEYOR-BELT-087,conveyor_belt,8555.3,66.7,1.92,98.08,232.91,57.02,24,3,medium,day,0
EQ-BALL-MILL-127,ball_mill,5044.9,102.24,6.46,173.39,489.36,61.61,44,1,high,day,1
EQ-EXCAVATOR-046,excavator,6048.2,87.57,6.74,228.0,252.5,75.94,21,1,medium,night,1
EQ-EXCAVATOR-025,excavator,2055.4,83.81,4.59,227.21,354.04,74.14,21,0,low,night,0
EQ-DRILL-RIG-048,drill_rig,3857.1,84.16,6.6,222.29,395.98,78.44,13,1,medium,day,0
EQ-BALL-MILL-090,ball_mill,6796.9,83.11,7.33,150.38,600.53,83.02,80,3,medium,night,1
EQ-BALL-MILL-035,ball_mill,2035.6,86.44,4.61,192.04,640.98,81.2,15,1,low,night,1
EQ-EXCAVATOR-060,excavator,738.2,67.19,5.27,260.28,359.45,63.74,23,1,low,day,0
EQ-HAUL-TRUCK-039,haul_truck,2954.6,89.58,3.81,158.48,437.73,73.9,32,0,high,day,0
EQ-CRUSHER-148,crusher,7477.5,99.87,7.23,206.86,506.69,98.25,25,0,low,day,0
EQ-EXCAVATOR-077,excavator,6322.2,96.82,6.43,227.35,388.62,76.58,80,2,high,night,1
EQ-BALL-MILL-109,ball_mill,3677.0,80.76,7.85,175.87,601.41,77.1,63,0,low,day,0
EQ-HAUL-TRUCK-079,haul_truck,2713.2,90.49,6.33,147.83,424.39,87.7,31,1,medium,day,1
EQ-CONVEYOR-BELT-002,conveyor_belt,4694.8,66.81,3.31,68.08,157.92,81.6,31,1,medium,day,0
EQ-BALL-MILL-040,ball_mill,6330.2,79.54,5.3,152.92,457.01,68.16,18,2,low,night,0
EQ-BALL-MILL-126,ball_mill,5044.3,98.51,8.37,160.52,488.54,74.48,3,1,medium,day,1
EQ-CONVEYOR-BELT-077,conveyor_belt,6744.1,56.29,1.82,90.61,127.65,52.24,9,2,medium,day,0
EQ-BALL-MILL-106,ball_mill,6760.4,88.12,6.48,193.7,615.37,100.68,78,1,medium,day,1
EQ-HAUL-TRUCK-115,haul_truck,4505.8,87.06,7.43,160.36,389.51,85.96,48,2,high,day,1
EQ-EXCAVATOR-085,excavator,5165.6,86.74,4.99,181.28,278.85,72.57,21,1,high,day,0
EQ-HAUL-TRUCK-087,haul_truck,4066.9,74.6,5.17,122.13,519.5,67.65,44,1,low,night,0
EQ-BALL-MILL-036,ball_mill,1506.4,82.71,4.98,165.82,568.87,75.36,127,1,medium,night,1
EQ-BALL-MILL-038,ball_mill,4128.7,84.69,5.15,150.54,638.11,84.96,52,0,low,day,0
EQ-HAUL-TRUCK-023,haul_truck,2059.5,78.32,2.95,175.59,394.59,62.41,13,1,low,night,0
EQ-HAUL-TRUCK-045,haul_truck,1915.7,77.41,4.55,160.15,468.6,76.55,28,2,low,day,0
EQ-EXCAVATOR-095,excavator,5696.4,75.63,4.76,188.15,472.01,87.35,45,0,medium,night,1
EQ-EXCAVATOR-140,excavator,2870.5,76.41,5.62,203.77,379.16,79.3,73,0,medium,day,0
EQ-DRILL-RIG-066,drill_rig,3368.8,78.25,6.9,218.23,422.53,92.82,34,0,medium,night,0
EQ-HAUL-TRUCK-091,haul_truck,2335.0,83.94,3.52,168.07,342.07,72.82,29,1,high,night,0
EQ-DRILL-RIG-130,drill_rig,2525.2,95.6,6.78,228.94,493.03,78.84,21,2,high,night,0
EQ-CONVEYOR-BELT-102,conveyor_belt,3598.7,61.87,5.51,83.95,127.75,68.86,10,2,low,day,0
EQ-EXCAVATOR-040,excavator,4254.0,76.43,7.43,178.12,336.15,70.84,56,2,low,night,0
EQ-HAUL-TRUCK-043,haul_truck,3501.3,94.66,7.62,161.71,355.05,73.54,28,0,medium,night,0
EQ-BALL-MILL-096,ball_mill,4637.5,76.71,4.75,184.99,616.15,75.61,10,1,medium,night,1
EQ-CONVEYOR-BELT-044,conveyor_belt,5303.7,51.7,4.21,107.63,117.49,61.46,19,3,low,day,0
EQ-CRUSHER-038,crusher,1661.2,77.22,7.51,182.78,550.46,93.11,39,2,low,day,1
EQ-EXCAVATOR-089,excavator,4762.2,69.82,4.78,183.03,338.23,88.64,35,2,medium,day,0
EQ-BALL-MILL-096,ball_mill,4125.7,87.0,5.09,176.19,586.33,68.93,50,1,medium,day,1
EQ-DRILL-RIG-038,drill_rig,4089.5,81.55,6.13,201.82,412.18,57.63,22,0,medium,day,0
EQ-DRILL-RIG-008,drill_rig,2130.6,78.07,5.22,249.25,466.67,74.18,32,2,high,night,0
EQ-CONVEYOR-BELT-116,conveyor_belt,3126.5,71.96,3.05,124.18,231.43,65.13,8,3,high,day,0
EQ-BALL-MILL-059,ball_mill,4932.0,95.87,6.15,168.87,521.05,75.96,20,1,high,day,0
EQ-EXCAVATOR-095,excavator,1978.9,65.76,4.87,238.76,348.46,68.08,63,0,medium,day,0
EQ-CONVEYOR-BELT-026,conveyor_belt,9302.3,67.0,3.16,76.57,117.8,64.36,38,2,medium,night,0
EQ-CRUSHER-048,crusher,5704.8,94.14,6.95,192.37,622.67,77.81,26,1,low,night,0
EQ-CONVEYOR-BELT-091,conveyor_belt,2414.9,69.7,0.8,97.67,192.09,70.15,54,1,high,night,0
EQ-BALL-MILL-019,ball_mill,3240.4,100.51,8.5,161.39,449.04,90.95,41,0,medium,night,1
EQ-BALL-MILL-048,ball_mill,1859.3,67.07,3.65,176.42,541.57,93.65,66,3,low,night,1
EQ-CRUSHER-108,crusher,796.0,91.36,7.92,160.94,577.53,72.37,12,0,medium,day,0
EQ-CONVEYOR-BELT-116,conveyor_belt,5802.9,71.89,2.06,92.39,40.0,57.89,43,2,medium,night,0
EQ-BALL-MILL-053,ball_mill,3525.5,86.83,5.5,187.21,645.78,77.15,37,1,high,day,0
EQ-BALL-MILL-018,ball_mill,4191.8,91.19,9.93,151.13,717.68,76.96,62,0,low,night,1
EQ-DRILL-RIG-004,drill_rig,3803.3,86.84,4.32,293.46,420.65,61.51,19,2,medium,day,0
EQ-HAUL-TRUCK-084,haul_truck,5083.2,86.91,4.08,124.82,381.37,74.95,46,1,high,night,1
EQ-EXCAVATOR-105,excavator,2388.5,73.69,3.79,228.49,273.11,69.66,1,4,medium,day,0
EQ-BALL-MILL-090,ball_mill,10446.5,91.06,6.78,154.4,537.56,106.91,59,0,medium,day,0
EQ-DRILL-RIG-061,drill_rig,5085.0,74.74,6.05,224.35,315.46,65.51,50,2,medium,night,0
EQ-CONVEYOR-BELT-004,conveyor_belt,5373.3,72.56,5.21,99.04,264.38,64.78,15,1,medium,day,0
EQ-CONVEYOR-BELT-034,conveyor_belt,4344.2,50.22,2.71,98.04,224.47,89.03,32,4,low,day,0
EQ-CRUSHER-006,crusher,2363.2,93.67,7.18,163.47,432.62,80.6,13,1,medium,night,0
EQ-CRUSHER-070,crusher,3256.0,84.18,7.46,146.69,545.39,90.67,37,0,medium,night,0
EQ-DRILL-RIG-047,drill_rig,3057.2,84.24,5.27,262.83,359.93,74.62,57,1,low,night,0
EQ-EXCAVATOR-011,excavator,6255.7,84.51,5.49,227.96,377.21,75.61,54,1,medium,day,0
EQ-CONVEYOR-BELT-092,conveyor_belt,2497.3,60.53,3.0,110.4,229.16,70.66,43,1,medium,day,0
EQ-CONVEYOR-BELT-056,conveyor_belt,3908.2,64.64,1.14,77.47,233.46,87.63,9,0,medium,day,0
EQ-DRILL-RIG-145,drill_rig,2031.9,77.31,8.04,257.73,237.65,66.74,47,1,medium,night,0
EQ-EXCAVATOR-063,excavator,5027.7,68.06,6.86,195.63,286.87,81.43,45,1,medium,night,0
EQ-CONVEYOR-BELT-014,conveyor_belt,2754.7,54.05,3.85,52.51,195.71,69.08,53,3,low,day,0
EQ-HAUL-TRUCK-106,haul_truck,423.1,74.25,5.08,150.47,381.1,75.44,17,1,medium,day,0
EQ-HAUL-TRUCK-106,haul_truck,5255.0,77.23,6.61,190.43,405.05,88.64,22,0,low,day,0
EQ-CRUSHER-140,crusher,5962.0,90.18,5.36,193.48,544.46,75.07,113,1,high,day,0
EQ-HAUL-TRUCK-104,haul_truck,8308.4,84.83,3.89,173.39,407.07,87.87,12,1,low,day,0
EQ-BALL-MILL-055,ball_mill,3568.6,86.6,7.85,177.04,519.22,87.5,39,2,high,day,1
EQ-BALL-MILL-101,ball_mill,4318.7,88.82,7.94,168.4,696.92,93.58,17,0,medium,day,0
EQ-HAUL-TRUCK-120,haul_truck,3780.6,76.38,3.79,155.68,471.06,73.16,28,1,high,day,0
EQ-DRILL-RIG-078,drill_rig,3214.8,86.37,3.96,238.76,413.12,81.26,31,2,high,day,0
EQ-CRUSHER-120,crusher,5630.1,101.45,6.97,180.37,494.46,64.42,46,1,high,night,1
EQ-CONVEYOR-BELT-146,conveyor_belt,3132.2,68.8,2.89,74.48,124.05,64.22,35,1,medium,night,0
EQ-BALL-MILL-114,ball_mill,5107.4,85.19,6.16,169.81,604.27,89.23,5,2,medium,day,1
EQ-CONVEYOR-BELT-076,conveyor_belt,959.2,68.36,1.41,78.96,93.55,57.18,18,1,medium,day,0
EQ-HAUL-TRUCK-074,haul_truck,2746.7,91.11,6.52,178.24,388.02,73.73,27,3,low,night,1
EQ-HAUL-TRUCK-126,haul_truck,5699.3,94.18,6.71,182.68,336.7,86.75,58,1,medium,day,1
EQ-CRUSHER-131,crusher,3874.0,99.75,6.31,211.14,509.58,99.94,22,1,high,day,1
EQ-BALL-MILL-040,ball_mill,6068.2,88.31,6.64,153.69,669.64,98.64,33,0,medium,day,1
EQ-CONVEYOR-BELT-002,conveyor_belt,3924.4,61.32,1.38,115.82,80.93,75.49,39,1,medium,day,0
EQ-EXCAVATOR-121,excavator,5509.8,81.4,3.15,190.29,348.58,79.08,37,1,high,night,0
EQ-HAUL-TRUCK-036,haul_truck,2719.6,77.58,3.6,190.84,450.45,81.0,34,1,low,night,0
EQ-BALL-MILL-150,ball_mill,5147.3,100.81,8.46,183.9,515.75,81.49,15,3,high,day,1
EQ-EXCAVATOR-006,excavator,4729.1,78.45,5.27,203.62,391.01,94.58,22,1,high,day,0
EQ-CONVEYOR-BELT-137,conveyor_belt,3687.7,68.17,6.35,107.15,316.25,86.98,56,4,low,night,0
EQ-CONVEYOR-BELT-102,conveyor_belt,5549.0,61.86,2.7,127.13,279.06,81.97,63,1,low,day,0
EQ-EXCAVATOR-046,excavator,5937.6,78.9,6.82,231.84,340.83,80.99,68,1,high,night,1
EQ-HAUL-TRUCK-006,haul_truck,5320.3,87.18,3.66,177.8,432.24,88.22,20,2,low,night,0
EQ-CRUSHER-127,crusher,5638.8,94.72,6.37,171.12,561.65,70.01,25,0,high,day,1
EQ-EXCAVATOR-018,excavator,4736.9,75.5,4.24,206.29,295.2,54.73,43,0,medium,day,0
EQ-CONVEYOR-BELT-015,conveyor_belt,2238.8,56.69,2.34,89.43,265.22,77.25,96,2,medium,day,0
EQ-DRILL-RIG-119,drill_rig,4094.7,69.61,5.7,197.58,506.11,86.48,135,1,medium,night,1
EQ-EXCAVATOR-102,excavator,3712.9,82.9,4.44,226.87,342.13,76.9,20,0,medium,day,0
EQ-CRUSHER-020,crusher,4518.2,100.3,9.36,163.27,580.96,86.31,18,2,medium,night,0
EQ-HAUL-TRUCK-052,haul_truck,5975.9,92.11,5.79,192.82,532.58,83.52,10,0,medium,night,0
EQ-HAUL-TRUCK-100,haul_truck,5399.7,78.34,5.68,161.6,432.59,77.66,48,0,medium,night,0
EQ-DRILL-RIG-099,drill_rig,5267.5,68.43,6.96,199.93,376.47,62.0,9,0,low,night,0
EQ-DRILL-RIG-055,drill_rig,1218.1,92.19,4.48,203.35,362.75,86.62,45,2,high,day,0
EQ-DRILL-RIG-062,drill_rig,3753.2,87.74,5.32,197.34,377.21,85.31,45,0,medium,day,0
EQ-HAUL-TRUCK-012,haul_truck,3216.3,82.55,4.14,180.84,511.23,80.24,86,2,medium,night,1
EQ-CONVEYOR-BELT-002,conveyor_belt,4973.4,64.38,4.47,110.0,192.49,84.6,17,1,medium,night,0
EQ-CRUSHER-146,crusher,6614.5,97.94,6.52,162.56,625.24,88.13,5,1,medium,night,1
EQ-BALL-MILL-035,ball_mill,4398.6,93.67,9.18,151.06,587.85,84.95,11,3,low,night,1
EQ-CONVEYOR-BELT-140,conveyor_belt,2000.1,57.48,0.43,90.71,237.66,78.31,27,1,high,night,0
EQ-BALL-MILL-007,ball_mill,3919.7,80.32,4.74,194.58,679.69,78.52,17,0,medium,day,0
EQ-HAUL-TRUCK-149,haul_truck,662.1,85.06,4.91,138.12,379.53,57.16,23,1,high,day,0
EQ-CRUSHER-065,crusher,5710.8,105.95,6.99,201.51,530.71,75.33,55,1,high,night,1
EQ-DRILL-RIG-121,drill_rig,3169.0,86.84,5.72,206.57,430.84,76.93,24,1,medium,night,0
EQ-EXCAVATOR-127,excavator,6245.1,73.28,4.49,246.28,371.41,75.53,25,0,medium,night,0
EQ-CONVEYOR-BELT-053,conveyor_belt,6332.9,61.87,5.49,70.12,165.01,80.56,39,0,low,day,0
EQ-CRUSHER-111,crusher,6910.0,95.77,8.44,235.95,510.68,82.05,20,1,medium,night,1
EQ-BALL-MILL-051,ball_mill,3142.4,81.53,8.4,197.44,548.77,68.71,45,0,medium,day,0
EQ-HAUL-TRUCK-119,haul_truck,8789.8,86.59,3.22,177.68,389.4,71.1,57,0,medium,day,0
EQ-BALL-MILL-144,ball_mill,6231.8,90.6,4.34,201.22,573.1,77.63,18,1,low,day,0
EQ-CRUSHER-122,crusher,3258.0,111.6,7.59,177.0,599.86,101.23,82,3,medium,night,0
EQ-CRUSHER-110,crusher,6560.6,85.93,8.12,198.27,455.52,65.04,9,3,low,day,0
EQ-CRUSHER-056,crusher,3190.4,104.33,10.25,173.38,612.41,96.04,11,0,medium,day,1
EQ-EXCAVATOR-017,excavator,4583.9,75.04,6.02,203.11,404.22,64.86,25,3,medium,day,0
EQ-BALL-MILL-076,ball_mill,5160.2,75.99,7.97,215.56,580.4,59.28,12,2,low,day,0
EQ-BALL-MILL-020,ball_mill,4996.1,89.8,8.4,160.85,651.92,72.74,39,1,low,night,1
EQ-BALL-MILL-077,ball_mill,2793.5,92.59,7.54,197.81,625.01,86.65,128,0,low,night,1
EQ-BALL-MILL-131,ball_mill,6747.8,85.89,7.12,156.45,640.38,96.6,25,2,medium,night,1
EQ-CONVEYOR-BELT-017,conveyor_belt,6809.9,71.53,2.64,68.52,265.75,79.22,24,0,high,day,0
EQ-CRUSHER-136,crusher,5835.4,81.1,8.3,176.13,633.77,84.42,11,1,low,day,1
EQ-DRILL-RIG-090,drill_rig,7710.0,88.49,8.76,199.71,383.51,79.57,146,0,medium,day,1
EQ-HAUL-TRUCK-008,haul_truck,6743.9,93.69,5.91,164.71,503.64,94.2,81,0,low,night,0
EQ-DRILL-RIG-109,drill_rig,6192.2,79.17,5.71,223.09,469.17,82.68,62,2,medium,night,0
EQ-CRUSHER-001,crusher,6229.9,87.33,5.75,159.24,462.65,75.09,29,1,low,day,0
EQ-CONVEYOR-BELT-092,conveyor_belt,5151.3,73.02,2.93,22.15,194.52,79.96,68,2,high,night,0
EQ-EXCAVATOR-077,excavator,3801.7,81.23,5.44,184.9,442.14,72.5,49,2,medium,day,1
EQ-EXCAVATOR-112,excavator,5256.9,73.34,6.59,250.06,394.27,60.11,20,1,medium,night,0
EQ-HAUL-TRUCK-057,haul_truck,2681.5,81.62,5.45,173.69,392.71,89.46,143,1,low,night,1
EQ-CRUSHER-018,crusher,6538.4,99.56,9.11,187.42,503.79,88.19,6,0,high,night,1
EQ-CRUSHER-059,crusher,9944.0,70.95,7.09,170.96,616.94,79.26,27,0,low,night,0
EQ-EXCAVATOR-115,excavator,5350.3,83.11,4.74,221.3,451.91,77.54,18,0,medium,day,0
EQ-EXCAVATOR-144,excavator,3370.0,91.36,5.39,189.97,425.87,73.18,3,0,high,night,0
EQ-CONVEYOR-BELT-032,conveyor_belt,2546.2,62.23,1.76,100.55,132.89,58.56,6,3,medium,day,0
EQ-EXCAVATOR-053,excavator,3739.6,78.5,4.97,193.15,343.29,63.71,96,0,high,night,0
EQ-DRILL-RIG-132,drill_rig,6255.8,75.47,7.04,265.79,471.54,87.41,23,0,medium,day,0
EQ-HAUL-TRUCK-047,haul_truck,5008.1,76.27,2.54,187.86,492.91,75.21,28,5,high,day,0
EQ-CONVEYOR-BELT-037,conveyor_belt,4589.4,63.54,3.07,123.73,117.64,63.92,23,3,medium,night,0
EQ-HAUL-TRUCK-125,haul_truck,3923.8,71.55,4.17,140.33,390.05,65.78,24,1,medium,day,0
EQ-CRUSHER-074,crusher,4852.3,86.19,5.07,164.55,587.96,85.56,5,0,medium,day,0
EQ-CONVEYOR-BELT-088,conveyor_belt,1964.5,70.09,2.52,105.17,213.08,90.18,42,2,medium,day,0
EQ-CONVEYOR-BELT-074,conveyor_belt,3509.9,60.85,2.78,97.71,107.69,63.45,46,2,medium,night,0
EQ-CRUSHER-091,crusher,3413.4,107.17,6.19,210.62,558.12,92.62,21,1,medium,night,1
EQ-CRUSHER-041,crusher,3484.6,101.98,7.52,204.13,477.34,93.53,57,2,medium,night,0
EQ-HAUL-TRUCK-110,haul_truck,5787.2,78.03,4.58,192.2,366.5,85.24,97,2,low,night,0
EQ-CRUSHER-055,crusher,1874.1,79.61,8.51,211.27,515.27,79.34,6,3,medium,day,0
EQ-EXCAVATOR-079,excavator,3484.8,89.0,5.79,233.24,340.87,69.09,29,3,high,day,0
EQ-CONVEYOR-BELT-028,conveyor_belt,4250.4,55.31,1.46,113.94,70.63,58.39,42,2,low,day,0
EQ-CRUSHER-002,crusher,3888.7,78.33,7.28,190.47,541.61,92.7,7,4,low,night,0
EQ-DRILL-RIG-086,drill_rig,3958.7,77.38,5.61,203.28,350.25,57.53,82,3,medium,night,0
EQ-CRUSHER-021,crusher,1825.4,77.45,8.42,167.6,555.41,106.12,53,0,low,day,1
EQ-EXCAVATOR-137,excavator,4798.5,72.55,3.32,205.55,495.77,87.63,53,3,medium,day,0
EQ-EXCAVATOR-144,excavator,2101.2,68.49,5.36,186.73,373.42,75.55,82,0,medium,night,0
EQ-HAUL-TRUCK-048,haul_truck,2484.3,83.4,5.39,175.2,420.62,56.71,28,2,medium,night,0
EQ-CRUSHER-044,crusher,5762.2,88.58,6.79,192.66,520.39,70.81,29,0,high,night,1
EQ-DRILL-RIG-077,drill_rig,4236.3,80.8,5.78,219.6,362.02,86.05,35,1,high,day,0
EQ-DRILL-RIG-031,drill_rig,3181.4,89.29,8.27,223.19,459.55,88.33,45,1,medium,day,0
EQ-CRUSHER-130,crusher,8842.0,92.9,10.09,190.95,417.97,74.99,47,1,high,day,1
EQ-HAUL-TRUCK-016,haul_truck,3518.2,92.26,3.55,166.73,436.19,83.27,15,3,medium,day,1
EQ-DRILL-RIG-068,drill_rig,2445.2,78.02,4.72,216.53,371.3,78.46,11,1,low,night,0
EQ-HAUL-TRUCK-029,haul_truck,1606.8,71.71,6.46,133.85,371.66,78.55,50,4,medium,day,0
EQ-CRUSHER-125,crusher,6232.9,96.09,6.37,166.16,511.76,67.73,47,0,medium,day,0
EQ-DRILL-RIG-022,drill_rig,5550.6,76.44,6.46,221.61,450.26,85.35,69,1,medium,night,0
EQ-CRUSHER-067,crusher,4092.3,99.06,9.93,226.29,595.61,103.4,61,1,medium,night,0
EQ-HAUL-TRUCK-126,haul_truck,2871.2,80.59,4.92,146.99,452.85,74.99,9,0,low,day,0
EQ-EXCAVATOR-067,excavator,5133.5,89.13,5.86,184.52,300.91,71.03,11,0,low,night,0
EQ-CONVEYOR-BELT-028,conveyor_belt,5434.8,75.35,3.41,69.03,167.75,76.06,17,0,medium,day,0
EQ-HAUL-TRUCK-024,haul_truck,971.8,98.73,6.57,180.95,433.72,89.63,38,1,high,night,1
EQ-CONVEYOR-BELT-091,conveyor_belt,2425.8,62.46,2.51,92.67,195.39,68.16,78,1,high,day,0
EQ-CRUSHER-019,crusher,5803.9,104.48,7.62,184.96,514.43,84.2,38,0,medium,night,1
EQ-EXCAVATOR-054,excavator,2112.9,78.23,0.64,226.12,382.17,66.49,31,2,medium,day,0
EQ-EXCAVATOR-092,excavator,3440.6,77.42,4.64,222.7,474.74,80.96,12,2,low,day,0
EQ-DRILL-RIG-057,drill_rig,3929.8,86.04,6.05,245.22,391.04,54.22,30,1,medium,night,0
EQ-CRUSHER-125,crusher,2796.0,101.21,8.18,188.82,601.88,81.9,53,1,medium,night,1
EQ-CONVEYOR-BELT-104,conveyor_belt,4316.5,58.77,3.62,84.25,196.99,87.02,25,0,high,day,0
EQ-CRUSHER-021,crusher,2808.7,73.68,4.21,188.85,508.65,90.38,22,1,medium,day,1
EQ-HAUL-TRUCK-123,haul_truck,2433.4,89.63,3.16,160.31,496.75,87.94,65,1,high,day,1
EQ-CRUSHER-137,crusher,2042.9,89.71,10.07,195.73,587.38,94.04,45,1,high,day,1
EQ-CRUSHER-031,crusher,2028.4,79.86,6.34,179.29,617.67,86.24,60,2,low,night,1
EQ-CRUSHER-054,crusher,6194.7,109.69,8.88,212.83,605.96,99.24,18,0,high,day,1
EQ-DRILL-RIG-060,drill_rig,5292.9,76.32,8.16,214.99,393.37,85.41,93,6,low,night,0
EQ-BALL-MILL-064,ball_mill,4208.2,91.77,8.92,138.98,521.4,69.28,21,1,high,night,0
EQ-DRILL-RIG-070,drill_rig,3897.2,82.97,5.67,212.81,462.78,62.8,27,3,medium,night,0
EQ-CONVEYOR-BELT-135,conveyor_belt,8777.2,66.89,2.36,102.11,99.34,54.78,49,1,medium,day,0
EQ-CRUSHER-098,crusher,5860.5,87.44,6.72,216.92,462.46,82.69,21,0,medium,day,1
EQ-CONVEYOR-BELT-135,conveyor_belt,6983.2,58.4,5.15,79.93,323.92,57.05,41,3,medium,night,0
EQ-EXCAVATOR-053,excavator,4013.4,76.78,5.42,246.47,435.72,83.38,42,0,high,day,0
EQ-DRILL-RIG-079,drill_rig,2758.1,90.74,4.38,237.33,410.93,86.88,29,1,high,day,1
EQ-DRILL-RIG-016,drill_rig,2382.3,81.84,4.82,242.45,501.77,97.78,43,1,medium,night,0
EQ-EXCAVATOR-042,excavator,2560.6,75.8,6.12,154.48,375.52,82.37,24,0,high,night,1
EQ-BALL-MILL-088,ball_mill,2926.0,94.41,6.52,144.12,645.93,90.58,45,2,medium,day,1
EQ-DRILL-RIG-026,drill_rig,3944.9,82.66,5.18,235.76,485.77,94.45,53,1,medium,day,0
EQ-CRUSHER-145,crusher,4250.4,82.94,5.51,142.74,610.25,70.82,34,0,low,day,0
EQ-BALL-MILL-041,ball_mill,3455.4,110.32,7.39,152.04,612.93,79.27,57,1,high,night,1
EQ-HAUL-TRUCK-025,haul_truck,3238.9,75.18,5.44,186.13,447.1,86.49,18,0,medium,day,0
EQ-HAUL-TRUCK-118,haul_truck,2167.8,86.54,5.45,178.47,497.69,95.13,35,2,medium,night,0
EQ-EXCAVATOR-014,excavator,8912.8,79.36,7.28,212.26,448.71,81.4,101,0,medium,night,1
EQ-CONVEYOR-BELT-049,conveyor_belt,1911.6,74.45,3.26,129.41,201.66,91.59,34,3,high,day,0
EQ-EXCAVATOR-030,excavator,7695.7,92.32,8.66,191.79,335.75,85.86,29,0,low,night,0
EQ-BALL-MILL-105,ball_mill,3482.4,94.02,6.07,134.34,627.19,80.55,14,1,medium,night,0
EQ-EXCAVATOR-127,excavator,3411.9,76.69,5.46,178.33,384.85,70.64,19,0,medium,night,0
EQ-EXCAVATOR-030,excavator,2815.1,83.41,6.05,206.48,337.08,66.35,32,0,low,day,0
EQ-CONVEYOR-BELT-063,conveyor_belt,5172.5,60.68,3.89,121.85,229.67,60.15,66,1,medium,day,0
EQ-HAUL-TRUCK-072,haul_truck,2485.6,87.94,5.08,143.88,408.02,71.9,55,0,high,night,1
EQ-CONVEYOR-BELT-104,conveyor_belt,4024.5,62.64,2.88,56.38,56.26,63.55,16,2,medium,night,0
EQ-EXCAVATOR-053,excavator,4900.5,97.21,5.1,218.12,340.38,78.25,42,0,high,night,0
EQ-BALL-MILL-079,ball_mill,1334.4,92.07,9.21,214.35,665.85,93.08,34,0,high,day,1
EQ-CONVEYOR-BELT-076,conveyor_belt,3010.0,66.69,4.21,136.66,40.0,66.75,36,3,low,night,1
EQ-HAUL-TRUCK-002,haul_truck,9141.9,92.49,5.28,159.6,340.97,72.12,53,3,medium,day,0
EQ-HAUL-TRUCK-086,haul_truck,2896.5,86.83,5.3,158.08,485.76,78.73,49,1,low,day,0
EQ-HAUL-TRUCK-086,haul_truck,2616.8,85.64,2.16,180.05,437.44,97.85,47,3,medium,day,0
EQ-BALL-MILL-149,ball_mill,3174.9,79.04,7.14,165.34,657.4,87.97,49,3,medium,day,1
EQ-CONVEYOR-BELT-077,conveyor_belt,10089.9,75.47,1.86,95.07,208.6,45.23,6,1,medium,day,0
EQ-CRUSHER-135,crusher,7752.5,98.52,9.21,180.06,568.01,100.41,104,1,high,day,1
EQ-HAUL-TRUCK-053,haul_truck,3790.6,92.09,6.91,162.1,288.29,59.91,35,2,high,night,0
EQ-DRILL-RIG-105,drill_rig,6129.5,88.1,7.71,215.71,423.3,93.34,55,5,medium,night,1
EQ-HAUL-TRUCK-136,haul_truck,3764.9,86.94,3.92,159.19,402.32,72.18,66,1,high,day,0
EQ-CONVEYOR-BELT-024,conveyor_belt,4037.4,70.85,2.73,92.79,206.97,75.65,22,0,high,night,0
EQ-DRILL-RIG-086,drill_rig,4670.5,86.23,5.61,197.19,333.04,73.53,31,0,medium,day,0
EQ-EXCAVATOR-138,excavator,5488.9,74.98,6.38,232.76,328.93,75.59,66,4,low,day,0
EQ-CRUSHER-084,crusher,3166.8,92.85,6.85,209.54,584.69,81.86,78,0,high,night,0
EQ-EXCAVATOR-134,excavator,2554.8,81.55,5.09,249.01,374.56,71.63,35,2,high,day,0
EQ-EXCAVATOR-063,excavator,4813.8,75.86,8.1,187.72,370.25,74.93,8,1,medium,day,0
EQ-BALL-MILL-134,ball_mill,2176.1,74.6,7.71,197.03,585.0,68.04,17,2,medium,night,0
EQ-CONVEYOR-BELT-095,conveyor_belt,3718.3,66.01,2.89,103.43,198.71,55.18,24,2,medium,day,0
EQ-DRILL-RIG-072,drill_rig,3575.8,76.06,7.23,196.78,430.5,88.42,41,0,medium,day,0
EQ-CRUSHER-033,crusher,1549.5,102.42,7.16,195.06,512.27,65.6,44,0,high,night,0
EQ-EXCAVATOR-026,excavator,2570.4,78.55,7.75,215.65,471.23,96.28,56,1,high,night,1
EQ-CONVEYOR-BELT-044,conveyor_belt,3769.9,61.83,0.31,109.28,226.08,76.61,64,0,low,day,0
EQ-CRUSHER-114,crusher,738.2,85.38,6.64,161.21,536.36,51.15,3,1,low,night,0
EQ-HAUL-TRUCK-071,haul_truck,5805.7,78.28,3.99,170.3,384.75,71.2,27,0,medium,day,0
EQ-CRUSHER-059,crusher,2445.7,96.88,4.8,176.4,555.04,67.42,63,2,medium,day,1
EQ-CONVEYOR-BELT-071,conveyor_belt,5099.4,80.47,3.31,60.54,57.99,53.17,87,1,high,day,0
EQ-CONVEYOR-BELT-052,conveyor_belt,2949.6,65.6,2.21,110.23,210.94,77.9,46,1,low,day,0
EQ-EXCAVATOR-122,excavator,8369.7,78.72,5.61,198.85,322.17,78.16,14,3,high,night,0
EQ-DRILL-RIG-059,drill_rig,3878.7,77.08,8.57,208.72,441.65,73.61,38,0,medium,night,0
EQ-EXCAVATOR-071,excavator,1147.2,61.24,4.97,181.3,541.38,82.53,72,2,medium,day,1
EQ-EXCAVATOR-084,excavator,5499.4,74.77,5.29,236.14,350.08,58.49,10,0,medium,day,0
EQ-HAUL-TRUCK-097,haul_truck,2960.2,91.69,5.12,154.66,497.74,83.45,15,0,high,day,0
EQ-DRILL-RIG-051,drill_rig,7312.7,75.86,7.53,240.91,425.61,91.95,15,2,medium,night,0
EQ-EXCAVATOR-011,excavator,11026.8,72.71,4.94,232.45,417.34,87.35,49,1,medium,day,0
EQ-CRUSHER-104,crusher,2507.5,73.93,5.82,218.28,507.57,76.73,19,1,medium,night,0
EQ-EXCAVATOR-085,excavator,2800.8,78.5,5.6,217.91,415.06,74.94,2,1,medium,day,0
EQ-CONVEYOR-BELT-098,conveyor_belt,6484.2,56.97,2.55,82.02,235.31,67.7,72,2,medium,day,0
EQ-DRILL-RIG-082,drill_rig,3387.1,86.91,7.51,243.46,395.05,81.45,33,0,high,night,0
EQ-EXCAVATOR-077,excavator,6812.9,96.69,3.71,221.57,288.64,75.93,105,3,medium,night,0
EQ-BALL-MILL-143,ball_mill,2109.0,83.43,3.79,198.5,542.33,79.46,54,1,low,day,0
EQ-HAUL-TRUCK-009,haul_truck,2154.5,78.91,5.38,178.38,373.97,65.41,34,0,medium,day,0
EQ-HAUL-TRUCK-014,haul_truck,2018.5,87.65,3.11,164.28,431.87,78.74,59,2,medium,night,0
EQ-CONVEYOR-BELT-141,conveyor_belt,1855.8,57.15,4.3,138.08,79.86,68.17,17,2,medium,night,0
EQ-CONVEYOR-BELT-134,conveyor_belt,2526.7,67.26,3.24,41.82,171.13,76.79,43,0,low,night,0
EQ-EXCAVATOR-062,excavator,4029.2,80.67,7.26,201.61,477.1,71.65,42,2,low,night,0
EQ-CONVEYOR-BELT-082,conveyor_belt,11430.0,68.04,2.6,84.62,233.9,79.81,31,1,medium,night,0
EQ-EXCAVATOR-068,excavator,1992.3,79.94,4.26,217.7,305.25,61.1,12,0,medium,day,0
EQ-CONVEYOR-BELT-150,conveyor_belt,3958.3,62.16,3.48,74.69,122.88,70.99,41,0,medium,day,0
EQ-CONVEYOR-BELT-069,conveyor_belt,4728.0,51.83,2.28,94.46,235.43,69.86,40,3,low,day,0
EQ-BALL-MILL-114,ball_mill,3448.1,94.85,6.28,153.46,623.14,77.72,21,1,low,night,0
EQ-CRUSHER-055,crusher,4197.9,105.98,4.77,150.06,521.4,84.04,11,1,low,day,0
EQ-CONVEYOR-BELT-058,conveyor_belt,3083.1,66.12,3.01,84.79,121.71,64.45,19,0,medium,day,0
EQ-CONVEYOR-BELT-102,conveyor_belt,2713.0,61.2,1.9,79.56,71.27,74.38,91,4,medium,night,0
EQ-EXCAVATOR-060,excavator,3256.6,75.03,5.92,213.81,386.73,57.14,22,1,medium,day,0
EQ-EXCAVATOR-003,excavator,6194.3,83.79,1.98,204.81,378.61,65.44,41,3,medium,night,0
EQ-BALL-MILL-026,ball_mill,1070.8,90.83,6.0,172.47,667.62,90.9,39,0,medium,day,0
EQ-HAUL-TRUCK-132,haul_truck,5264.2,90.02,3.19,187.89,506.23,96.83,30,0,medium,night,0
EQ-DRILL-RIG-056,drill_rig,3661.0,81.15,6.14,234.28,372.86,49.73,94,1,medium,night,0
EQ-HAUL-TRUCK-016,haul_truck,1998.3,74.84,6.76,177.84,411.1,64.4,52,2,medium,day,0
EQ-DRILL-RIG-141,drill_rig,1666.1,84.29,5.04,222.86,437.11,85.27,48,3,medium,day,1
EQ-HAUL-TRUCK-150,haul_truck,3223.8,82.04,4.28,165.0,472.58,68.51,34,0,medium,day,0
EQ-BALL-MILL-075,ball_mill,5028.4,95.09,5.95,139.46,628.64,93.26,22,1,medium,night,1
EQ-CONVEYOR-BELT-095,conveyor_belt,4775.8,62.63,4.75,52.77,233.31,85.42,35,0,high,night,0
EQ-HAUL-TRUCK-114,haul_truck,4520.9,94.5,5.38,192.83,497.65,79.39,52,3,medium,day,1
EQ-CONVEYOR-BELT-010,conveyor_belt,1873.2,71.19,1.57,80.45,250.49,75.8,60,3,medium,day,0
EQ-CONVEYOR-BELT-045,conveyor_belt,5643.0,63.03,3.53,106.96,231.6,57.55,53,4,medium,night,0
EQ-EXCAVATOR-085,excavator,4280.1,81.12,4.81,226.67,425.63,110.0,5,1,high,day,0
EQ-EXCAVATOR-083,excavator,2430.2,73.65,8.12,197.06,446.52,90.98,8,1,medium,night,0
EQ-CONVEYOR-BELT-050,conveyor_belt,5874.9,59.01,0.42,98.64,277.94,70.18,28,0,medium,day,0
EQ-CONVEYOR-BELT-001,conveyor_belt,2279.0,63.35,2.93,86.53,78.71,62.85,8,0,medium,day,0
EQ-EXCAVATOR-143,excavator,4512.3,82.6,5.9,232.94,364.22,75.81,16,1,medium,night,0
EQ-DRILL-RIG-093,drill_rig,2780.3,71.74,8.76,213.0,325.74,59.19,13,1,medium,day,0
EQ-EXCAVATOR-114,excavator,3385.7,72.81,7.71,238.15,399.9,78.48,29,0,medium,night,0
EQ-HAUL-TRUCK-066,haul_truck,4736.3,94.44,3.7,147.97,406.53,88.08,34,0,medium,night,0
EQ-CONVEYOR-BELT-077,conveyor_belt,4019.6,63.76,3.48,74.9,153.86,57.87,11,0,medium,night,0
EQ-HAUL-TRUCK-067,haul_truck,3719.6,86.11,7.24,164.36,461.12,80.08,77,0,low,night,0
EQ-EXCAVATOR-065,excavator,1879.4,79.99,5.56,222.96,441.45,90.7,43,2,high,night,1
EQ-CRUSHER-101,crusher,2515.0,96.85,6.41,187.78,576.3,87.18,33,0,medium,night,0
EQ-EXCAVATOR-150,excavator,2688.1,76.23,4.91,213.3,375.83,76.58,57,4,low,night,0
EQ-HAUL-TRUCK-117,haul_truck,2764.4,81.83,6.3,163.57,548.28,88.54,33,3,low,night,0
EQ-CONVEYOR-BELT-101,conveyor_belt,6126.7,69.93,1.74,74.15,237.89,66.96,45,1,medium,night,0
EQ-CRUSHER-002,crusher,1097.5,92.57,9.53,182.9,483.33,67.12,23,0,medium,day,1
EQ-DRILL-RIG-078,drill_rig,9032.5,75.95,5.67,207.57,367.11,96.76,17,1,medium,day,0
EQ-CONVEYOR-BELT-144,conveyor_belt,2533.4,63.02,3.87,68.93,225.93,74.43,13,1,medium,day,0
EQ-CRUSHER-060,crusher,7531.5,84.67,9.28,176.43,584.08,80.2,36,2,low,day,1
EQ-EXCAVATOR-083,excavator,2368.7,76.09,6.31,205.03,341.88,53.22,42,0,medium,day,0
EQ-DRILL-RIG-049,drill_rig,4520.6,90.6,7.67,226.3,454.92,85.18,115,2,high,day,1
EQ-HAUL-TRUCK-029,haul_truck,2318.3,84.68,4.35,169.67,411.59,88.39,5,1,high,day,0
EQ-EXCAVATOR-106,excavator,6413.4,93.8,5.8,201.1,366.94,88.16,33,1,high,night,0
EQ-DRILL-RIG-048,drill_rig,5644.5,78.78,7.53,231.82,357.98,74.59,58,2,low,night,1
EQ-CONVEYOR-BELT-089,conveyor_belt,6239.8,64.66,3.29,79.54,177.22,77.25,16,0,high,day,0
EQ-CONVEYOR-BELT-090,conveyor_belt,3080.9,77.77,2.7,97.15,281.24,75.36,68,0,high,night,0
EQ-HAUL-TRUCK-128,haul_truck,2567.1,80.39,6.86,148.62,347.35,65.53,58,1,medium,night,0
EQ-HAUL-TRUCK-141,haul_truck,6120.7,84.58,5.85,163.62,471.25,76.44,71,1,medium,night,1
EQ-CRUSHER-084,crusher,3636.6,89.89,10.19,178.04,604.69,76.61,47,2,medium,day,1
EQ-CONVEYOR-BELT-008,conveyor_belt,3657.6,67.19,3.23,95.28,200.63,62.35,18,0,medium,day,0
EQ-CRUSHER-088,crusher,3057.3,92.75,9.11,198.85,571.44,88.27,34,1,high,day,1
EQ-HAUL-TRUCK-133,haul_truck,3510.4,94.11,5.68,147.91,348.95,55.94,63,2,medium,night,0
EQ-HAUL-TRUCK-072,haul_truck,6136.7,78.66,6.29,129.47,558.28,83.8,19,3,low,night,1
EQ-CONVEYOR-BELT-085,conveyor_belt,2912.9,71.28,4.81,74.92,226.58,59.95,8,1,medium,night,0
EQ-CONVEYOR-BELT-115,conveyor_belt,2881.2,71.25,3.27,60.81,79.47,55.85,12,0,medium,night,0
EQ-HAUL-TRUCK-066,haul_truck,2598.8,76.15,4.84,157.37,467.0,101.43,52,2,medium,night,1
EQ-HAUL-TRUCK-063,haul_truck,3490.1,91.91,7.35,166.54,372.79,71.51,20,1,medium,night,0
EQ-EXCAVATOR-073,excavator,6365.9,89.37,5.14,217.8,320.9,74.76,43,2,high,night,0
EQ-HAUL-TRUCK-128,haul_truck,2579.2,80.49,7.34,137.99,400.31,74.53,57,1,low,night,0
EQ-CRUSHER-074,crusher,2797.9,86.75,8.25,200.28,538.37,93.0,24,3,low,day,0
EQ-HAUL-TRUCK-050,haul_truck,7545.6,78.15,7.31,152.83,499.29,70.27,14,0,medium,night,0
EQ-CONVEYOR-BELT-090,conveyor_belt,2767.9,64.52,1.53,123.03,155.98,68.61,15,2,high,day,0
EQ-DRILL-RIG-104,drill_rig,3877.5,82.72,4.7,232.41,417.34,95.57,106,1,high,day,1
EQ-BALL-MILL-137,ball_mill,8227.0,94.76,8.21,178.86,581.35,89.11,16,2,high,night,1
EQ-BALL-MILL-134,ball_mill,3532.7,94.88,5.57,182.58,609.53,80.89,45,0,high,day,1
EQ-EXCAVATOR-118,excavator,9409.4,69.83,7.8,190.52,424.25,76.59,5,1,medium,day,0
EQ-HAUL-TRUCK-116,haul_truck,2506.6,85.27,2.0,172.43,400.93,94.39,60,0,medium,night,0
EQ-EXCAVATOR-068,excavator,9169.0,71.37,7.68,188.67,324.43,73.78,43,0,medium,day,0
EQ-CONVEYOR-BELT-052,conveyor_belt,3465.2,63.5,1.99,79.82,154.32,76.18,29,0,medium,day,0
EQ-HAUL-TRUCK-085,haul_truck,1245.9,81.21,5.12,175.29,432.54,85.08,32,2,medium,day,0
EQ-EXCAVATOR-106,excavator,1470.4,79.19,7.28,189.5,447.29,71.73,38,1,low,night,0
EQ-EXCAVATOR-078,excavator,3097.3,88.08,4.88,201.41,337.46,82.91,9,1,medium,day,0
EQ-HAUL-TRUCK-032,haul_truck,4305.0,83.91,5.39,177.25,415.81,74.74,49,2,medium,day,0
EQ-CONVEYOR-BELT-003,conveyor_belt,3622.0,63.77,2.03,69.45,187.53,75.12,96,1,low,night,0
EQ-CONVEYOR-BELT-009,conveyor_belt,6773.0,79.21,2.35,93.42,139.49,59.72,1,1,high,day,0
EQ-CRUSHER-064,crusher,4747.8,91.65,10.05,192.06,624.09,101.3,19,2,low,night,0
EQ-BALL-MILL-119,ball_mill,3372.7,88.87,6.84,207.0,532.7,71.59,33,2,high,day,0
EQ-HAUL-TRUCK-119,haul_truck,4134.2,84.96,4.23,138.25,264.25,62.9,75,0,low,day,0
EQ-HAUL-TRUCK-122,haul_truck,3187.4,90.51,4.91,209.99,403.81,74.92,90,1,high,night,1
EQ-CRUSHER-107,crusher,4851.5,89.22,7.25,198.7,639.47,98.95,4,1,medium,day,1
EQ-CONVEYOR-BELT-004,conveyor_belt,2639.4,49.78,4.06,81.34,290.23,87.97,56,3,low,day,0
EQ-CONVEYOR-BELT-133,conveyor_belt,4888.6,60.96,4.1,116.57,147.0,72.51,86,2,low,day,0
EQ-HAUL-TRUCK-143,haul_truck,3561.4,86.66,4.69,126.81,401.77,66.31,6,1,medium,day,1
EQ-BALL-MILL-128,ball_mill,3138.3,97.45,9.91,167.56,528.69,75.1,45,4,high,day,0
EQ-EXCAVATOR-067,excavator,6686.3,73.62,0.81,190.24,373.75,75.76,86,0,low,day,0
EQ-EXCAVATOR-033,excavator,8186.4,66.67,4.42,184.11,409.24,76.63,26,2,low,day,0
EQ-CONVEYOR-BELT-136,conveyor_belt,4218.1,65.11,3.97,73.7,184.19,78.24,41,2,medium,day,0
EQ-BALL-MILL-028,ball_mill,3284.3,95.95,6.87,188.56,592.38,81.77,25,0,medium,day,1
EQ-CONVEYOR-BELT-119,conveyor_belt,3322.4,56.39,0.2,65.27,235.73,75.91,45,4,medium,night,0
EQ-BALL-MILL-145,ball_mill,3307.9,88.43,5.11,156.13,598.55,85.34,65,0,low,day,0
EQ-HAUL-TRUCK-136,haul_truck,868.9,85.91,6.81,156.22,386.66,76.85,73,1,medium,night,0
EQ-CONVEYOR-BELT-079,conveyor_belt,5116.9,51.26,3.4,88.9,77.6,54.47,20,1,low,night,0
EQ-DRILL-RIG-126,drill_rig,4518.7,71.91,4.16,219.04,466.94,78.61,12,1,medium,day,0
EQ-CRUSHER-125,crusher,4028.3,89.68,9.5,181.97,489.91,68.85,45,0,medium,day,0
EQ-EXCAVATOR-147,excavator,5743.0,82.72,4.87,194.1,412.69,64.77,53,2,high,day,0
EQ-BALL-MILL-055,ball_mill,2256.7,90.24,8.53,205.12,536.18,79.11,11,1,medium,night,1
EQ-HAUL-TRUCK-095,haul_truck,1275.1,70.98,6.67,109.53,479.93,79.59,28,0,medium,day,0
EQ-CRUSHER-123,crusher,3244.8,90.26,7.79,215.47,496.72,85.76,83,2,high,day,1
EQ-DRILL-RIG-035,drill_rig,5296.2,91.56,6.8,223.81,527.48,66.22,27,1,high,night,1
EQ-BALL-MILL-034,ball_mill,4176.1,78.03,6.61,184.91,650.67,96.3,69,0,high,night,0
EQ-BALL-MILL-059,ball_mill,3644.5,87.17,6.94,139.32,628.49,91.33,21,1,medium,day,0
EQ-BALL-MILL-055,ball_mill,8345.3,91.66,5.42,145.9,573.42,101.58,69,0,high,night,1
EQ-HAUL-TRUCK-113,haul_truck,7020.0,82.0,5.27,138.42,460.57,68.53,33,2,low,day,0
EQ-BALL-MILL-141,ball_mill,5554.5,92.46,8.77,172.06,593.26,69.15,29,3,high,day,1
EQ-CRUSHER-024,crusher,3542.7,89.13,7.63,200.87,474.88,80.98,35,2,medium,day,0
EQ-CONVEYOR-BELT-049,conveyor_belt,11890.6,61.29,2.77,86.68,188.75,78.06,18,2,medium,night,0
EQ-CRUSHER-140,crusher,2351.9,94.8,7.69,172.46,485.16,82.08,11,4,high,day,0
EQ-DRILL-RIG-090,drill_rig,6316.7,88.34,4.87,233.53,522.34,79.06,26,2,medium,night,1
EQ-CONVEYOR-BELT-031,conveyor_belt,6530.0,67.72,4.32,76.33,224.51,86.24,53,1,medium,night,0
EQ-DRILL-RIG-091,drill_rig,3140.4,86.22,8.52,231.56,444.19,95.14,7,2,high,day,0
EQ-HAUL-TRUCK-132,haul_truck,7180.5,74.38,5.49,140.82,435.5,73.71,74,4,medium,day,0
EQ-HAUL-TRUCK-057,haul_truck,2259.8,78.37,5.18,187.97,395.69,88.82,29,1,medium,day,0
EQ-CRUSHER-073,crusher,4764.3,90.63,9.56,196.06,547.94,82.96,54,0,low,night,1
EQ-HAUL-TRUCK-093,haul_truck,6153.6,78.47,7.64,197.27,372.48,71.05,26,3,medium,day,0
EQ-CONVEYOR-BELT-127,conveyor_belt,4659.1,68.68,4.56,80.13,133.82,59.33,50,2,low,night,0
EQ-EXCAVATOR-085,excavator,1856.8,75.76,4.6,207.75,432.69,99.7,52,2,medium,day,0
EQ-CONVEYOR-BELT-144,conveyor_belt,6096.2,77.02,0.85,101.52,131.38,59.63,82,1,high,night,0
EQ-HAUL-TRUCK-114,haul_truck,7024.0,88.91,5.79,165.27,532.53,95.42,7,1,medium,night,0
EQ-HAUL-TRUCK-064,haul_truck,4347.4,75.39,7.5,149.67,576.48,83.74,31,1,high,night,0
EQ-CONVEYOR-BELT-074,conveyor_belt,1585.2,66.46,2.98,115.89,206.12,74.66,65,0,medium,day,0
EQ-EXCAVATOR-105,excavator,4226.9,95.16,4.86,203.52,513.94,88.64,32,1,high,day,1
EQ-HAUL-TRUCK-011,haul_truck,3007.0,80.01,6.38,103.46,495.87,81.84,29,0,low,day,0
EQ-EXCAVATOR-035,excavator,4116.0,72.24,6.61,215.09,303.29,85.32,27,1,medium,day,0
EQ-HAUL-TRUCK-036,haul_truck,5501.6,84.23,5.87,142.37,473.43,83.24,36,1,medium,night,1
EQ-CONVEYOR-BELT-121,conveyor_belt,2168.2,63.57,4.27,62.45,133.76,70.88,52,1,high,day,0
EQ-HAUL-TRUCK-124,haul_truck,7692.1,91.82,2.39,119.86,331.62,53.52,29,1,high,day,0
EQ-EXCAVATOR-123,excavator,3465.9,73.96,3.9,232.14,286.27,91.75,66,0,high,day,0
EQ-CONVEYOR-BELT-016,conveyor_belt,4388.2,61.92,3.78,84.24,205.59,75.68,41,2,low,day,0
EQ-CRUSHER-045,crusher,3168.4,91.05,10.85,208.07,628.57,101.5,30,1,medium,night,1
EQ-CONVEYOR-BELT-047,conveyor_belt,5500.9,61.92,4.51,104.09,130.29,58.68,36,2,medium,night,0
EQ-EXCAVATOR-004,excavator,7690.3,72.85,3.92,216.01,288.71,75.81,65,1,low,day,0
EQ-BALL-MILL-039,ball_mill,2715.9,101.14,8.85,174.98,582.67,91.22,20,2,high,day,1
EQ-CRUSHER-065,crusher,5161.6,89.73,6.02,189.65,480.7,91.66,27,0,medium,night,0
EQ-EXCAVATOR-133,excavator,2903.7,75.57,4.95,185.83,307.11,85.44,22,2,high,night,0
EQ-BALL-MILL-026,ball_mill,5439.7,91.84,8.35,159.29,679.21,95.07,27,1,high,night,1
EQ-CONVEYOR-BELT-130,conveyor_belt,4068.9,65.98,4.92,111.02,209.66,77.66,34,1,low,night,0
EQ-CONVEYOR-BELT-123,conveyor_belt,5989.9,62.91,2.48,117.11,182.33,52.8,64,1,medium,night,0
EQ-BALL-MILL-024,ball_mill,4560.3,108.74,8.89,174.47,507.65,72.44,52,1,medium,night,1
EQ-HAUL-TRUCK-040,haul_truck,9678.7,88.59,6.86,145.33,463.78,88.34,34,4,high,night,1
EQ-DRILL-RIG-069,drill_rig,3181.4,74.32,5.5,221.21,495.88,81.28,33,1,medium,night,1
EQ-CONVEYOR-BELT-142,conveyor_belt,2066.1,62.49,2.02,60.14,197.07,66.4,46,3,low,night,0
EQ-EXCAVATOR-118,excavator,3055.8,82.08,5.4,232.41,318.59,83.53,26,5,medium,night,0
EQ-EXCAVATOR-146,excavator,3080.7,76.21,7.97,207.57,340.98,75.77,20,0,medium,day,0
EQ-HAUL-TRUCK-047,haul_truck,3824.7,87.21,2.77,152.97,391.95,90.9,46,0,medium,day,0
EQ-BALL-MILL-137,ball_mill,3346.8,92.49,7.77,122.53,590.74,85.63,20,2,high,night,1
EQ-HAUL-TRUCK-144,haul_truck,4389.7,83.7,4.8,164.7,480.33,84.03,17,4,low,night,0
EQ-EXCAVATOR-090,excavator,1644.5,83.05,4.66,215.51,337.91,73.42,122,0,low,day,0
EQ-CONVEYOR-BELT-024,conveyor_belt,3338.3,68.16,2.09,84.7,172.21,73.45,6,1,medium,day,0
EQ-CONVEYOR-BELT-041,conveyor_belt,3320.9,61.37,4.3,98.11,294.77,62.12,5,1,high,day,0
EQ-HAUL-TRUCK-020,haul_truck,5644.4,93.37,2.77,155.81,384.1,62.74,32,1,low,day,0
EQ-DRILL-RIG-122,drill_rig,2536.9,86.65,7.44,229.72,281.79,55.06,49,4,low,night,1
EQ-CRUSHER-047,crusher,2476.4,94.1,9.07,163.89,583.17,84.48,30,1,medium,day,1
EQ-DRILL-RIG-106,drill_rig,4028.1,67.5,7.8,269.19,395.85,79.41,26,1,medium,day,0
EQ-HAUL-TRUCK-041,haul_truck,5806.7,78.36,6.41,149.95,382.17,83.04,101,1,low,day,0
EQ-HAUL-TRUCK-147,haul_truck,818.4,102.72,4.18,148.97,387.93,66.64,22,2,high,day,0
EQ-CONVEYOR-BELT-117,conveyor_belt,5521.9,74.32,4.12,65.83,212.2,70.78,34,1,high,day,0
EQ-HAUL-TRUCK-057,haul_truck,5133.1,79.52,6.01,156.93,474.82,85.85,28,2,medium,day,1
EQ-CRUSHER-072,crusher,3848.0,85.11,7.32,144.97,591.39,85.54,38,0,low,night,0
EQ-HAUL-TRUCK-009,haul_truck,4314.4,88.88,2.14,184.0,461.76,84.74,28,2,medium,day,1
EQ-DRILL-RIG-021,drill_rig,6329.9,80.13,6.72,198.52,390.84,81.24,45,1,low,night,0
EQ-BALL-MILL-150,ball_mill,3069.3,95.41,5.69,149.95,592.51,82.52,35,0,medium,night,1
EQ-DRILL-RIG-123,drill_rig,1973.8,82.01,6.13,248.88,373.61,77.58,25,0,high,day,0
EQ-BALL-MILL-126,ball_mill,5146.9,85.95,5.57,151.18,587.84,80.4,12,3,low,day,1
EQ-BALL-MILL-097,ball_mill,4947.1,75.62,6.78,194.35,667.23,70.63,2,3,low,day,0
EQ-CRUSHER-034,crusher,1319.7,75.95,7.37,199.37,606.06,70.51,48,0,low,day,1
EQ-CRUSHER-016,crusher,7844.4,88.96,7.87,161.16,532.5,90.96,17,0,low,night,1
EQ-BALL-MILL-109,ball_mill,4798.4,89.93,7.06,151.38,627.88,78.0,35,0,medium,night,0
EQ-BALL-MILL-050,ball_mill,2615.4,83.91,6.78,127.46,589.39,74.72,12,1,medium,night,0
EQ-BALL-MILL-001,ball_mill,4983.5,100.27,4.35,186.99,612.97,92.34,58,2,high,night,1
EQ-DRILL-RIG-004,drill_rig,4673.0,90.1,6.42,233.15,354.16,47.6,56,2,low,night,0
EQ-HAUL-TRUCK-084,haul_truck,3275.4,95.61,6.14,174.98,431.04,73.98,18,1,medium,night,0
EQ-BALL-MILL-127,ball_mill,4292.1,89.57,7.74,190.55,675.92,98.42,51,2,high,day,1
EQ-BALL-MILL-055,ball_mill,4308.6,80.71,4.85,136.09,494.19,71.99,58,3,medium,day,0
EQ-CONVEYOR-BELT-150,conveyor_belt,4079.7,58.31,3.79,90.54,152.99,81.73,77,2,high,day,0
EQ-DRILL-RIG-058,drill_rig,3915.8,88.17,5.82,223.97,406.18,67.47,13,0,medium,day,0
EQ-CONVEYOR-BELT-110,conveyor_belt,4697.4,65.3,2.99,52.61,203.16,61.21,26,1,low,night,0
EQ-BALL-MILL-037,ball_mill,4371.2,93.78,8.38,167.16,655.12,90.79,32,0,low,day,0
EQ-HAUL-TRUCK-092,haul_truck,3078.5,86.63,6.18,145.39,460.76,80.78,27,3,high,night,1
EQ-DRILL-RIG-042,drill_rig,2360.8,99.55,5.92,228.67,394.84,81.66,85,1,high,day,0
EQ-HAUL-TRUCK-117,haul_truck,4281.5,84.44,3.58,152.7,383.67,81.38,45,1,medium,night,0
EQ-EXCAVATOR-069,excavator,5502.7,95.98,7.25,218.23,344.73,74.07,16,1,medium,day,0
EQ-HAUL-TRUCK-007,haul_truck,4204.4,74.04,4.44,203.13,410.24,92.1,100,1,medium,day,0
EQ-CRUSHER-038,crusher,3052.3,95.91,8.99,166.73,621.85,81.1,49,3,low,night,1
EQ-EXCAVATOR-053,excavator,1597.0,73.98,5.32,214.92,306.52,76.38,26,0,low,day,0
EQ-BALL-MILL-070,ball_mill,7961.2,98.25,5.27,137.1,567.83,83.5,8,3,high,night,1
EQ-CONVEYOR-BELT-041,conveyor_belt,4854.4,57.85,3.8,67.67,151.78,65.87,29,1,low,night,0
EQ-BALL-MILL-087,ball_mill,4692.3,99.17,8.48,163.49,533.56,85.93,74,1,medium,day,1
EQ-EXCAVATOR-145,excavator,3287.4,68.6,5.78,249.57,338.78,59.95,34,1,medium,day,0
EQ-HAUL-TRUCK-107,haul_truck,1631.9,107.19,6.93,146.81,398.96,83.39,27,0,medium,day,0
EQ-DRILL-RIG-047,drill_rig,2955.8,75.66,4.76,199.19,448.6,93.27,46,0,high,day,0
EQ-CONVEYOR-BELT-102,conveyor_belt,7387.3,72.14,2.9,52.21,159.32,44.57,30,0,low,night,0
EQ-CRUSHER-146,crusher,2112.4,98.13,5.62,167.45,531.99,75.2,53,0,high,night,0
EQ-DRILL-RIG-037,drill_rig,1458.7,84.98,7.22,201.82,330.91,65.96,60,1,low,day,0
EQ-DRILL-RIG-035,drill_rig,7911.2,83.1,5.47,228.01,230.71,67.12,18,1,low,night,0
EQ-CONVEYOR-BELT-006,conveyor_belt,2637.6,64.17,2.65,73.55,203.58,71.82,67,2,medium,night,0
EQ-BALL-MILL-127,ball_mill,3655.3,97.31,7.23,161.78,588.07,77.9,18,2,high,day,1
EQ-CONVEYOR-BELT-125,conveyor_belt,4725.1,64.3,5.15,29.44,221.2,84.3,38,1,medium,day,0
EQ-CONVEYOR-BELT-063,conveyor_belt,777.6,63.98,1.33,106.87,181.84,58.74,88,0,medium,night,0
EQ-EXCAVATOR-131,excavator,9069.4,76.15,6.75,206.99,426.66,81.35,37,1,medium,night,0
EQ-HAUL-TRUCK-098,haul_truck,7307.0,80.02,5.15,174.34,340.69,67.37,9,0,low,day,0
EQ-EXCAVATOR-147,excavator,3866.5,75.7,8.91,231.65,369.39,87.33,40,1,high,day,0
EQ-DRILL-RIG-139,drill_rig,3044.2,80.33,6.87,271.55,389.66,66.4,55,3,high,day,1
EQ-CONVEYOR-BELT-144,conveyor_belt,2251.6,68.29,4.28,94.55,101.23,64.69,56,1,medium,night,0
EQ-EXCAVATOR-059,excavator,4888.0,84.28,4.1,210.57,340.13,68.1,66,0,medium,night,0
EQ-CONVEYOR-BELT-096,conveyor_belt,4216.5,62.77,1.8,86.45,164.17,81.26,39,1,medium,day,0
EQ-HAUL-TRUCK-026,haul_truck,1568.9,94.99,5.8,181.7,395.47,58.67,60,1,medium,night,0
EQ-EXCAVATOR-135,excavator,3645.1,79.94,5.81,212.04,410.53,68.72,16,2,low,day,1
EQ-BALL-MILL-048,ball_mill,4266.9,91.93,5.63,200.63,551.01,74.06,53,0,medium,night,0
EQ-CRUSHER-068,crusher,5087.1,97.27,5.5,163.52,491.06,69.62,25,1,medium,night,1
EQ-EXCAVATOR-090,excavator,2456.2,85.0,6.26,203.2,398.13,66.84,76,2,high,day,0
EQ-CRUSHER-119,crusher,4324.5,87.27,8.14,177.56,540.47,105.0,38,2,medium,day,1
EQ-CRUSHER-110,crusher,2217.6,96.18,5.51,186.78,520.36,78.57,27,0,high,day,0
EQ-CONVEYOR-BELT-144,conveyor_belt,4730.8,57.9,3.9,66.32,179.44,85.91,61,3,high,night,0
EQ-BALL-MILL-107,ball_mill,3590.1,94.38,7.97,195.44,670.36,98.31,36,1,high,night,1
EQ-CONVEYOR-BELT-120,conveyor_belt,9392.5,65.28,4.77,42.79,152.83,69.33,8,0,high,day,0
EQ-CONVEYOR-BELT-086,conveyor_belt,2679.9,69.93,4.11,97.35,241.09,59.91,15,3,low,night,0
EQ-EXCAVATOR-063,excavator,3185.1,78.78,3.44,176.87,334.09,70.36,110,0,medium,night,0
EQ-CONVEYOR-BELT-138,conveyor_belt,1618.7,67.53,3.25,67.14,197.66,65.19,44,0,high,day,0
EQ-EXCAVATOR-057,excavator,3946.6,78.76,2.83,223.15,408.37,61.65,39,2,high,day,0
EQ-HAUL-TRUCK-094,haul_truck,3381.3,78.12,2.75,160.54,386.61,93.22,30,1,low,night,0
EQ-DRILL-RIG-044,drill_rig,4130.6,78.37,7.03,210.79,439.8,82.5,44,1,medium,day,0
EQ-CRUSHER-073,crusher,3847.6,109.13,8.09,168.88,502.45,93.65,48,1,high,night,1
EQ-CRUSHER-056,crusher,9473.4,81.32,9.12,166.08,530.89,87.56,11,2,low,night,0
EQ-HAUL-TRUCK-039,haul_truck,4933.1,73.8,4.47,145.74,418.65,63.59,27,2,medium,day,0
EQ-DRILL-RIG-124,drill_rig,5674.3,91.43,4.41,227.06,467.46,82.53,19,3,medium,day,0
EQ-HAUL-TRUCK-116,haul_truck,4189.3,79.19,6.17,118.76,322.98,65.32,11,0,medium,day,0
EQ-CRUSHER-106,crusher,4492.5,93.53,8.5,177.02,532.13,97.66,5,3,medium,day,1
EQ-DRILL-RIG-013,drill_rig,4116.7,78.46,6.89,249.73,345.89,82.59,117,0,low,day,0
EQ-CRUSHER-038,crusher,4151.7,92.04,7.87,179.98,402.92,66.22,151,1,high,night,1
EQ-BALL-MILL-033,ball_mill,3044.5,90.75,8.89,157.37,564.05,76.8,115,1,low,night,1
EQ-HAUL-TRUCK-107,haul_truck,5608.8,89.43,3.85,173.34,466.04,73.0,61,1,high,night,0
EQ-CONVEYOR-BELT-134,conveyor_belt,9751.4,49.01,0.81,84.84,209.94,75.92,41,0,low,day,0
EQ-BALL-MILL-057,ball_mill,4184.9,79.23,7.63,179.26,656.87,91.34,24,0,high,day,1
EQ-CRUSHER-050,crusher,2522.1,100.69,6.75,190.93,595.05,98.38,27,4,medium,night,0
EQ-CONVEYOR-BELT-084,conveyor_belt,6196.1,64.9,1.6,105.8,161.51,62.65,12,0,medium,day,0
EQ-CRUSHER-149,crusher,7883.3,88.04,10.27,189.82,594.43,100.62,32,1,low,day,1
EQ-DRILL-RIG-056,drill_rig,3129.6,75.4,7.1,205.34,314.63,71.22,8,1,medium,night,0
EQ-BALL-MILL-042,ball_mill,2250.6,82.13,5.68,159.65,636.01,90.3,38,0,medium,night,0
EQ-CONVEYOR-BELT-079,conveyor_belt,5340.0,63.44,3.66,50.21,295.88,64.69,13,2,low,night,0
EQ-BALL-MILL-138,ball_mill,4247.3,87.04,6.35,181.54,558.0,80.59,63,0,medium,day,0
EQ-CONVEYOR-BELT-110,conveyor_belt,5119.3,67.9,2.63,91.75,128.06,62.0,25,2,low,night,0
EQ-CONVEYOR-BELT-078,conveyor_belt,4038.8,72.91,2.58,89.25,248.92,80.29,75,1,high,day,0
EQ-EXCAVATOR-110,excavator,3646.6,84.63,2.74,225.68,340.98,69.33,75,0,medium,day,0
EQ-CONVEYOR-BELT-003,conveyor_belt,2606.1,56.6,0.2,167.28,232.6,71.67,51,1,low,day,0
EQ-BALL-MILL-113,ball_mill,4820.1,91.17,6.59,170.16,560.47,88.93,83,0,high,night,1
EQ-CONVEYOR-BELT-015,conveyor_belt,2084.2,60.42,2.59,77.49,211.74,63.92,37,1,low,day,0
EQ-EXCAVATOR-059,excavator,5598.3,90.26,2.64,149.13,426.3,85.52,72,1,high,night,0
EQ-CRUSHER-053,crusher,5432.0,89.62,9.27,157.92,496.72,73.28,44,3,medium,night,1
EQ-DRILL-RIG-104,drill_rig,4735.8,90.62,6.12,217.42,273.03,69.13,75,1,medium,night,0
EQ-BALL-MILL-037,ball_mill,6904.5,83.27,5.85,160.28,620.7,77.81,40,1,high,day,1
EQ-HAUL-TRUCK-036,haul_truck,3495.6,84.02,3.96,165.04,440.43,73.2,69,2,low,night,0
EQ-HAUL-TRUCK-133,haul_truck,3438.4,79.1,4.63,144.07,316.74,60.73,66,1,medium,day,0
EQ-CRUSHER-072,crusher,3319.2,78.28,9.67,203.85,584.38,92.62,40,2,low,day,1
EQ-HAUL-TRUCK-112,haul_truck,4339.4,80.55,3.9,171.96,463.39,78.73,18,1,medium,day,0
EQ-BALL-MILL-088,ball_mill,3789.6,67.6,4.68,193.92,622.68,87.14,70,1,low,night,0
EQ-CRUSHER-093,crusher,3265.9,83.01,8.29,154.79,541.83,73.48,40,2,low,night,1
EQ-CRUSHER-103,crusher,3395.2,86.99,6.21,190.42,458.74,80.27,73,2,low,night,0
EQ-EXCAVATOR-101,excavator,4639.8,90.88,4.09,209.15,278.62,62.44,24,3,medium,day,0
EQ-CRUSHER-137,crusher,6598.0,99.59,5.65,182.0,534.79,72.83,8,0,high,day,0
EQ-BALL-MILL-118,ball_mill,3010.6,90.98,9.33,166.91,530.02,63.12,6,1,high,day,1
EQ-CRUSHER-046,crusher,1238.1,102.36,9.44,221.99,568.27,89.88,18,0,medium,night,1
EQ-HAUL-TRUCK-026,haul_truck,5286.6,89.23,6.71,163.09,401.48,64.34,71,0,high,night,0
EQ-EXCAVATOR-127,excavator,2526.2,90.07,6.26,212.29,320.67,72.01,26,1,high,night,0
EQ-BALL-MILL-056,ball_mill,6589.5,86.22,5.88,209.6,619.95,76.13,50,2,medium,day,0
EQ-BALL-MILL-047,ball_mill,5691.7,77.92,4.62,157.99,552.49,82.88,48,2,low,day,0
EQ-HAUL-TRUCK-017,haul_truck,5917.6,79.73,6.05,143.02,507.97,82.36,5,2,medium,night,0
EQ-CONVEYOR-BELT-083,conveyor_belt,4128.7,55.7,3.25,43.1,161.94,71.04,52,1,low,day,0
EQ-HAUL-TRUCK-077,haul_truck,6436.2,83.46,5.05,128.63,440.7,83.42,51,1,high,day,1
EQ-CONVEYOR-BELT-125,conveyor_belt,4796.8,63.13,2.45,75.08,134.09,75.07,19,0,medium,day,0
EQ-HAUL-TRUCK-113,haul_truck,4622.8,76.17,8.13,150.56,369.96,90.15,44,2,medium,day,0
EQ-DRILL-RIG-109,drill_rig,4273.5,89.72,6.93,227.87,436.3,82.44,83,1,high,day,0
EQ-BALL-MILL-081,ball_mill,5027.1,80.38,4.9,184.28,552.84,65.16,36,4,low,night,1
EQ-HAUL-TRUCK-130,haul_truck,1912.6,93.8,4.89,191.5,422.7,83.05,62,3,high,night,1
EQ-CRUSHER-148,crusher,3247.4,93.64,6.91,174.91,516.19,80.44,32,1,high,night,0
EQ-HAUL-TRUCK-123,haul_truck,3250.6,74.57,5.8,174.9,440.81,85.15,114,0,medium,day,0
EQ-EXCAVATOR-053,excavator,3842.6,81.04,4.62,209.71,318.01,82.31,16,0,medium,night,0
EQ-HAUL-TRUCK-042,haul_truck,2462.6,79.66,3.39,168.48,373.16,61.76,40,2,low,day,0
EQ-EXCAVATOR-001,excavator,2941.6,71.82,5.02,219.83,374.51,78.38,10,0,medium,day,0
EQ-BALL-MILL-149,ball_mill,2164.4,87.13,5.64,149.04,516.58,69.56,47,1,high,day,1
EQ-HAUL-TRUCK-110,haul_truck,2925.3,85.56,4.75,169.46,446.34,68.95,6,2,low,day,0
EQ-DRILL-RIG-141,drill_rig,2657.8,84.26,6.99,223.41,394.24,91.59,33,2,medium,night,1
EQ-HAUL-TRUCK-119,haul_truck,2892.8,89.6,5.91,141.36,489.24,76.32,92,0,medium,night,1
EQ-CRUSHER-065,crusher,5745.7,87.7,5.68,186.0,440.98,83.72,62,2,medium,day,0
EQ-CRUSHER-022,crusher,3894.0,94.08,4.02,186.57,689.19,72.63,11,4,medium,night,0
EQ-BALL-MILL-008,ball_mill,3597.7,74.03,2.18,184.01,535.9,65.08,78,2,low,day,1
EQ-HAUL-TRUCK-119,haul_truck,6880.5,73.88,6.07,149.44,482.66,87.45,33,1,low,day,0
EQ-HAUL-TRUCK-046,haul_truck,4668.5,93.85,3.69,161.45,379.17,77.47,30,3,high,night,1
EQ-CONVEYOR-BELT-057,conveyor_belt,4836.7,60.12,2.83,51.72,166.38,52.18,28,1,low,night,0
EQ-CONVEYOR-BELT-126,conveyor_belt,4280.6,64.1,2.66,119.93,195.45,74.75,26,0,medium,night,0
EQ-CONVEYOR-BELT-073,conveyor_belt,5807.1,59.25,4.34,124.6,197.37,84.07,15,0,low,day,0
EQ-HAUL-TRUCK-143,haul_truck,6209.4,90.18,3.09,158.67,449.63,75.0,25,2,high,day,1
EQ-EXCAVATOR-082,excavator,4584.4,83.03,4.83,201.35,354.03,80.67,32,2,low,day,0
EQ-DRILL-RIG-125,drill_rig,5775.8,72.85,8.66,247.41,372.36,78.82,5,0,medium,day,0
EQ-CONVEYOR-BELT-019,conveyor_belt,5022.8,67.87,2.78,83.98,140.55,61.85,20,0,medium,day,0
EQ-CONVEYOR-BELT-060,conveyor_belt,4663.0,74.51,2.66,101.26,209.36,61.9,55,2,low,day,0
EQ-EXCAVATOR-028,excavator,3457.4,81.12,6.63,214.05,337.76,80.11,32,0,high,day,0
EQ-EXCAVATOR-009,excavator,2858.3,83.02,6.28,248.34,386.87,76.39,62,0,high,day,0
EQ-BALL-MILL-149,ball_mill,1934.8,105.41,8.2,206.61,621.67,88.46,9,2,medium,night,0
EQ-CONVEYOR-BELT-078,conveyor_belt,7723.1,61.74,3.19,93.95,196.3,82.11,8,4,medium,day,0
EQ-HAUL-TRUCK-054,haul_truck,5802.0,86.57,5.2,136.69,445.84,84.44,41,3,low,day,0
EQ-BALL-MILL-057,ball_mill,3297.2,90.0,7.55,186.31,483.87,67.81,18,1,medium,night,0
EQ-CONVEYOR-BELT-037,conveyor_belt,1764.4,67.87,2.02,85.75,86.48,49.32,20,2,low,night,0
EQ-EXCAVATOR-019,excavator,5037.4,78.16,5.54,173.48,393.78,61.74,25,0,medium,day,0
EQ-CRUSHER-138,crusher,3511.7,89.55,9.33,198.17,534.86,93.85,21,1,low,day,1
EQ-CONVEYOR-BELT-016,conveyor_belt,5937.9,60.08,5.0,61.41,373.09,94.86,27,2,medium,day,0
EQ-EXCAVATOR-058,excavator,2569.6,64.63,7.43,221.39,361.58,75.14,46,2,medium,night,0
EQ-CONVEYOR-BELT-023,conveyor_belt,3239.8,40.13,2.05,103.77,234.84,58.37,148,2,medium,day,0
EQ-CONVEYOR-BELT-140,conveyor_belt,3675.1,63.18,4.03,93.52,146.86,64.76,21,0,low,day,0
EQ-HAUL-TRUCK-031,haul_truck,5346.5,84.63,5.14,135.49,349.03,56.92,72,0,medium,night,0
EQ-BALL-MILL-060,ball_mill,2967.4,83.41,7.08,208.03,594.52,70.19,4,3,medium,night,0
EQ-EXCAVATOR-114,excavator,5065.9,84.26,4.81,202.73,365.93,67.29,30,1,medium,day,0
EQ-CRUSHER-086,crusher,1990.4,91.86,9.17,210.97,504.27,81.2,36,0,high,day,0
EQ-CONVEYOR-BELT-058,conveyor_belt,3910.7,65.25,1.8,143.87,257.25,59.57,20,2,medium,day,0
EQ-CONVEYOR-BELT-085,conveyor_belt,7262.1,74.63,5.2,88.34,76.24,56.93,28,0,low,day,0
EQ-CRUSHER-066,crusher,8617.9,89.84,10.79,190.86,555.91,85.12,33,0,medium,day,1
EQ-CONVEYOR-BELT-044,conveyor_belt,6371.4,69.46,6.6,99.87,122.52,73.92,15,1,medium,night,0
EQ-BALL-MILL-090,ball_mill,1740.5,104.74,5.15,147.77,604.46,76.49,43,0,high,night,1
EQ-DRILL-RIG-055,drill_rig,3741.3,65.59,6.42,263.52,445.13,80.73,40,0,low,night,0
EQ-DRILL-RIG-145,drill_rig,3965.9,101.49,7.45,207.73,461.95,66.8,31,2,high,night,0
EQ-EXCAVATOR-070,excavator,6014.7,74.78,6.28,198.89,383.25,83.38,29,1,medium,night,0
EQ-CRUSHER-114,crusher,4236.1,90.1,7.85,235.83,504.48,77.83,56,0,low,day,0
EQ-CONVEYOR-BELT-036,conveyor_belt,2490.1,62.99,3.86,94.09,164.77,75.45,51,0,medium,night,0
EQ-HAUL-TRUCK-097,haul_truck,6416.3,87.08,2.01,158.23,492.13,66.75,21,1,medium,day,0
EQ-DRILL-RIG-084,drill_rig,8130.8,78.91,3.95,223.58,348.46,63.79,73,0,medium,day,0
EQ-EXCAVATOR-112,excavator,5610.9,80.28,4.58,238.8,300.22,67.04,41,1,medium,day,0
EQ-EXCAVATOR-070,excavator,2906.9,82.58,3.91,211.57,366.38,85.28,28,0,medium,night,0
EQ-EXCAVATOR-108,excavator,8987.1,76.71,6.04,205.77,447.24,75.37,73,2,medium,night,0
EQ-EXCAVATOR-009,excavator,5834.4,84.39,5.41,212.97,358.65,79.58,8,0,medium,day,0
EQ-EXCAVATOR-104,excavator,5413.8,91.97,5.12,185.59,492.44,81.36,20,1,medium,day,0
EQ-CONVEYOR-BELT-114,conveyor_belt,7972.9,56.31,3.8,78.73,239.64,62.41,76,1,high,night,0
EQ-CONVEYOR-BELT-075,conveyor_belt,5905.5,65.81,2.79,93.66,110.99,54.22,42,1,medium,day,0
EQ-EXCAVATOR-006,excavator,3807.6,76.43,5.94,237.76,373.23,89.36,46,1,medium,day,0
EQ-HAUL-TRUCK-086,haul_truck,7523.4,87.66,8.03,149.15,445.28,79.96,32,0,low,night,0
EQ-DRILL-RIG-118,drill_rig,2614.5,94.91,5.95,251.54,463.55,82.56,18,0,low,night,0
EQ-HAUL-TRUCK-070,haul_truck,2845.3,101.33,5.41,153.9,393.26,78.38,31,1,medium,day,0
EQ-CRUSHER-015,crusher,3158.9,98.33,7.45,179.34,455.46,64.92,53,1,medium,day,0
EQ-CRUSHER-060,crusher,4297.3,89.65,4.64,211.42,580.01,73.64,32,1,high,night,0
EQ-CONVEYOR-BELT-150,conveyor_belt,4583.7,68.33,3.19,85.62,217.47,64.78,53,2,low,day,0
EQ-BALL-MILL-041,ball_mill,3691.9,90.29,8.29,184.39,663.69,90.99,44,1,medium,night,0
EQ-CONVEYOR-BELT-080,conveyor_belt,3778.3,81.55,2.15,62.6,139.83,75.15,19,0,low,night,0
EQ-BALL-MILL-054,ball_mill,4685.6,77.69,6.01,166.46,591.33,50.84,44,0,low,night,0
EQ-DRILL-RIG-107,drill_rig,2617.1,83.96,6.95,277.78,420.41,71.61,58,1,medium,day,0
EQ-HAUL-TRUCK-065,haul_truck,5208.1,71.93,2.22,155.7,440.47,83.19,15,4,medium,day,1
EQ-EXCAVATOR-058,excavator,1177.3,73.46,5.73,222.0,350.04,84.14,26,1,low,day,0
EQ-EXCAVATOR-087,excavator,4041.7,75.85,5.0,195.7,475.47,70.39,29,2,low,day,0
EQ-CRUSHER-086,crusher,3147.9,81.0,9.09,190.24,451.31,81.29,40,0,medium,day,1
EQ-CONVEYOR-BELT-075,conveyor_belt,8819.6,64.71,1.76,113.01,190.25,69.79,96,2,medium,day,0
EQ-EXCAVATOR-039,excavator,3562.3,81.91,2.71,199.43,461.55,82.3,18,2,medium,day,1
EQ-EXCAVATOR-017,excavator,4306.5,75.03,4.28,211.28,347.89,79.53,28,4,medium,night,0
EQ-CRUSHER-104,crusher,3643.7,91.35,7.35,188.09,486.11,81.98,19,2,medium,day,0
EQ-CONVEYOR-BELT-051,conveyor_belt,2393.4,67.34,3.87,77.26,197.85,72.8,8,1,low,day,0
EQ-CONVEYOR-BELT-092,conveyor_belt,2347.4,64.36,1.91,107.94,136.88,66.32,50,1,medium,day,0
EQ-BALL-MILL-057,ball_mill,2148.6,78.24,8.83,145.22,616.13,76.96,93,0,medium,night,1
EQ-HAUL-TRUCK-129,haul_truck,4014.5,86.86,5.61,190.8,454.78,80.92,53,1,medium,day,0
EQ-CRUSHER-107,crusher,3497.5,88.18,7.89,158.36,536.83,100.43,16,0,high,night,1
EQ-BALL-MILL-061,ball_mill,1726.5,99.73,4.22,168.66,654.38,93.93,16,2,high,day,1
EQ-CONVEYOR-BELT-050,conveyor_belt,8288.8,68.11,3.55,90.08,155.58,45.02,28,1,low,night,0
EQ-CONVEYOR-BELT-113,conveyor_belt,5414.9,65.67,4.04,97.87,93.7,52.25,21,0,low,night,0
EQ-CRUSHER-002,crusher,4345.6,103.01,6.82,197.92,594.38,100.91,18,0,high,day,0
EQ-HAUL-TRUCK-009,haul_truck,1399.1,90.58,2.79,150.02,537.79,82.37,61,0,medium,night,0
EQ-BALL-MILL-013,ball_mill,4834.5,86.42,5.53,197.94,500.53,72.16,64,0,medium,night,0
EQ-CONVEYOR-BELT-052,conveyor_belt,4235.1,54.8,5.12,93.45,139.07,81.71,25,2,medium,day,0
EQ-CONVEYOR-BELT-075,conveyor_belt,5907.7,64.27,2.0,121.07,156.03,72.58,63,0,medium,day,0
EQ-CRUSHER-044,crusher,2872.9,92.1,7.67,180.09,630.38,91.42,63,0,low,night,1
EQ-CRUSHER-029,crusher,3239.5,88.64,8.5,184.41,521.8,105.68,15,1,low,night,0
EQ-EXCAVATOR-047,excavator,4530.0,73.89,5.28,229.48,382.15,84.78,32,1,low,night,0
EQ-DRILL-RIG-075,drill_rig,3180.0,84.01,5.88,252.06,486.32,76.13,9,2,low,day,0
EQ-CRUSHER-045,crusher,4804.7,87.77,7.06,184.71,527.44,78.59,19,3,low,day,1
EQ-HAUL-TRUCK-087,haul_truck,2360.7,87.57,3.41,170.72,451.77,71.6,75,1,medium,night,0
EQ-CRUSHER-058,crusher,3871.3,94.4,5.8,196.98,459.02,91.46,91,4,medium,night,1
EQ-BALL-MILL-141,ball_mill,2894.6,76.87,5.54,168.69,631.69,85.3,44,0,low,day,1
EQ-EXCAVATOR-149,excavator,5776.4,75.59,5.64,190.21,253.97,76.14,63,3,low,day,0
EQ-CRUSHER-099,crusher,9200.2,98.89,8.88,210.79,498.74,87.81,22,0,high,night,1
EQ-CONVEYOR-BELT-084,conveyor_belt,8163.8,61.68,1.42,118.4,92.17,58.23,22,0,low,night,0
EQ-DRILL-RIG-005,drill_rig,1619.6,73.42,7.12,230.82,442.36,85.2,49,2,medium,night,1
EQ-CONVEYOR-BELT-094,conveyor_belt,4992.3,65.22,4.05,91.27,109.15,68.91,28,2,medium,day,0
EQ-DRILL-RIG-058,drill_rig,2872.7,92.9,7.09,249.4,377.2,81.58,5,1,low,day,0
EQ-HAUL-TRUCK-044,haul_truck,2330.1,89.08,5.88,136.72,431.75,92.68,27,1,low,day,0
EQ-BALL-MILL-120,ball_mill,4930.6,79.4,5.34,183.58,672.31,87.78,70,2,low,day,0
EQ-BALL-MILL-007,ball_mill,2330.8,82.99,7.42,151.32,621.15,64.86,32,1,high,day,1
EQ-CRUSHER-040,crusher,6580.3,107.48,8.4,180.87,539.49,88.67,65,0,medium,day,1
EQ-CONVEYOR-BELT-117,conveyor_belt,4977.0,70.02,4.49,110.35,314.85,89.65,7,0,medium,day,0
EQ-HAUL-TRUCK-139,haul_truck,5974.0,93.71,2.99,190.46,448.76,66.37,34,3,high,day,0
EQ-CRUSHER-078,crusher,4534.3,84.15,7.07,177.79,530.62,73.71,25,0,medium,night,0
EQ-HAUL-TRUCK-080,haul_truck,2194.8,86.51,3.58,198.66,439.27,75.37,11,1,medium,day,0
EQ-HAUL-TRUCK-146,haul_truck,3436.1,83.3,6.16,151.4,351.77,78.35,32,2,medium,day,0
EQ-BALL-MILL-014,ball_mill,7101.3,95.77,8.61,189.47,606.91,78.4,27,3,medium,night,1
EQ-EXCAVATOR-073,excavator,3807.8,73.11,5.92,191.97,442.29,91.59,83,1,medium,day,0
EQ-CONVEYOR-BELT-037,conveyor_belt,3685.2,74.13,3.95,92.21,155.22,63.45,72,1,high,night,0
EQ-EXCAVATOR-072,excavator,7452.1,73.08,3.92,222.3,343.6,77.17,29,0,low,night,0
EQ-EXCAVATOR-136,excavator,4467.3,81.16,4.55,197.67,328.69,58.06,30,1,low,night,0
EQ-CRUSHER-090,crusher,6761.5,96.88,9.65,190.43,414.82,84.86,20,1,medium,day,0
EQ-EXCAVATOR-149,excavator,3836.1,72.4,0.9,202.32,307.04,76.23,13,2,low,night,0
EQ-CONVEYOR-BELT-076,conveyor_belt,2579.6,65.7,4.23,97.22,171.54,70.08,38,2,high,night,0
EQ-BALL-MILL-130,ball_mill,1268.4,88.21,7.94,171.01,635.58,75.01,6,2,medium,night,0
EQ-CRUSHER-026,crusher,3796.2,103.83,7.23,161.88,456.26,79.37,24,1,low,day,0
EQ-BALL-MILL-049,ball_mill,4239.8,87.35,7.06,168.71,701.53,83.78,13,0,medium,night,1
EQ-CONVEYOR-BELT-042,conveyor_belt,6469.4,69.75,2.02,133.43,179.77,76.9,45,1,high,night,0
EQ-CONVEYOR-BELT-116,conveyor_belt,597.1,59.1,3.01,85.57,138.27,62.99,58,3,medium,day,0
EQ-EXCAVATOR-077,excavator,5183.8,79.93,5.62,217.11,416.49,65.98,31,0,medium,day,0
EQ-HAUL-TRUCK-034,haul_truck,4072.9,71.09,4.93,132.43,377.64,85.01,27,1,medium,night,0
EQ-DRILL-RIG-026,drill_rig,3734.0,78.71,6.81,226.22,354.32,69.82,61,1,low,day,0
EQ-CONVEYOR-BELT-058,conveyor_belt,9000.6,57.01,3.32,112.58,100.56,98.23,20,0,medium,night,0
EQ-CRUSHER-024,crusher,4994.2,94.27,7.72,166.09,543.73,71.99,60,1,medium,night,0
EQ-DRILL-RIG-105,drill_rig,7585.1,84.53,5.14,253.8,502.53,84.16,42,0,high,day,0
EQ-EXCAVATOR-128,excavator,2834.4,74.03,6.5,175.29,321.5,70.71,32,0,high,day,1
EQ-DRILL-RIG-146,drill_rig,3357.8,91.3,7.06,228.04,532.65,86.88,81,2,high,night,1
EQ-EXCAVATOR-036,excavator,6496.7,77.01,7.07,228.59,389.21,74.11,60,2,low,day,0
EQ-BALL-MILL-066,ball_mill,2637.0,99.23,7.48,176.07,579.13,87.81,11,0,high,night,0
EQ-EXCAVATOR-076,excavator,2706.7,72.42,3.8,195.31,374.85,80.64,25,2,medium,day,0
EQ-HAUL-TRUCK-075,haul_truck,2471.9,99.21,4.14,121.98,371.6,67.75,14,2,medium,day,0
EQ-CONVEYOR-BELT-068,conveyor_belt,3144.3,62.68,4.21,101.13,229.99,68.37,27,3,high,day,0
EQ-HAUL-TRUCK-034,haul_truck,4552.1,70.88,4.7,164.04,380.21,77.08,67,0,high,day,0
EQ-BALL-MILL-017,ball_mill,5159.6,86.26,7.84,219.28,657.89,85.22,54,0,high,night,1
EQ-CONVEYOR-BELT-061,conveyor_belt,4365.9,60.41,4.15,88.61,321.89,82.88,12,0,low,day,0
EQ-EXCAVATOR-014,excavator,3492.0,75.34,3.71,252.7,443.97,70.96,21,1,low,day,0
EQ-HAUL-TRUCK-010,haul_truck,4145.0,93.17,7.55,153.4,400.74,89.46,25,2,high,night,0
EQ-BALL-MILL-079,ball_mill,7619.3,91.88,5.86,201.37,650.59,88.46,42,1,high,night,1
EQ-CONVEYOR-BELT-129,conveyor_belt,4090.4,66.85,4.06,95.27,170.85,78.53,45,0,medium,day,0
EQ-BALL-MILL-082,ball_mill,3371.6,97.7,7.11,148.98,524.38,72.58,7,1,medium,night,0
EQ-HAUL-TRUCK-004,haul_truck,1150.2,86.77,6.14,190.87,461.49,77.95,70,0,medium,day,0
EQ-BALL-MILL-127,ball_mill,3919.9,84.87,6.75,177.44,608.62,78.81,26,1,low,night,1
EQ-CRUSHER-103,crusher,6364.1,92.09,4.65,196.51,589.75,89.62,64,2,medium,night,1
EQ-CONVEYOR-BELT-046,conveyor_belt,1702.7,88.46,3.69,95.35,205.56,78.8,11,0,high,night,0
EQ-EXCAVATOR-041,excavator,2157.6,89.19,7.02,250.87,450.62,91.72,9,0,medium,night,0
EQ-HAUL-TRUCK-135,haul_truck,3193.7,76.6,3.05,166.51,492.48,79.81,43,1,medium,night,0
EQ-BALL-MILL-072,ball_mill,2978.4,81.06,4.72,162.14,642.07,89.64,23,1,medium,day,0
EQ-BALL-MILL-022,ball_mill,4264.5,78.81,10.19,170.93,568.32,87.31,28,1,medium,night,1
EQ-EXCAVATOR-043,excavator,8574.4,74.11,6.98,240.93,377.93,76.02,27,2,medium,night,0
EQ-BALL-MILL-040,ball_mill,2402.9,85.49,7.21,160.23,496.43,63.56,41,1,medium,day,0
EQ-HAUL-TRUCK-061,haul_truck,2947.7,104.73,6.98,145.04,356.66,73.79,39,0,high,night,0
EQ-HAUL-TRUCK-052,haul_truck,3769.2,92.23,4.36,180.05,428.85,78.02,49,1,medium,night,0
EQ-HAUL-TRUCK-083,haul_truck,2837.3,91.06,4.83,114.02,502.06,77.68,77,1,high,night,1
EQ-CRUSHER-049,crusher,4253.8,85.55,6.17,172.51,463.29,65.06,111,3,low,day,0
EQ-HAUL-TRUCK-097,haul_truck,5082.2,79.85,3.68,159.41,494.56,82.52,65,2,high,night,1
EQ-CRUSHER-074,crusher,2986.5,89.53,8.47,202.49,537.12,97.67,56,1,medium,day,0
EQ-HAUL-TRUCK-142,haul_truck,5930.9,96.74,4.06,161.81,390.77,64.44,33,1,medium,night,0
EQ-CONVEYOR-BELT-125,conveyor_belt,3412.4,64.89,3.46,95.72,211.63,77.47,3,1,low,day,0
EQ-DRILL-RIG-050,drill_rig,2824.6,74.89,5.54,221.88,386.3,91.87,22,0,medium,night,0
EQ-CONVEYOR-BELT-007,conveyor_belt,1909.7,56.28,2.4,98.41,119.47,52.68,44,0,medium,day,0
EQ-HAUL-TRUCK-088,haul_truck,5317.9,100.22,5.2,170.9,407.03,76.49,7,1,high,night,1
EQ-DRILL-RIG-051,drill_rig,4609.6,95.36,5.65,239.94,296.58,73.15,48,2,high,day,0
EQ-EXCAVATOR-136,excavator,2336.2,71.11,4.83,193.08,353.39,72.56,9,1,low,night,0
EQ-DRILL-RIG-061,drill_rig,2664.0,74.55,8.62,219.04,421.51,74.31,20,1,medium,night,0
EQ-CONVEYOR-BELT-044,conveyor_belt,4434.9,65.33,3.16,93.69,116.84,54.93,26,1,medium,day,0
EQ-EXCAVATOR-051,excavator,5164.5,84.32,5.7,186.89,333.17,86.1,16,0,high,night,1
EQ-HAUL-TRUCK-130,haul_truck,4683.5,90.11,5.08,148.14,523.45,79.54,21,0,high,night,0
EQ-DRILL-RIG-017,drill_rig,5305.3,81.01,7.29,256.26,314.5,65.88,46,2,low,day,0
EQ-BALL-MILL-144,ball_mill,9793.8,95.6,5.64,175.45,632.51,85.06,51,0,low,day,0
EQ-CONVEYOR-BELT-036,conveyor_belt,5978.8,60.66,4.25,97.63,236.88,87.24,52,0,low,day,0
EQ-BALL-MILL-128,ball_mill,5381.1,78.22,6.09,203.47,562.2,66.97,51,2,medium,day,1
EQ-BALL-MILL-082,ball_mill,3121.0,85.45,7.49,140.98,533.69,68.53,63,2,low,day,1
EQ-HAUL-TRUCK-086,haul_truck,2220.2,96.89,7.53,156.7,530.83,86.8,61,0,low,night,0
EQ-CONVEYOR-BELT-031,conveyor_belt,7108.1,75.75,4.37,111.96,84.66,59.47,69,3,high,day,0
EQ-EXCAVATOR-109,excavator,3195.6,77.29,6.16,204.77,284.6,78.32,45,1,medium,night,0
EQ-CRUSHER-098,crusher,4887.3,92.84,7.27,182.74,501.56,84.68,65,2,high,day,0
EQ-HAUL-TRUCK-073,haul_truck,1862.8,90.5,3.49,148.59,534.84,85.36,89,1,high,night,1
EQ-BALL-MILL-069,ball_mill,1515.4,74.33,7.58,162.69,528.52,93.28,14,3,medium,night,0
EQ-CONVEYOR-BELT-090,conveyor_belt,5954.0,59.29,5.23,112.8,271.07,90.4,52,2,low,night,0
EQ-EXCAVATOR-071,excavator,2794.3,99.85,3.2,228.58,263.79,59.42,11,0,medium,night,0
EQ-EXCAVATOR-147,excavator,4868.2,67.2,5.88,228.01,361.42,62.96,41,2,medium,day,0
EQ-CRUSHER-007,crusher,2809.5,99.85,8.25,177.33,583.34,71.44,19,0,medium,night,1
EQ-CONVEYOR-BELT-038,conveyor_belt,5112.1,71.0,3.71,104.0,121.79,54.77,65,4,high,night,0
EQ-BALL-MILL-128,ball_mill,3875.9,96.93,6.93,165.24,616.01,90.66,49,1,high,night,1
EQ-EXCAVATOR-119,excavator,3562.1,78.01,7.02,206.18,454.56,94.11,54,2,medium,day,1
EQ-CRUSHER-053,crusher,4660.6,98.47,4.56,210.08,569.96,80.42,26,2,low,night,0
EQ-CONVEYOR-BELT-076,conveyor_belt,4999.1,71.67,4.84,128.16,49.4,65.81,83,1,medium,day,0
EQ-CRUSHER-005,crusher,2923.9,88.04,8.53,170.49,624.34,83.67,30,2,medium,night,1
EQ-CRUSHER-027,crusher,4886.1,100.71,7.64,185.03,634.42,95.81,18,1,medium,night,1
EQ-HAUL-TRUCK-142,haul_truck,5061.9,90.23,5.02,171.16,457.2,93.35,25,1,high,day,0
EQ-HAUL-TRUCK-097,haul_truck,5902.6,84.04,2.02,176.39,425.16,78.25,17,0,medium,day,0
EQ-CRUSHER-006,crusher,6767.8,89.42,9.85,171.07,565.02,98.9,23,1,low,day,1
EQ-BALL-MILL-119,ball_mill,3948.1,85.01,8.96,153.28,548.79,74.17,29,0,high,day,0
EQ-EXCAVATOR-061,excavator,2820.9,96.09,4.98,156.39,433.25,75.1,76,0,medium,day,0
EQ-EXCAVATOR-086,excavator,2502.3,78.1,7.71,213.27,367.29,74.56,10,1,low,day,1
EQ-CONVEYOR-BELT-129,conveyor_belt,3025.6,63.55,4.17,83.23,124.59,71.99,22,1,medium,day,0
EQ-BALL-MILL-126,ball_mill,3143.3,94.87,6.58,159.74,524.04,83.19,52,1,medium,night,0
EQ-CRUSHER-021,crusher,3376.0,93.28,7.45,184.69,521.77,81.96,36,1,medium,night,0
EQ-HAUL-TRUCK-055,haul_truck,3894.4,89.72,3.89,141.43,345.81,63.67,53,1,medium,day,0
EQ-CONVEYOR-BELT-041,conveyor_belt,4308.0,59.59,0.98,65.98,153.48,66.03,94,2,medium,day,0
EQ-CRUSHER-138,crusher,4425.0,98.22,8.48,199.09,545.05,83.11,33,1,medium,night,0
EQ-CONVEYOR-BELT-118,conveyor_belt,5539.8,68.29,4.51,92.19,246.02,78.58,17,0,low,day,0
EQ-EXCAVATOR-098,excavator,7087.4,78.05,5.09,175.9,402.39,89.0,32,0,low,day,0
EQ-HAUL-TRUCK-009,haul_truck,4442.5,88.34,6.39,175.93,449.33,77.18,25,2,medium,day,0
EQ-EXCAVATOR-121,excavator,3146.7,66.71,2.92,215.99,344.01,74.99,25,2,low,night,1
EQ-CONVEYOR-BELT-085,conveyor_belt,5488.6,65.37,2.16,75.41,300.31,91.7,17,0,high,day,0
EQ-CRUSHER-041,crusher,5334.8,88.17,8.85,188.36,579.34,104.78,69,2,low,night,1
EQ-HAUL-TRUCK-067,haul_truck,2997.6,80.65,6.74,133.6,375.82,60.18,10,2,medium,day,1
EQ-CRUSHER-067,crusher,5375.0,94.1,8.67,184.13,537.45,66.45,60,1,high,day,0
EQ-DRILL-RIG-045,drill_rig,971.1,82.14,6.47,258.61,352.03,85.0,52,1,medium,day,0
EQ-HAUL-TRUCK-137,haul_truck,2493.3,77.83,6.85,154.48,399.37,60.1,7,1,medium,night,0
EQ-CONVEYOR-BELT-138,conveyor_belt,2233.6,74.9,5.06,118.78,207.58,61.94,42,0,low,night,0
EQ-CONVEYOR-BELT-008,conveyor_belt,685.8,64.62,0.2,30.95,181.27,59.33,12,0,medium,night,0
EQ-EXCAVATOR-141,excavator,2566.9,80.03,5.09,209.62,341.13,71.21,32,1,high,night,0
EQ-BALL-MILL-061,ball_mill,5541.8,94.88,8.2,144.42,626.39,86.92,31,1,high,day,1
EQ-BALL-MILL-120,ball_mill,3535.1,82.81,8.29,190.26,591.23,72.37,20,1,medium,day,1
EQ-EXCAVATOR-118,excavator,5846.5,83.07,3.39,187.46,407.34,75.26,30,6,high,night,1
EQ-HAUL-TRUCK-090,haul_truck,7373.6,85.88,4.29,179.63,295.18,71.0,78,1,high,day,0
EQ-EXCAVATOR-112,excavator,7201.6,64.82,5.86,249.18,322.76,71.26,10,1,medium,night,0
EQ-HAUL-TRUCK-103,haul_truck,2954.3,93.85,4.56,149.72,419.54,80.57,28,2,high,night,0
EQ-CRUSHER-128,crusher,3605.4,90.59,7.82,182.1,530.74,67.96,10,1,low,day,1
EQ-BALL-MILL-064,ball_mill,3947.2,86.23,7.84,138.18,482.89,56.98,112,1,high,day,1
EQ-DRILL-RIG-111,drill_rig,7856.5,95.69,6.32,236.9,378.17,86.05,21,2,high,night,0
EQ-EXCAVATOR-147,excavator,2927.0,84.49,6.78,211.86,379.89,74.09,19,2,medium,day,0
EQ-CRUSHER-143,crusher,6276.7,100.45,7.96,190.87,633.84,99.86,123,0,medium,day,1
EQ-HAUL-TRUCK-023,haul_truck,4869.4,86.0,3.38,149.36,484.67,66.2,47,1,high,day,1
EQ-CRUSHER-075,crusher,1148.9,74.97,7.34,194.85,491.29,81.61,63,1,low,day,1
EQ-HAUL-TRUCK-077,haul_truck,3476.5,77.67,4.94,164.25,476.1,92.63,5,1,medium,day,1
EQ-BALL-MILL-094,ball_mill,2419.9,91.17,6.62,218.39,541.0,85.08,59,3,medium,night,1
EQ-DRILL-RIG-098,drill_rig,3420.4,70.02,7.43,243.43,373.85,77.46,22,2,medium,day,0
EQ-HAUL-TRUCK-128,haul_truck,1181.3,81.67,6.64,92.97,290.65,80.43,52,1,low,day,0
EQ-CONVEYOR-BELT-080,conveyor_belt,8082.5,64.66,0.4,78.58,234.4,74.6,55,1,medium,night,0
EQ-CONVEYOR-BELT-106,conveyor_belt,3268.0,71.22,5.67,49.82,156.49,75.29,7,1,high,day,0
EQ-DRILL-RIG-135,drill_rig,3436.6,76.63,8.2,236.99,349.52,93.71,11,2,high,day,0
EQ-CRUSHER-016,crusher,7720.1,95.96,9.28,194.51,576.99,91.44,14,0,high,night,0
EQ-HAUL-TRUCK-097,haul_truck,2046.3,75.95,6.36,144.48,502.94,91.64,56,1,medium,day,0
EQ-CONVEYOR-BELT-056,conveyor_belt,4956.7,67.08,5.66,94.21,189.06,59.15,11,3,medium,night,0
EQ-HAUL-TRUCK-136,haul_truck,2781.5,81.78,4.58,151.41,545.97,97.13,8,3,medium,night,1
EQ-CONVEYOR-BELT-083,conveyor_belt,1536.6,57.46,5.18,64.93,282.44,88.85,15,0,medium,night,0
EQ-HAUL-TRUCK-091,haul_truck,5241.3,74.42,4.69,155.07,375.78,88.85,6,2,high,day,1
EQ-CONVEYOR-BELT-114,conveyor_belt,6859.6,57.62,5.02,91.15,115.28,61.18,32,2,low,day,0
EQ-DRILL-RIG-037,drill_rig,3838.8,87.69,6.91,201.4,454.22,80.34,20,2,high,night,1
EQ-HAUL-TRUCK-082,haul_truck,5606.5,87.99,4.45,164.62,438.35,72.71,16,2,high,day,0
EQ-CRUSHER-116,crusher,2921.3,84.71,7.51,188.82,546.99,99.67,74,3,medium,night,1
EQ-CONVEYOR-BELT-117,conveyor_belt,5034.7,64.33,1.57,124.12,154.76,78.02,32,2,high,night,0
EQ-HAUL-TRUCK-035,haul_truck,4009.4,94.13,3.97,159.08,395.95,66.44,37,2,high,night,0
EQ-CONVEYOR-BELT-126,conveyor_belt,3081.1,52.62,4.68,87.82,154.87,70.46,30,1,low,day,0
EQ-CONVEYOR-BELT-025,conveyor_belt,2366.2,58.05,2.19,113.24,122.76,81.56,44,1,low,night,0
EQ-EXCAVATOR-040,excavator,6800.7,72.27,3.69,225.56,380.15,76.24,68,1,medium,night,0
EQ-DRILL-RIG-129,drill_rig,4079.4,69.87,7.68,248.5,372.06,67.79,33,1,high,day,0
EQ-CRUSHER-093,crusher,3323.3,98.32,6.48,172.15,549.21,62.99,51,2,low,night,1
EQ-CONVEYOR-BELT-082,conveyor_belt,3526.2,65.67,4.58,113.83,226.02,59.09,33,2,medium,day,0
EQ-HAUL-TRUCK-084,haul_truck,5105.6,85.85,5.08,186.86,441.61,67.58,22,0,medium,night,0
EQ-HAUL-TRUCK-146,haul_truck,5523.6,86.91,6.01,198.47,478.4,79.51,43,1,medium,day,0
EQ-HAUL-TRUCK-035,haul_truck,4021.0,83.22,8.08,157.67,417.35,73.14,84,1,low,day,0
EQ-BALL-MILL-045,ball_mill,4909.7,82.62,5.48,165.29,567.47,98.14,60,2,low,night,0
EQ-BALL-MILL-074,ball_mill,3415.5,89.5,3.77,150.12,595.28,74.76,11,1,high,day,1
EQ-DRILL-RIG-127,drill_rig,3620.5,65.02,6.21,192.28,431.52,77.88,44,1,low,day,0
EQ-HAUL-TRUCK-083,haul_truck,5279.3,87.44,4.76,145.5,416.66,66.59,16,0,medium,day,0
EQ-CRUSHER-109,crusher,3358.9,83.67,8.97,182.0,458.68,98.28,39,2,medium,night,0
EQ-DRILL-RIG-123,drill_rig,2274.8,77.49,6.97,256.55,361.42,74.14,9,0,high,day,0
EQ-CONVEYOR-BELT-134,conveyor_belt,5153.0,73.1,2.71,109.8,165.86,76.81,37,3,high,night,0
EQ-HAUL-TRUCK-070,haul_truck,4740.0,92.78,6.03,187.46,549.59,84.51,18,0,high,night,0
EQ-BALL-MILL-069,ball_mill,5944.4,103.67,7.03,146.77,629.57,81.33,34,0,medium,day,1
EQ-HAUL-TRUCK-013,haul_truck,5118.6,86.43,3.63,154.28,671.04,83.6,25,1,low,day,1
EQ-HAUL-TRUCK-013,haul_truck,4680.3,92.14,4.91,145.97,459.64,67.85,28,0,medium,day,0
EQ-BALL-MILL-074,ball_mill,2114.0,80.93,7.55,183.09,493.25,93.45,86,2,medium,night,1
EQ-CRUSHER-113,crusher,3970.1,97.48,9.39,175.28,593.06,92.26,39,2,low,night,1
EQ-EXCAVATOR-126,excavator,3154.3,86.21,6.47,233.32,378.5,79.76,29,0,low,night,0
EQ-CONVEYOR-BELT-062,conveyor_belt,5100.4,64.65,2.67,52.36,43.96,48.0,74,2,medium,night,0
EQ-BALL-MILL-086,ball_mill,8073.2,104.54,6.24,163.26,596.63,97.37,61,0,medium,night,1
EQ-HAUL-TRUCK-122,haul_truck,5474.8,74.26,4.62,177.79,440.53,71.85,19,1,medium,night,1
EQ-DRILL-RIG-048,drill_rig,2041.7,83.38,5.52,225.54,422.12,81.95,82,3,high,day,1
EQ-EXCAVATOR-024,excavator,4559.6,66.17,6.11,193.24,361.03,72.61,10,4,medium,night,1
EQ-HAUL-TRUCK-139,haul_truck,3163.5,87.5,5.58,160.37,372.58,61.78,18,1,low,day,0
EQ-CRUSHER-082,crusher,5341.3,86.35,9.55,193.37,448.99,67.75,41,3,medium,day,0
EQ-CRUSHER-024,crusher,5736.9,104.29,9.88,179.23,523.95,78.24,43,1,medium,day,1
EQ-HAUL-TRUCK-038,haul_truck,3916.3,85.47,5.65,178.68,436.19,78.91,79,0,high,day,0
EQ-CRUSHER-050,crusher,3375.8,83.42,7.93,179.83,548.93,84.43,30,1,medium,day,1
EQ-CONVEYOR-BELT-031,conveyor_belt,4674.9,71.58,4.6,121.55,48.05,68.67,82,0,medium,night,0
EQ-CONVEYOR-BELT-066,conveyor_belt,2992.4,59.7,3.02,83.66,250.34,63.03,130,0,medium,night,0
EQ-CONVEYOR-BELT-122,conveyor_belt,5812.3,78.45,3.99,103.38,247.35,74.76,22,3,medium,night,0
EQ-DRILL-RIG-111,drill_rig,5136.1,70.14,6.79,208.05,455.96,104.6,33,2,medium,day,1
EQ-CRUSHER-138,crusher,3311.8,89.44,8.7,216.7,512.49,91.18,18,1,low,day,0
EQ-CRUSHER-126,crusher,2432.0,94.97,10.42,182.99,488.96,72.61,19,2,medium,night,1
EQ-CRUSHER-047,crusher,4457.4,88.39,9.26,145.24,571.83,92.55,36,1,low,night,1
EQ-CONVEYOR-BELT-009,conveyor_belt,6291.7,77.57,2.61,94.02,178.24,90.52,24,1,high,night,0
EQ-HAUL-TRUCK-023,haul_truck,5631.9,78.67,5.82,144.4,431.55,72.97,19,1,low,day,0
EQ-EXCAVATOR-119,excavator,2256.5,80.23,4.25,215.8,430.52,74.53,23,0,low,day,0
EQ-HAUL-TRUCK-052,haul_truck,4903.1,71.96,4.94,153.8,469.31,88.77,21,0,medium,night,0
EQ-CRUSHER-109,crusher,5136.1,80.67,9.95,221.53,528.25,84.98,39,1,medium,day,0
EQ-BALL-MILL-069,ball_mill,3642.1,97.31,7.24,215.35,590.73,86.23,13,0,medium,night,1
EQ-CONVEYOR-BELT-135,conveyor_belt,4087.4,72.09,2.03,72.64,199.13,61.17,56,1,high,day,0
EQ-CRUSHER-077,crusher,5501.2,92.66,8.86,184.97,537.33,74.73,60,2,medium,day,0
EQ-CONVEYOR-BELT-136,conveyor_belt,4285.3,70.98,2.88,69.49,122.5,73.03,3,3,high,night,0
EQ-CONVEYOR-BELT-038,conveyor_belt,1395.1,52.11,1.6,140.54,165.04,64.65,57,1,medium,day,0
EQ-CRUSHER-117,crusher,2732.2,77.69,6.48,178.11,580.7,78.11,23,1,medium,day,0
EQ-CRUSHER-079,crusher,3284.9,93.82,7.44,178.03,539.63,89.38,24,0,medium,night,1
EQ-CONVEYOR-BELT-029,conveyor_belt,2768.6,74.26,4.43,66.91,171.07,85.51,41,2,medium,day,0
EQ-HAUL-TRUCK-036,haul_truck,5793.9,70.9,4.46,178.57,318.44,77.78,23,0,low,day,0
EQ-CRUSHER-048,crusher,4820.2,90.85,5.3,177.64,577.9,77.22,37,0,low,night,0
EQ-CRUSHER-024,crusher,2107.4,89.28,7.28,212.05,476.63,80.27,37,1,high,day,0
EQ-DRILL-RIG-141,drill_rig,4773.9,88.22,4.16,231.02,465.75,92.81,33,1,high,night,0
EQ-BALL-MILL-032,ball_mill,5992.6,83.8,8.29,161.43,764.76,76.52,54,2,low,day,1
EQ-DRILL-RIG-090,drill_rig,3653.7,84.46,5.55,250.62,367.3,88.93,37,2,low,day,0
EQ-CRUSHER-086,crusher,4635.1,70.71,6.79,172.53,646.64,80.03,12,2,low,day,0
EQ-HAUL-TRUCK-081,haul_truck,4202.4,81.98,3.11,111.37,387.78,69.52,49,0,medium,night,0
EQ-CONVEYOR-BELT-095,conveyor_belt,2363.2,56.82,3.74,90.69,125.23,74.34,9,1,low,day,0
EQ-DRILL-RIG-138,drill_rig,4781.8,74.22,5.2,255.63,420.25,61.32,92,1,high,night,0
EQ-BALL-MILL-146,ball_mill,3127.7,81.26,5.55,192.62,589.27,83.38,17,1,low,day,1
EQ-DRILL-RIG-132,drill_rig,7290.9,86.7,6.37,254.55,432.19,91.61,17,2,medium,day,0
EQ-HAUL-TRUCK-069,haul_truck,2290.6,82.68,5.24,149.71,425.34,78.07,85,3,high,night,0
EQ-CONVEYOR-BELT-110,conveyor_belt,3995.1,61.01,1.25,131.34,220.65,65.76,30,2,low,day,0
EQ-BALL-MILL-028,ball_mill,6144.3,88.29,5.9,164.45,546.36,78.1,27,1,high,night,0
EQ-CONVEYOR-BELT-133,conveyor_belt,3309.8,65.07,5.4,78.53,219.08,78.79,25,0,high,night,0
EQ-CONVEYOR-BELT-030,conveyor_belt,4741.3,64.23,5.07,122.82,136.33,58.32,30,2,medium,night,0
EQ-CRUSHER-018,crusher,13404.6,75.07,6.41,172.49,430.56,65.96,80,2,medium,day,1
EQ-CONVEYOR-BELT-125,conveyor_belt,5947.5,65.42,3.19,103.05,225.28,72.93,23,1,medium,night,0
EQ-EXCAVATOR-114,excavator,4851.8,84.53,5.04,178.38,400.61,75.47,81,0,medium,day,0
EQ-HAUL-TRUCK-021,haul_truck,5613.8,95.47,4.74,182.25,412.08,74.6,39,0,high,night,0
EQ-DRILL-RIG-145,drill_rig,4964.9,85.39,5.81,213.54,380.02,84.51,70,1,medium,day,1
EQ-BALL-MILL-017,ball_mill,2676.3,106.82,4.64,152.22,641.19,77.86,24,0,high,day,0
EQ-DRILL-RIG-008,drill_rig,4677.0,84.09,3.8,208.66,446.27,91.9,65,0,medium,night,0
EQ-EXCAVATOR-144,excavator,9518.0,70.23,5.96,207.49,444.27,101.23,16,1,medium,day,0
EQ-HAUL-TRUCK-034,haul_truck,6723.7,90.66,6.7,154.49,441.02,69.45,39,2,medium,night,0
EQ-EXCAVATOR-036,excavator,3531.9,86.77,5.58,194.14,419.13,79.95,15,3,high,day,1
EQ-DRILL-RIG-120,drill_rig,3724.4,91.25,7.48,223.48,425.42,57.54,21,0,medium,day,0
EQ-CONVEYOR-BELT-092,conveyor_belt,9817.3,80.88,2.44,121.87,182.68,67.79,14,7,medium,night,0
EQ-BALL-MILL-079,ball_mill,3992.9,84.9,6.45,186.87,532.14,88.3,68,0,high,day,1
EQ-EXCAVATOR-149,excavator,3338.9,78.2,4.24,207.92,286.35,46.45,38,1,medium,night,0
EQ-CONVEYOR-BELT-013,conveyor_belt,2714.7,65.76,5.1,129.55,153.71,77.7,56,1,high,day,0
EQ-DRILL-RIG-139,drill_rig,4349.3,84.76,6.18,227.6,427.51,68.36,57,3,low,day,0
EQ-EXCAVATOR-041,excavator,3242.6,73.2,4.32,206.73,426.03,73.1,14,1,high,day,0
EQ-BALL-MILL-094,ball_mill,4268.4,80.45,7.93,201.94,513.56,86.33,45,1,medium,day,1
EQ-CONVEYOR-BELT-049,conveyor_belt,4792.6,60.94,1.58,90.49,83.24,48.73,101,1,low,day,0
EQ-HAUL-TRUCK-044,haul_truck,7097.5,94.02,4.68,183.58,533.44,76.15,30,2,low,night,0
EQ-HAUL-TRUCK-049,haul_truck,3691.5,82.93,3.92,143.74,439.99,63.17,41,3,medium,day,0
EQ-BALL-MILL-084,ball_mill,1370.0,85.87,6.45,145.36,634.58,86.59,71,6,medium,night,1
EQ-CONVEYOR-BELT-132,conveyor_belt,3605.0,69.58,5.3,40.96,206.75,61.54,27,2,medium,night,0
EQ-DRILL-RIG-017,drill_rig,3627.4,83.77,7.19,229.48,468.14,83.79,60,1,medium,night,0
EQ-DRILL-RIG-100,drill_rig,3493.1,81.02,6.73,199.28,369.29,58.66,49,1,medium,day,0
EQ-CRUSHER-130,crusher,3915.1,86.69,7.24,181.24,485.87,78.14,36,1,high,day,1
EQ-DRILL-RIG-111,drill_rig,1627.9,83.51,5.32,230.21,390.32,93.01,42,2,low,day,0
EQ-BALL-MILL-148,ball_mill,2338.0,82.35,6.77,137.42,606.94,78.87,16,2,medium,night,0
EQ-HAUL-TRUCK-003,haul_truck,3421.3,93.08,5.76,165.4,467.27,79.31,116,0,high,night,1
EQ-DRILL-RIG-055,drill_rig,5943.2,80.68,5.95,244.2,407.34,83.02,29,1,medium,day,1
EQ-EXCAVATOR-065,excavator,4034.4,73.51,3.33,192.63,400.01,60.73,43,2,high,day,0
EQ-EXCAVATOR-081,excavator,5140.1,78.62,3.9,230.35,336.1,71.06,12,0,medium,night,0
EQ-CRUSHER-048,crusher,2183.2,88.28,6.42,150.88,594.87,81.38,51,1,medium,day,1
EQ-DRILL-RIG-038,drill_rig,2870.1,89.91,6.6,219.96,409.03,77.98,33,1,high,day,0
EQ-HAUL-TRUCK-128,haul_truck,774.0,70.98,3.06,153.51,485.55,80.15,40,0,low,day,0
EQ-CRUSHER-035,crusher,1511.4,93.25,6.0,175.86,576.95,84.11,25,0,medium,day,0
EQ-CONVEYOR-BELT-144,conveyor_belt,9111.2,65.86,3.14,45.78,180.05,66.91,50,1,medium,day,0
EQ-HAUL-TRUCK-006,haul_truck,2114.2,100.24,5.55,124.0,540.3,89.42,56,2,low,night,1
EQ-DRILL-RIG-064,drill_rig,2546.9,90.48,6.66,230.84,440.71,66.64,24,0,medium,night,1
EQ-BALL-MILL-092,ball_mill,1141.7,91.89,5.61,163.68,572.06,97.95,17,2,high,night,1
EQ-HAUL-TRUCK-146,haul_truck,2820.2,94.57,4.1,152.68,600.42,79.49,17,0,low,day,0
EQ-HAUL-TRUCK-115,haul_truck,7857.9,78.2,3.04,149.81,431.79,66.78,73,0,medium,day,0
EQ-BALL-MILL-003,ball_mill,2153.0,85.57,8.76,102.7,598.14,73.15,22,1,low,night,0
EQ-HAUL-TRUCK-113,haul_truck,3786.6,93.21,4.51,145.85,382.34,43.91,66,1,low,day,0
EQ-HAUL-TRUCK-049,haul_truck,2925.6,75.95,1.38,140.65,433.01,65.56,37,1,medium,day,0
EQ-BALL-MILL-129,ball_mill,3229.7,81.33,7.87,172.38,529.43,62.54,27,2,low,day,0
EQ-BALL-MILL-117,ball_mill,1909.7,85.63,5.43,145.58,518.23,74.93,7,2,medium,night,1
EQ-CONVEYOR-BELT-029,conveyor_belt,2968.3,66.86,4.78,93.52,129.71,52.93,100,1,low,day,0
EQ-CONVEYOR-BELT-055,conveyor_belt,5305.4,79.08,3.92,75.11,126.05,50.41,35,1,high,night,0
EQ-BALL-MILL-124,ball_mill,3768.3,91.25,7.27,158.6,667.8,86.12,26,1,high,day,1
EQ-CONVEYOR-BELT-139,conveyor_belt,4713.6,60.93,7.2,83.17,268.11,82.59,36,0,low,night,0
EQ-CONVEYOR-BELT-091,conveyor_belt,2273.9,71.27,4.27,109.43,215.42,68.16,40,2,low,day,0
EQ-DRILL-RIG-033,drill_rig,5596.0,84.84,7.63,254.44,343.11,68.91,21,2,medium,night,0
EQ-CONVEYOR-BELT-059,conveyor_belt,3887.7,62.12,6.21,53.64,208.27,85.1,28,1,low,day,0
EQ-CRUSHER-120,crusher,3264.1,92.53,9.22,206.44,579.04,91.69,15,2,medium,night,0
EQ-CRUSHER-090,crusher,3481.0,80.51,6.64,191.71,515.93,73.85,22,0,medium,day,0
EQ-CRUSHER-031,crusher,4122.3,101.97,7.48,196.87,517.38,94.21,33,1,medium,night,0
EQ-CRUSHER-043,crusher,4046.8,102.73,9.31,171.98,454.15,79.74,12,0,high,night,1
EQ-EXCAVATOR-030,excavator,7097.0,83.5,4.4,221.14,368.15,71.49,30,0,high,night,0
EQ-CRUSHER-071,crusher,4197.8,89.05,6.58,149.97,568.03,83.11,28,1,medium,day,1
EQ-DRILL-RIG-067,drill_rig,4124.9,78.84,7.77,201.12,437.85,63.97,23,0,medium,day,0
EQ-CRUSHER-082,crusher,3692.3,97.8,8.41,199.13,540.82,66.2,60,3,medium,night,1
EQ-HAUL-TRUCK-142,haul_truck,4514.3,80.78,5.81,190.85,467.49,81.25,15,1,medium,night,0
EQ-EXCAVATOR-098,excavator,5847.0,80.74,6.14,207.52,320.56,57.13,36,1,low,day,0
EQ-EXCAVATOR-088,excavator,1499.6,77.12,3.16,266.19,449.08,94.56,22,2,medium,day,0
EQ-DRILL-RIG-055,drill_rig,1407.0,74.8,8.26,238.59,451.78,73.61,38,1,medium,day,1
EQ-CRUSHER-096,crusher,3625.1,82.08,5.68,163.78,541.98,72.36,37,1,low,day,0
EQ-EXCAVATOR-144,excavator,2732.9,82.79,5.16,185.17,394.11,76.07,119,1,medium,day,1
EQ-DRILL-RIG-002,drill_rig,4023.1,85.36,6.21,189.95,495.95,85.99,149,0,medium,night,1
EQ-HAUL-TRUCK-053,haul_truck,4067.1,84.07,5.3,145.02,428.36,91.16,20,1,medium,day,0
EQ-HAUL-TRUCK-009,haul_truck,3600.8,82.36,4.12,167.2,446.65,78.8,32,0,high,night,0
EQ-DRILL-RIG-031,drill_rig,6555.3,92.64,3.76,202.91,437.8,72.31,20,0,medium,night,0
EQ-CONVEYOR-BELT-011,conveyor_belt,2603.5,62.84,2.54,82.03,305.93,69.78,36,3,high,day,0
EQ-DRILL-RIG-089,drill_rig,2865.0,84.44,7.66,267.36,422.22,86.11,20,2,low,day,0
EQ-DRILL-RIG-123,drill_rig,7407.7,69.05,6.43,213.87,340.39,61.19,20,1,medium,night,0
EQ-BALL-MILL-142,ball_mill,2108.5,94.14,7.64,169.64,547.04,79.75,25,0,low,day,0
EQ-HAUL-TRUCK-036,haul_truck,3490.3,87.74,6.1,157.23,380.63,68.71,26,1,low,night,0
EQ-DRILL-RIG-105,drill_rig,3320.7,88.12,4.37,234.44,438.04,56.21,5,0,low,night,0
EQ-CONVEYOR-BELT-050,conveyor_belt,4867.6,58.37,2.11,50.0,206.49,83.03,27,1,medium,day,0
EQ-HAUL-TRUCK-048,haul_truck,3802.0,91.46,5.7,178.29,500.18,80.41,103,0,low,night,1
EQ-BALL-MILL-092,ball_mill,1960.1,78.3,9.58,206.31,575.15,70.45,20,2,low,day,1
EQ-CRUSHER-102,crusher,3084.0,87.82,8.02,151.53,549.71,94.13,59,1,medium,day,0
EQ-BALL-MILL-088,ball_mill,2912.6,96.58,8.47,175.64,699.02,96.31,46,0,medium,night,1
EQ-CONVEYOR-BELT-015,conveyor_belt,5283.6,68.07,2.69,50.0,183.42,57.69,25,0,medium,day,0
EQ-CRUSHER-062,crusher,7391.9,73.81,8.36,168.45,611.28,73.47,18,1,low,day,0
EQ-HAUL-TRUCK-043,haul_truck,6559.3,72.06,2.68,198.14,558.05,51.2,14,0,low,day,0
EQ-BALL-MILL-001,ball_mill,3745.6,97.11,8.23,215.53,589.92,59.97,18,2,medium,day,0
EQ-CONVEYOR-BELT-007,conveyor_belt,6001.4,66.96,3.52,109.55,237.26,77.46,12,2,medium,day,0
EQ-HAUL-TRUCK-068,haul_truck,6050.0,86.33,5.78,194.02,458.21,78.23,8,1,medium,night,0
EQ-HAUL-TRUCK-016,haul_truck,8113.2,77.07,5.77,148.34,501.09,84.41,17,0,medium,day,0
EQ-DRILL-RIG-111,drill_rig,609.5,76.87,5.21,197.49,458.94,88.98,63,1,low,night,1
EQ-HAUL-TRUCK-009,haul_truck,3241.8,85.92,4.17,172.34,489.46,69.17,50,0,medium,day,0
EQ-CONVEYOR-BELT-036,conveyor_belt,5165.4,62.76,3.07,97.9,52.53,54.24,23,1,medium,day,0
EQ-CONVEYOR-BELT-148,conveyor_belt,2791.4,71.75,3.31,51.88,176.41,74.65,68,2,high,night,0
EQ-EXCAVATOR-107,excavator,1997.1,81.0,7.48,182.37,337.37,85.82,18,1,medium,night,0
EQ-CONVEYOR-BELT-084,conveyor_belt,2237.4,61.93,4.14,102.59,226.29,94.99,10,1,medium,night,0
EQ-EXCAVATOR-003,excavator,4598.7,78.14,1.8,242.2,346.75,66.99,96,0,medium,day,0
EQ-BALL-MILL-007,ball_mill,2910.9,92.39,6.87,192.3,543.79,80.13,38,1,medium,day,0
EQ-DRILL-RIG-137,drill_rig,2259.5,85.03,5.53,223.59,304.01,68.76,46,1,medium,night,0
EQ-EXCAVATOR-120,excavator,7481.1,73.45,5.72,230.07,444.16,74.02,19,1,high,night,0
EQ-CRUSHER-143,crusher,4557.0,84.3,6.62,170.77,544.08,72.65,21,1,low,night,0
EQ-CRUSHER-122,crusher,6938.0,87.54,9.12,160.8,549.27,84.64,23,0,medium,day,0
EQ-BALL-MILL-001,ball_mill,3280.8,99.12,7.03,178.62,662.43,81.03,49,3,medium,day,1
EQ-CRUSHER-121,crusher,5667.3,95.41,8.52,185.61,573.97,91.41,14,2,medium,day,0
EQ-CONVEYOR-BELT-069,conveyor_belt,2463.5,75.55,4.26,28.67,40.0,66.26,17,0,medium,day,0
EQ-BALL-MILL-104,ball_mill,2908.3,95.85,7.89,216.98,623.83,107.6,54,1,medium,day,1
EQ-HAUL-TRUCK-063,haul_truck,3222.4,86.09,4.82,185.99,405.07,88.65,141,1,medium,day,0
EQ-CONVEYOR-BELT-109,conveyor_belt,2933.8,59.43,1.48,73.62,204.85,73.5,29,1,medium,day,0
EQ-HAUL-TRUCK-127,haul_truck,2185.1,81.04,7.52,153.62,515.95,93.44,14,1,medium,night,1
EQ-CONVEYOR-BELT-147,conveyor_belt,3031.3,65.77,2.96,117.88,74.33,67.08,13,2,medium,night,0
EQ-EXCAVATOR-082,excavator,1787.7,70.55,4.87,235.22,369.36,82.33,35,0,low,night,0
EQ-BALL-MILL-042,ball_mill,4013.2,75.82,6.62,180.62,559.21,92.02,75,1,low,day,0
EQ-CRUSHER-092,crusher,6306.9,98.81,8.12,231.89,645.96,82.36,59,1,high,day,1
EQ-HAUL-TRUCK-075,haul_truck,2753.9,82.35,5.63,182.26,476.43,84.15,42,1,low,night,1
EQ-DRILL-RIG-031,drill_rig,3591.2,75.02,5.96,238.9,466.73,74.31,13,1,medium,day,0
EQ-DRILL-RIG-109,drill_rig,6047.2,80.97,4.94,245.57,384.73,66.55,35,3,medium,night,1
EQ-CONVEYOR-BELT-012,conveyor_belt,7565.9,51.13,2.69,61.44,340.16,74.18,9,1,medium,day,0
EQ-CONVEYOR-BELT-061,conveyor_belt,5833.6,78.33,3.52,97.0,222.91,69.32,83,2,high,night,0
EQ-EXCAVATOR-104,excavator,4063.8,81.71,5.06,241.86,394.4,60.96,19,2,high,day,0
EQ-CONVEYOR-BELT-139,conveyor_belt,4932.5,73.58,3.58,101.97,186.62,96.28,25,2,low,night,0
EQ-HAUL-TRUCK-094,haul_truck,5138.5,86.22,3.29,160.69,365.98,82.07,69,2,medium,night,1
EQ-HAUL-TRUCK-147,haul_truck,4968.8,77.21,4.43,131.8,349.89,39.72,24,2,low,day,0
EQ-BALL-MILL-125,ball_mill,2899.8,79.89,8.64,176.72,599.25,87.68,86,1,high,night,0
EQ-CONVEYOR-BELT-036,conveyor_belt,5521.5,64.2,5.19,76.44,315.07,74.1,1,1,medium,night,0
EQ-EXCAVATOR-127,excavator,6259.0,81.63,5.67,240.72,517.68,102.94,17,2,low,night,0
EQ-HAUL-TRUCK-051,haul_truck,1134.5,72.28,2.87,203.71,302.2,81.3,50,5,medium,day,0
EQ-BALL-MILL-095,ball_mill,3236.3,80.14,7.05,185.32,591.86,106.28,56,0,medium,day,0
EQ-HAUL-TRUCK-031,haul_truck,4741.2,93.93,5.86,121.99,366.12,88.6,18,0,high,night,0
EQ-EXCAVATOR-081,excavator,4291.9,86.14,7.25,192.21,397.01,87.86,12,1,low,night,0
EQ-HAUL-TRUCK-102,haul_truck,4785.6,93.88,4.13,129.75,365.37,76.63,43,1,high,night,1
EQ-HAUL-TRUCK-138,haul_truck,2336.8,87.05,4.46,149.65,376.92,86.96,29,4,low,day,1
EQ-EXCAVATOR-142,excavator,1100.9,81.56,4.71,207.04,446.79,76.71,3,0,low,night,0
EQ-BALL-MILL-121,ball_mill,4146.7,93.17,7.76,224.81,548.53,89.61,12,5,medium,night,1
EQ-EXCAVATOR-084,excavator,3736.1,84.63,4.77,225.74,296.02,67.87,51,1,medium,night,0
EQ-CRUSHER-133,crusher,6200.8,86.35,8.83,184.01,451.21,62.5,41,1,high,night,0
EQ-CONVEYOR-BELT-016,conveyor_belt,4767.1,63.8,3.7,79.18,223.65,60.36,21,2,medium,day,0
EQ-CONVEYOR-BELT-150,conveyor_belt,1144.4,56.35,4.59,67.62,201.28,63.18,11,0,medium,night,0
EQ-CONVEYOR-BELT-031,conveyor_belt,4821.3,60.26,3.15,109.36,235.89,85.23,47,2,low,night,0
EQ-CONVEYOR-BELT-061,conveyor_belt,7022.1,66.97,4.4,73.43,157.42,66.76,64,1,high,day,1
EQ-CONVEYOR-BELT-137,conveyor_belt,6099.4,62.96,2.72,74.7,197.35,83.88,42,2,medium,day,0
EQ-CONVEYOR-BELT-108,conveyor_belt,4773.8,52.04,2.05,67.99,235.69,80.71,15,2,medium,night,0
EQ-DRILL-RIG-128,drill_rig,3059.9,68.09,7.27,242.22,428.02,78.97,21,1,high,day,0
EQ-CONVEYOR-BELT-104,conveyor_belt,3549.0,61.89,5.02,147.84,288.92,66.16,104,1,low,day,0
EQ-DRILL-RIG-091,drill_rig,3506.0,83.11,7.42,225.77,545.75,94.76,33,0,high,night,1
EQ-HAUL-TRUCK-027,haul_truck,5153.5,78.55,3.68,180.2,519.07,79.53,113,1,medium,night,1
EQ-CONVEYOR-BELT-150,conveyor_belt,5006.8,64.88,3.01,125.86,211.34,63.4,21,2,high,night,0
EQ-CONVEYOR-BELT-096,conveyor_belt,4004.0,55.11,3.27,99.4,288.22,75.85,29,0,medium,day,0
EQ-EXCAVATOR-101,excavator,5891.9,84.88,4.77,180.85,385.68,76.74,10,3,medium,day,1
EQ-DRILL-RIG-065,drill_rig,2732.4,76.63,6.26,248.01,375.34,67.52,13,1,high,day,1
EQ-EXCAVATOR-143,excavator,5672.9,76.59,5.5,194.69,343.03,50.6,10,1,medium,day,0
EQ-EXCAVATOR-068,excavator,7630.8,84.29,4.88,249.48,349.56,78.5,14,0,low,night,0
EQ-DRILL-RIG-029,drill_rig,6682.7,68.77,4.4,235.16,259.81,58.72,47,1,medium,day,0
EQ-EXCAVATOR-028,excavator,5696.8,82.97,5.92,184.45,380.69,90.73,101,1,medium,day,0
EQ-CRUSHER-105,crusher,3021.2,88.07,8.58,171.23,466.15,68.68,33,0,high,night,0
EQ-EXCAVATOR-112,excavator,4481.9,86.4,6.12,221.25,365.67,58.49,6,2,high,day,0
EQ-BALL-MILL-031,ball_mill,7076.7,85.76,5.37,178.13,562.3,91.88,28,5,low,day,0
EQ-CRUSHER-105,crusher,5116.6,85.45,7.9,186.33,579.08,98.69,25,0,low,day,1
EQ-CONVEYOR-BELT-150,conveyor_belt,4377.7,53.8,1.89,95.11,167.09,58.31,53,2,low,day,0
EQ-DRILL-RIG-080,drill_rig,5097.7,93.41,6.46,193.91,388.18,63.17,12,0,medium,day,1
EQ-CONVEYOR-BELT-146,conveyor_belt,8622.0,60.24,2.11,121.46,180.08,83.06,28,0,high,night,0
EQ-BALL-MILL-024,ball_mill,6580.8,90.26,5.59,169.35,716.62,76.59,72,1,medium,night,0
EQ-DRILL-RIG-061,drill_rig,7970.0,83.23,5.81,224.72,375.01,76.54,105,1,high,night,1
EQ-CRUSHER-084,crusher,6429.3,100.8,5.67,205.38,551.6,90.97,36,1,medium,night,0
EQ-BALL-MILL-054,ball_mill,3572.4,93.18,6.38,130.73,658.79,96.59,44,0,medium,day,0
EQ-CRUSHER-016,crusher,2435.2,101.07,10.02,137.86,544.17,66.17,45,1,high,night,0
EQ-HAUL-TRUCK-069,haul_truck,3527.9,80.37,4.49,172.91,372.87,78.48,20,1,low,day,0
EQ-EXCAVATOR-051,excavator,4286.8,79.65,4.99,211.4,365.43,68.03,52,1,medium,day,0
EQ-CONVEYOR-BELT-031,conveyor_belt,6251.9,68.34,5.35,73.89,265.63,63.3,18,1,medium,day,0
EQ-HAUL-TRUCK-056,haul_truck,5769.8,70.59,5.37,201.67,464.0,83.3,33,1,low,day,0
EQ-CONVEYOR-BELT-063,conveyor_belt,2722.8,76.86,4.62,67.43,287.32,68.44,5,1,medium,day,0
EQ-EXCAVATOR-133,excavator,4429.6,81.62,3.92,220.28,375.05,64.53,12,0,medium,day,0
EQ-CRUSHER-074,crusher,7036.3,92.28,6.87,175.89,538.32,80.88,24,3,medium,day,0
EQ-HAUL-TRUCK-063,haul_truck,2770.2,96.6,4.01,182.19,426.69,75.93,27,3,low,day,0
EQ-DRILL-RIG-059,drill_rig,3812.9,93.7,3.33,207.5,360.29,63.02,20,0,medium,day,0
EQ-EXCAVATOR-090,excavator,3466.8,78.9,2.15,182.83,550.64,86.96,28,0,low,night,0
EQ-HAUL-TRUCK-042,haul_truck,5979.0,77.7,3.74,163.76,412.09,69.58,8,0,high,day,1
EQ-CRUSHER-132,crusher,8116.7,94.53,4.73,190.57,622.43,103.77,6,1,medium,night,0
EQ-CRUSHER-063,crusher,3359.6,93.79,9.97,192.67,604.29,83.93,56,2,high,day,1
EQ-CONVEYOR-BELT-064,conveyor_belt,3013.6,87.64,2.05,115.68,129.89,73.97,56,2,medium,day,0
EQ-CRUSHER-010,crusher,2153.4,92.28,8.38,174.66,515.42,76.02,17,2,low,night,1
EQ-HAUL-TRUCK-133,haul_truck,4182.1,94.26,5.01,186.69,405.56,75.2,32,0,medium,night,0
EQ-DRILL-RIG-071,drill_rig,6140.2,77.62,6.8,206.53,342.72,66.43,21,1,low,day,0
EQ-CRUSHER-021,crusher,1736.3,85.5,7.42,156.02,599.99,68.13,23,3,medium,night,0
EQ-HAUL-TRUCK-026,haul_truck,3924.3,80.07,4.45,153.83,389.58,74.11,30,1,medium,night,0
EQ-DRILL-RIG-055,drill_rig,4773.8,86.69,4.55,229.67,264.5,52.97,25,1,high,day,0
EQ-CONVEYOR-BELT-118,conveyor_belt,5765.9,64.36,2.25,132.37,187.38,74.52,60,1,high,night,0
EQ-CONVEYOR-BELT-015,conveyor_belt,4658.6,50.73,3.3,76.01,222.74,59.26,44,0,low,day,0
EQ-CRUSHER-019,crusher,2362.1,87.38,7.49,189.25,526.98,79.19,24,0,medium,night,0
EQ-CRUSHER-085,crusher,3078.7,84.02,9.07,168.28,594.25,92.71,37,1,medium,day,1
EQ-CRUSHER-075,crusher,7368.3,102.66,11.19,126.65,584.17,106.83,53,3,high,night,1
EQ-HAUL-TRUCK-144,haul_truck,5396.0,90.62,4.68,162.65,487.09,82.18,18,0,high,night,0
EQ-EXCAVATOR-113,excavator,3334.1,68.86,7.23,221.09,371.36,80.03,67,2,medium,night,1
EQ-BALL-MILL-099,ball_mill,3894.8,79.53,7.38,178.61,472.89,71.26,22,2,medium,day,0
EQ-CONVEYOR-BELT-051,conveyor_belt,2572.9,64.02,2.24,97.68,106.07,48.32,94,1,high,night,0
EQ-CRUSHER-094,crusher,1622.3,102.05,7.38,187.44,510.72,98.31,37,1,medium,day,0
EQ-EXCAVATOR-088,excavator,4036.5,91.16,6.08,172.89,284.67,67.85,9,0,high,day,0
EQ-CONVEYOR-BELT-042,conveyor_belt,2960.6,55.96,2.0,103.45,158.24,63.3,15,1,medium,day,0
EQ-EXCAVATOR-056,excavator,4849.2,89.64,3.92,202.86,326.57,74.06,12,1,high,night,0
EQ-HAUL-TRUCK-140,haul_truck,8955.9,81.7,3.81,149.25,280.64,68.16,43,1,low,night,0
EQ-HAUL-TRUCK-081,haul_truck,4712.3,82.8,3.85,183.61,520.23,90.77,17,3,medium,night,0
EQ-CONVEYOR-BELT-071,conveyor_belt,4711.5,46.17,2.22,94.16,262.9,73.4,37,3,medium,day,0
EQ-CONVEYOR-BELT-120,conveyor_belt,6099.5,68.83,3.12,100.26,211.27,80.66,41,0,medium,night,0
EQ-HAUL-TRUCK-041,haul_truck,2137.5,91.35,4.83,152.13,420.37,81.55,28,0,high,night,0
EQ-HAUL-TRUCK-033,haul_truck,5115.6,81.64,6.19,130.84,476.41,91.18,75,1,medium,night,1
EQ-CONVEYOR-BELT-149,conveyor_belt,2541.8,60.82,0.95,87.31,136.04,54.29,39,2,medium,night,0
EQ-CONVEYOR-BELT-121,conveyor_belt,6040.3,61.74,2.07,33.32,205.78,69.25,6,1,low,day,0
EQ-CONVEYOR-BELT-064,conveyor_belt,4703.5,62.6,4.39,88.13,184.69,51.66,39,0,low,night,0
EQ-HAUL-TRUCK-142,haul_truck,2249.1,74.21,4.79,130.66,467.99,75.22,28,2,medium,night,0
EQ-CONVEYOR-BELT-056,conveyor_belt,4740.9,61.2,1.21,107.38,40.0,43.72,4,3,medium,night,0
EQ-BALL-MILL-102,ball_mill,847.5,79.87,8.5,148.2,620.39,75.18,65,1,low,day,0
EQ-CONVEYOR-BELT-006,conveyor_belt,1984.5,45.88,3.51,101.51,352.44,94.17,46,0,medium,day,0
EQ-HAUL-TRUCK-105,haul_truck,2212.2,82.84,4.26,135.39,478.05,63.43,24,0,medium,day,0
EQ-CONVEYOR-BELT-027,conveyor_belt,1892.3,54.44,3.48,80.35,184.12,64.49,19,2,low,day,0
EQ-EXCAVATOR-037,excavator,6221.4,77.53,4.98,207.4,369.08,76.12,62,1,low,day,0
EQ-HAUL-TRUCK-122,haul_truck,4928.4,93.3,2.7,170.48,367.51,64.45,37,1,medium,night,0
EQ-EXCAVATOR-031,excavator,4300.9,83.48,7.76,215.3,263.65,61.43,2,0,medium,day,0
EQ-BALL-MILL-073,ball_mill,2689.9,77.6,5.59,132.18,679.08,100.03,87,1,high,day,1
EQ-CRUSHER-139,crusher,5145.9,89.93,6.61,190.23,533.12,88.98,31,0,medium,day,1
EQ-DRILL-RIG-144,drill_rig,4355.3,81.22,5.58,208.83,445.81,79.15,72,2,low,day,1
EQ-CRUSHER-067,crusher,3174.8,104.18,7.33,180.28,629.44,82.84,32,0,high,day,1
EQ-CRUSHER-013,crusher,4538.8,94.68,5.51,221.9,433.88,71.79,22,1,low,night,0
EQ-HAUL-TRUCK-044,haul_truck,4947.3,85.62,4.15,156.3,398.19,70.86,35,3,medium,night,0
EQ-CONVEYOR-BELT-093,conveyor_belt,2332.7,54.32,4.67,112.54,240.68,71.81,100,1,medium,day,1
EQ-HAUL-TRUCK-051,haul_truck,6956.2,80.42,3.98,160.43,325.75,66.34,26,2,high,day,0
EQ-CRUSHER-108,crusher,3785.4,90.79,7.41,195.09,601.11,81.27,16,0,medium,night,0
EQ-EXCAVATOR-149,excavator,5049.2,72.42,3.84,236.87,357.23,62.45,34,1,low,day,0
EQ-CRUSHER-094,crusher,3648.0,77.76,9.06,187.88,401.2,64.46,76,2,medium,night,0
EQ-CRUSHER-094,crusher,4733.8,105.35,8.09,217.33,572.41,93.46,22,1,low,night,1
EQ-HAUL-TRUCK-080,haul_truck,3393.6,104.86,4.75,168.5,421.66,60.75,160,0,medium,night,1
EQ-EXCAVATOR-028,excavator,3527.8,73.2,6.62,191.02,438.03,68.94,5,2,medium,day,0
EQ-BALL-MILL-087,ball_mill,3362.4,102.52,6.19,164.91,530.3,81.56,42,0,medium,night,0
EQ-HAUL-TRUCK-140,haul_truck,4276.5,88.56,5.05,171.1,553.14,80.06,31,2,high,night,1
EQ-EXCAVATOR-104,excavator,5497.0,73.28,7.42,230.34,439.1,64.51,19,0,low,day,0
EQ-EXCAVATOR-113,excavator,5549.2,76.9,4.79,241.37,367.87,72.9,90,1,medium,day,0
EQ-EXCAVATOR-130,excavator,5408.7,81.33,3.58,193.97,381.84,65.39,39,1,high,day,0
EQ-CONVEYOR-BELT-059,conveyor_belt,4472.9,56.93,1.53,90.47,263.11,78.52,81,2,medium,day,0
EQ-EXCAVATOR-051,excavator,3198.6,70.24,5.63,173.67,425.39,75.93,16,1,medium,night,0
EQ-CRUSHER-146,crusher,1159.0,99.75,8.32,225.42,610.92,86.03,30,0,high,day,1
EQ-CONVEYOR-BELT-069,conveyor_belt,5448.7,59.28,2.36,98.97,166.39,89.66,11,0,medium,day,0
EQ-EXCAVATOR-111,excavator,4256.2,64.37,4.9,202.9,520.1,73.45,78,4,medium,day,1
EQ-BALL-MILL-096,ball_mill,3001.3,94.52,7.47,203.54,568.98,84.03,18,1,high,night,1
EQ-BALL-MILL-019,ball_mill,1213.7,93.25,7.83,192.06,512.76,102.16,13,1,low,night,0
EQ-HAUL-TRUCK-048,haul_truck,3760.9,77.55,8.27,152.72,415.3,81.71,66,2,low,night,1
EQ-EXCAVATOR-049,excavator,5732.6,70.66,5.75,235.66,387.76,81.14,82,1,medium,night,1
EQ-HAUL-TRUCK-027,haul_truck,2403.0,97.04,4.39,157.65,418.33,75.53,29,2,low,day,0
EQ-HAUL-TRUCK-117,haul_truck,7129.2,71.38,6.35,149.75,495.46,93.43,70,0,low,night,0
EQ-CRUSHER-145,crusher,9407.3,87.5,9.05,204.31,452.31,82.74,40,3,low,day,0
EQ-CONVEYOR-BELT-145,conveyor_belt,3206.4,65.99,3.06,76.86,71.67,67.6,43,1,medium,day,0
EQ-CRUSHER-030,crusher,3401.0,92.01,6.98,175.13,464.48,68.38,13,1,medium,night,1
EQ-EXCAVATOR-068,excavator,3664.8,76.85,4.5,237.8,327.04,77.24,16,2,high,night,0
EQ-EXCAVATOR-035,excavator,3145.4,88.32,4.07,194.32,307.03,53.21,57,1,medium,night,0
EQ-BALL-MILL-010,ball_mill,8189.7,87.06,8.96,186.69,550.52,74.7,24,2,medium,night,0
EQ-BALL-MILL-093,ball_mill,3662.8,92.52,7.85,195.27,484.74,82.68,6,1,low,day,0
EQ-HAUL-TRUCK-129,haul_truck,8494.6,75.47,6.1,167.84,431.33,77.69,42,1,low,day,0
EQ-CONVEYOR-BELT-012,conveyor_belt,2286.2,63.34,4.42,81.42,221.42,62.01,30,4,medium,night,0
EQ-CRUSHER-097,crusher,4379.0,99.87,6.11,194.34,619.72,87.56,20,2,low,night,0
EQ-CONVEYOR-BELT-006,conveyor_belt,2721.4,60.23,3.98,96.04,225.54,63.36,7,2,medium,night,0
EQ-CONVEYOR-BELT-127,conveyor_belt,2012.8,64.73,5.41,91.23,132.95,67.17,28,0,medium,night,0
EQ-BALL-MILL-010,ball_mill,2880.3,78.53,6.91,131.27,562.9,66.19,29,1,medium,day,1
EQ-HAUL-TRUCK-066,haul_truck,3022.7,91.15,5.76,157.55,473.48,74.38,32,0,medium,day,0
EQ-EXCAVATOR-019,excavator,3673.3,67.61,6.0,213.52,315.44,69.28,3,2,high,day,0
EQ-BALL-MILL-062,ball_mill,1701.2,90.91,7.29,154.33,689.36,90.94,51,1,low,night,1
EQ-HAUL-TRUCK-065,haul_truck,7884.5,81.86,4.89,140.42,427.43,74.74,40,1,high,night,0
EQ-HAUL-TRUCK-081,haul_truck,4629.2,88.61,8.64,161.84,508.08,86.25,8,0,low,night,0
EQ-CONVEYOR-BELT-125,conveyor_belt,5246.0,64.64,2.31,83.12,263.13,69.87,48,1,medium,night,0
EQ-DRILL-RIG-150,drill_rig,4188.6,80.96,6.01,241.62,503.18,84.28,45,0,high,night,1
EQ-CONVEYOR-BELT-052,conveyor_belt,6510.3,71.95,2.15,79.28,134.3,70.01,39,2,medium,day,0
EQ-DRILL-RIG-139,drill_rig,3373.9,87.56,3.69,244.23,409.03,66.29,21,0,high,day,0
EQ-CONVEYOR-BELT-065,conveyor_belt,4175.9,83.29,2.13,39.22,141.66,63.22,59,2,medium,day,0
EQ-HAUL-TRUCK-018,haul_truck,2604.0,94.51,3.49,174.66,379.81,63.0,86,1,high,night,1
EQ-CONVEYOR-BELT-091,conveyor_belt,3796.8,49.36,2.01,62.99,152.05,57.86,29,1,low,day,0
EQ-DRILL-RIG-109,drill_rig,4015.6,95.92,6.67,174.56,341.74,68.39,11,1,medium,night,0
EQ-DRILL-RIG-046,drill_rig,2720.2,82.06,6.28,252.17,404.29,78.14,15,3,low,day,1
EQ-EXCAVATOR-089,excavator,4601.0,82.26,2.59,226.28,401.35,79.64,13,1,low,night,0
EQ-HAUL-TRUCK-065,haul_truck,4778.0,98.48,5.26,198.63,399.76,57.83,39,1,medium,day,0
EQ-DRILL-RIG-022,drill_rig,5290.8,80.17,6.5,229.28,557.42,81.93,40,0,medium,night,0
EQ-EXCAVATOR-058,excavator,4735.4,70.75,5.9,232.2,439.65,87.77,3,3,medium,day,0
EQ-HAUL-TRUCK-065,haul_truck,3864.1,92.94,6.0,133.96,389.16,80.34,18,1,medium,night,0
EQ-DRILL-RIG-052,drill_rig,5722.6,87.39,5.29,240.08,442.04,76.77,39,2,high,night,0
EQ-CRUSHER-138,crusher,4161.2,87.75,7.36,202.67,503.04,81.19,37,1,medium,day,0
EQ-EXCAVATOR-059,excavator,1476.7,76.78,4.65,226.38,398.75,87.21,19,1,medium,night,0
EQ-HAUL-TRUCK-094,haul_truck,2066.2,85.29,2.68,131.5,406.16,80.32,33,4,high,night,0
EQ-HAUL-TRUCK-002,haul_truck,2579.5,78.84,3.09,128.35,456.73,84.5,153,1,medium,day,0
EQ-DRILL-RIG-047,drill_rig,2881.1,85.57,6.63,251.25,408.66,77.1,33,1,low,night,0
EQ-CRUSHER-133,crusher,4609.6,81.51,7.56,132.51,538.2,88.85,13,0,medium,night,1
EQ-HAUL-TRUCK-134,haul_truck,6627.7,76.11,6.67,145.89,436.36,77.72,25,2,low,night,0
EQ-EXCAVATOR-147,excavator,4973.3,83.91,5.61,241.39,356.98,88.5,66,2,high,night,0
EQ-HAUL-TRUCK-009,haul_truck,4504.0,75.68,5.71,155.67,531.45,97.35,23,1,low,night,1
EQ-HAUL-TRUCK-130,haul_truck,1669.1,86.76,3.5,149.91,474.27,87.07,29,1,medium,day,0
EQ-EXCAVATOR-041,excavator,1213.4,78.43,2.97,227.64,337.7,75.54,79,1,medium,day,0
EQ-CRUSHER-001,crusher,7043.1,102.86,8.79,159.06,522.27,83.56,14,1,high,day,1
EQ-HAUL-TRUCK-014,haul_truck,3291.7,73.06,6.19,128.17,377.15,52.69,36,1,medium,night,0
EQ-EXCAVATOR-113,excavator,4651.0,85.66,8.18,209.26,446.2,86.59,25,0,high,day,0
EQ-CRUSHER-089,crusher,4891.4,85.94,8.91,197.26,492.74,95.13,42,1,medium,day,0
EQ-CRUSHER-086,crusher,9209.8,86.38,4.34,182.65,501.01,59.03,24,0,low,night,0
EQ-HAUL-TRUCK-133,haul_truck,7960.4,85.13,4.42,191.43,379.19,62.91,10,1,medium,day,0
EQ-HAUL-TRUCK-015,haul_truck,9955.6,70.5,5.89,118.88,402.03,57.45,12,1,medium,day,0
EQ-HAUL-TRUCK-013,haul_truck,5267.6,85.3,7.33,198.9,490.11,78.86,74,0,low,night,0
EQ-EXCAVATOR-140,excavator,7379.2,60.05,5.91,215.94,383.88,94.88,35,1,medium,night,0
EQ-CONVEYOR-BELT-091,conveyor_belt,2343.9,67.33,2.26,87.14,156.17,88.17,27,2,low,night,0
EQ-HAUL-TRUCK-117,haul_truck,9292.2,83.17,4.71,172.37,403.99,80.1,88,2,high,day,0
EQ-DRILL-RIG-079,drill_rig,5656.8,80.22,6.59,203.61,327.74,71.92,43,1,medium,night,0
EQ-CONVEYOR-BELT-022,conveyor_belt,3532.1,51.23,3.77,87.17,156.31,69.57,23,3,low,night,0
EQ-HAUL-TRUCK-079,haul_truck,5921.5,88.43,2.57,191.38,628.61,96.8,40,1,medium,day,0
EQ-HAUL-TRUCK-145,haul_truck,6664.4,68.09,3.71,138.12,345.03,69.87,73,3,high,day,0
EQ-HAUL-TRUCK-018,haul_truck,5061.8,93.63,1.96,152.08,371.59,68.12,57,2,high,day,0
EQ-HAUL-TRUCK-019,haul_truck,958.1,88.57,3.72,155.39,417.26,80.78,23,0,high,night,0
EQ-CRUSHER-052,crusher,6843.5,81.11,5.52,196.4,619.02,86.64,37,0,high,day,1
EQ-HAUL-TRUCK-069,haul_truck,3902.1,80.72,6.67,150.04,464.51,66.66,29,3,medium,day,0
EQ-DRILL-RIG-095,drill_rig,5054.7,80.32,6.31,230.56,424.0,83.07,133,1,medium,night,0
EQ-CRUSHER-024,crusher,2537.5,101.56,9.44,199.78,570.67,93.53,56,2,medium,night,1
EQ-CONVEYOR-BELT-141,conveyor_belt,3549.3,70.47,0.61,98.05,184.45,60.21,16,1,high,day,0
EQ-DRILL-RIG-023,drill_rig,3248.0,78.05,7.06,243.87,390.84,81.08,58,3,low,night,1
EQ-CRUSHER-031,crusher,2313.1,97.88,6.05,165.33,613.63,86.25,7,1,medium,night,1
EQ-BALL-MILL-146,ball_mill,1475.5,84.62,8.24,176.21,654.36,91.04,6,2,low,day,1
EQ-BALL-MILL-057,ball_mill,3604.5,94.74,11.36,145.24,622.36,85.85,37,0,high,night,1
EQ-EXCAVATOR-086,excavator,2610.0,92.23,6.84,215.18,529.55,83.49,37,0,medium,day,0
EQ-HAUL-TRUCK-066,haul_truck,4424.6,90.66,3.87,165.29,511.22,75.2,38,0,high,day,0
EQ-EXCAVATOR-039,excavator,4715.4,87.38,3.83,225.13,323.18,77.76,50,0,high,day,0
EQ-EXCAVATOR-077,excavator,8027.3,71.21,4.48,178.88,325.64,80.4,26,1,low,day,0
EQ-CRUSHER-117,crusher,592.8,80.51,9.09,180.53,523.97,83.7,60,0,high,day,0
EQ-EXCAVATOR-002,excavator,3161.7,84.59,5.0,197.13,273.49,53.27,24,2,medium,night,0
EQ-CRUSHER-132,crusher,6686.2,96.68,4.34,187.96,586.41,99.04,38,1,medium,day,0
EQ-DRILL-RIG-028,drill_rig,4627.9,83.44,5.92,232.42,424.36,66.5,18,2,medium,day,0
EQ-EXCAVATOR-138,excavator,4967.8,88.53,5.19,217.92,426.42,69.27,28,0,medium,night,0
EQ-CRUSHER-145,crusher,4329.2,96.62,9.93,203.55,565.7,70.99,23,1,medium,night,1
EQ-EXCAVATOR-140,excavator,6199.3,100.6,5.27,229.43,293.52,45.58,29,3,medium,day,0
EQ-DRILL-RIG-098,drill_rig,4317.2,92.66,3.85,265.63,390.11,71.91,51,2,high,day,1
EQ-CONVEYOR-BELT-136,conveyor_belt,4262.1,50.73,4.51,117.83,200.16,48.6,59,1,medium,day,0
EQ-HAUL-TRUCK-129,haul_truck,2574.0,86.62,3.57,165.57,439.79,88.16,64,1,low,night,0
EQ-CONVEYOR-BELT-096,conveyor_belt,2777.7,60.29,3.02,79.06,194.72,72.24,24,1,low,night,0
EQ-HAUL-TRUCK-134,haul_truck,4648.0,74.36,7.26,140.4,406.94,86.54,42,4,medium,day,0
EQ-CONVEYOR-BELT-052,conveyor_belt,3404.3,59.43,3.71,62.76,159.4,67.12,18,0,high,day,0
EQ-CONVEYOR-BELT-126,conveyor_belt,1962.5,65.1,1.11,122.6,103.78,60.17,49,1,medium,night,0
EQ-CRUSHER-139,crusher,3250.2,100.34,7.5,203.58,521.23,70.34,9,2,medium,night,1
EQ-CONVEYOR-BELT-096,conveyor_belt,5743.3,60.93,2.23,99.73,194.98,78.48,98,0,high,day,0
EQ-DRILL-RIG-019,drill_rig,4446.9,81.78,5.62,211.68,486.78,82.3,19,0,medium,day,0
EQ-DRILL-RIG-033,drill_rig,3037.5,85.1,5.73,230.58,492.55,82.09,44,0,medium,day,1
EQ-CRUSHER-026,crusher,3980.1,90.47,9.28,149.37,482.25,83.99,150,0,high,night,1
EQ-CONVEYOR-BELT-080,conveyor_belt,6014.7,64.31,2.1,77.59,106.2,56.49,26,0,medium,night,0
EQ-CRUSHER-066,crusher,2546.4,75.5,8.06,138.17,516.96,92.53,45,2,low,day,0
EQ-DRILL-RIG-125,drill_rig,2438.6,88.29,6.46,229.44,284.44,64.78,10,0,high,night,0
EQ-DRILL-RIG-043,drill_rig,4379.3,68.45,5.47,267.4,426.16,75.43,42,2,high,day,0
EQ-HAUL-TRUCK-025,haul_truck,3272.2,89.6,4.88,201.67,411.51,89.71,13,3,high,night,0
EQ-EXCAVATOR-093,excavator,4377.9,88.75,5.15,230.89,346.53,73.37,31,1,high,night,0
EQ-EXCAVATOR-021,excavator,4090.1,81.33,4.97,158.21,449.55,64.67,8,0,high,night,0
EQ-HAUL-TRUCK-136,haul_truck,4372.6,89.13,5.0,135.48,459.22,63.64,41,2,medium,day,0
EQ-CRUSHER-013,crusher,8163.9,84.21,9.86,172.51,550.71,87.25,28,3,low,day,1
EQ-HAUL-TRUCK-074,haul_truck,2205.1,77.35,3.52,170.81,382.28,84.14,27,1,high,night,0
EQ-CONVEYOR-BELT-143,conveyor_belt,5370.7,60.95,2.49,51.19,131.63,71.02,7,2,low,night,0
EQ-HAUL-TRUCK-084,haul_truck,4855.9,88.43,6.66,165.5,453.44,78.1,37,1,high,day,0
EQ-EXCAVATOR-122,excavator,5257.0,77.94,5.09,236.85,189.9,56.5,27,0,medium,night,0
EQ-CONVEYOR-BELT-064,conveyor_belt,1610.9,69.15,2.53,142.34,144.74,75.37,19,0,medium,day,0
EQ-CRUSHER-114,crusher,5611.9,82.54,9.99,210.02,614.48,97.68,15,1,high,day,1
EQ-CRUSHER-107,crusher,3618.2,102.3,7.84,172.69,568.81,102.26,47,0,high,night,1
EQ-DRILL-RIG-078,drill_rig,4294.6,77.11,5.72,239.79,475.85,71.48,39,2,low,day,1
EQ-BALL-MILL-016,ball_mill,3822.4,87.37,8.01,178.29,588.41,73.5,33,0,medium,day,0
EQ-CONVEYOR-BELT-146,conveyor_belt,2703.9,59.96,2.96,84.73,171.53,58.02,115,0,low,day,0
EQ-HAUL-TRUCK-008,haul_truck,3671.9,91.93,5.46,166.1,512.91,104.05,63,0,low,night,1
EQ-HAUL-TRUCK-054,haul_truck,4084.4,85.2,6.18,105.34,472.57,85.91,48,3,medium,day,1
EQ-BALL-MILL-097,ball_mill,5049.4,93.66,9.01,160.32,690.74,87.17,34,3,high,day,1
EQ-CONVEYOR-BELT-116,conveyor_belt,4688.2,79.68,2.42,98.64,206.14,71.2,45,2,high,day,0
EQ-DRILL-RIG-081,drill_rig,3886.2,66.11,6.5,230.62,417.79,55.29,89,0,medium,day,0
EQ-CONVEYOR-BELT-061,conveyor_belt,4162.2,63.35,4.07,69.31,165.26,66.97,9,2,high,day,0
EQ-HAUL-TRUCK-062,haul_truck,4139.9,78.71,2.9,155.9,393.71,78.09,39,0,low,day,1
EQ-CRUSHER-147,crusher,4989.0,70.75,5.52,232.52,583.26,78.93,44,1,low,day,0
EQ-DRILL-RIG-051,drill_rig,5591.0,75.36,7.5,277.3,314.25,93.07,14,1,medium,night,0
EQ-DRILL-RIG-129,drill_rig,5832.8,71.67,6.69,248.84,497.91,71.97,35,1,high,day,0
EQ-EXCAVATOR-008,excavator,3473.4,69.95,5.18,213.33,396.12,79.11,52,0,medium,day,0
EQ-CONVEYOR-BELT-099,conveyor_belt,1002.7,66.0,4.43,66.02,257.71,76.35,49,1,low,night,0
EQ-HAUL-TRUCK-103,haul_truck,3613.6,74.42,6.95,156.06,391.63,89.32,33,0,medium,day,0
EQ-BALL-MILL-102,ball_mill,3331.3,72.65,8.35,204.36,630.25,73.86,39,0,low,day,0
EQ-EXCAVATOR-064,excavator,4100.1,90.67,4.63,176.93,337.87,66.38,35,1,high,night,0
EQ-CONVEYOR-BELT-104,conveyor_belt,9162.8,55.71,5.81,117.44,253.43,78.04,11,0,medium,night,0
EQ-EXCAVATOR-067,excavator,3460.7,83.09,4.45,195.29,502.41,72.27,25,0,medium,night,0
EQ-CONVEYOR-BELT-090,conveyor_belt,5259.5,62.74,3.03,79.77,75.6,42.65,180,1,medium,day,0
EQ-CONVEYOR-BELT-135,conveyor_belt,5306.0,58.55,3.01,77.44,276.01,74.8,35,1,low,night,0
EQ-EXCAVATOR-101,excavator,4765.6,82.27,6.63,174.71,351.08,78.61,23,0,medium,day,0
EQ-DRILL-RIG-111,drill_rig,1563.3,79.87,6.4,218.4,304.27,67.15,51,4,medium,day,0
EQ-BALL-MILL-146,ball_mill,3933.4,84.17,6.85,133.9,453.25,66.7,9,2,medium,night,0
EQ-DRILL-RIG-033,drill_rig,4966.8,75.97,6.66,228.38,303.05,75.48,24,2,medium,day,0
EQ-EXCAVATOR-089,excavator,2892.0,84.99,3.69,217.65,291.64,57.73,27,0,high,night,1
EQ-CONVEYOR-BELT-099,conveyor_belt,1707.2,67.12,3.44,90.95,71.07,74.83,52,0,low,day,0
EQ-CONVEYOR-BELT-105,conveyor_belt,5014.6,66.38,4.15,90.79,272.36,89.49,35,1,medium,day,0
EQ-CONVEYOR-BELT-020,conveyor_belt,5696.0,65.52,2.35,113.28,209.86,77.71,36,3,medium,night,0
EQ-CRUSHER-115,crusher,3811.5,89.55,5.39,156.37,656.89,91.05,33,2,medium,night,0
EQ-CONVEYOR-BELT-030,conveyor_belt,3207.0,62.91,4.42,87.29,164.42,72.07,16,2,high,night,1
EQ-HAUL-TRUCK-062,haul_truck,7126.0,74.3,5.5,168.29,450.39,84.41,36,1,low,day,0
EQ-CRUSHER-108,crusher,5781.5,86.11,6.48,162.66,618.45,91.65,38,0,high,day,0
EQ-HAUL-TRUCK-040,haul_truck,2482.4,82.66,4.06,130.72,488.52,86.37,27,0,medium,night,0
EQ-EXCAVATOR-019,excavator,4326.5,58.28,3.67,201.68,422.8,82.01,45,4,low,day,0
EQ-HAUL-TRUCK-102,haul_truck,2622.3,90.94,4.44,167.1,428.17,83.63,19,2,medium,night,0
EQ-HAUL-TRUCK-043,haul_truck,3511.0,88.15,4.11,178.05,463.16,73.87,26,0,medium,day,1
EQ-DRILL-RIG-124,drill_rig,6658.6,80.11,9.25,249.18,298.5,70.95,72,4,low,day,1
EQ-CRUSHER-135,crusher,6681.4,83.61,6.55,170.09,529.91,90.87,20,0,low,day,1
EQ-HAUL-TRUCK-053,haul_truck,3160.1,82.7,5.21,174.69,419.88,73.78,24,1,medium,night,0
EQ-DRILL-RIG-111,drill_rig,5184.1,85.34,7.02,212.26,464.46,90.76,40,1,medium,day,0
EQ-BALL-MILL-034,ball_mill,2510.6,90.5,4.63,128.52,605.22,92.96,81,2,low,day,0
EQ-BALL-MILL-140,ball_mill,9000.2,100.24,6.49,192.93,531.37,83.9,56,2,low,night,0
EQ-DRILL-RIG-037,drill_rig,1700.5,77.86,6.13,249.32,376.33,88.59,38,1,medium,day,0
EQ-BALL-MILL-133,ball_mill,3457.2,83.83,7.07,173.75,642.46,77.93,32,1,medium,night,0
EQ-CONVEYOR-BELT-118,conveyor_belt,5177.1,71.83,4.13,103.21,152.09,65.59,7,1,high,day,0
EQ-BALL-MILL-047,ball_mill,2714.4,90.56,7.93,196.16,632.02,88.81,37,2,low,day,0
EQ-BALL-MILL-124,ball_mill,2493.8,95.03,7.85,149.24,512.97,68.26,18,0,high,day,0
EQ-EXCAVATOR-095,excavator,3990.4,71.24,5.28,199.26,388.16,74.65,17,1,medium,day,0
EQ-DRILL-RIG-101,drill_rig,3020.3,80.8,5.96,258.27,359.0,75.66,13,2,high,night,1
EQ-DRILL-RIG-057,drill_rig,1578.2,80.92,8.35,243.41,392.1,85.97,57,0,medium,day,0
EQ-DRILL-RIG-036,drill_rig,3986.7,85.57,5.21,217.94,468.39,76.2,22,1,medium,night,0
EQ-BALL-MILL-105,ball_mill,5088.6,94.3,8.2,214.97,689.7,92.41,12,1,high,night,0
EQ-CRUSHER-008,crusher,3690.9,89.41,9.71,163.75,511.3,78.46,29,1,medium,night,0
EQ-CRUSHER-053,crusher,3938.1,95.9,6.83,166.03,603.27,78.81,76,0,high,day,1
EQ-CONVEYOR-BELT-022,conveyor_belt,4767.4,69.49,0.63,75.08,172.27,57.24,15,3,high,day,0
EQ-CONVEYOR-BELT-001,conveyor_belt,7871.4,73.76,5.93,69.19,165.83,74.3,82,0,medium,day,0
EQ-DRILL-RIG-002,drill_rig,3374.8,75.61,5.84,223.33,402.57,57.49,42,0,medium,night,0
EQ-DRILL-RIG-015,drill_rig,4621.0,76.11,7.06,245.0,330.22,76.14,82,1,medium,night,0
EQ-CONVEYOR-BELT-141,conveyor_belt,3951.8,40.96,3.5,69.48,203.92,63.25,28,1,medium,night,0
EQ-BALL-MILL-116,ball_mill,2420.8,98.49,3.69,187.77,632.25,88.8,54,3,medium,day,1
EQ-HAUL-TRUCK-149,haul_truck,5462.6,78.21,5.24,160.92,486.15,85.74,99,0,medium,day,1
EQ-BALL-MILL-013,ball_mill,6988.5,82.44,6.63,165.34,700.9,65.52,22,1,low,day,1
EQ-HAUL-TRUCK-150,haul_truck,5091.6,82.72,7.04,186.23,364.95,71.19,30,4,high,day,0
EQ-CONVEYOR-BELT-090,conveyor_belt,1341.3,68.19,1.8,73.38,46.59,62.11,36,0,medium,day,0
EQ-HAUL-TRUCK-120,haul_truck,3464.5,90.09,2.12,179.76,428.75,80.0,40,2,low,day,0
EQ-CONVEYOR-BELT-129,conveyor_belt,5083.6,64.9,1.82,126.53,154.33,68.12,2,3,low,day,0
EQ-CRUSHER-040,crusher,6142.3,89.65,8.16,190.14,552.37,82.89,44,2,low,night,0
EQ-HAUL-TRUCK-112,haul_truck,1902.2,73.31,5.88,144.71,542.39,83.63,38,1,medium,day,0
EQ-CONVEYOR-BELT-098,conveyor_belt,2389.5,60.92,3.6,77.8,210.83,73.98,24,3,low,day,0
EQ-CONVEYOR-BELT-063,conveyor_belt,4687.7,70.08,2.27,77.74,201.97,81.32,136,1,low,night,0
EQ-HAUL-TRUCK-074,haul_truck,4191.6,83.61,2.55,164.42,391.5,71.81,62,2,low,night,0
EQ-CONVEYOR-BELT-032,conveyor_belt,3992.5,66.42,1.97,106.37,126.54,72.35,83,2,low,day,0
EQ-HAUL-TRUCK-028,haul_truck,7679.7,84.68,8.55,181.91,467.12,83.03,26,1,high,night,0
EQ-HAUL-TRUCK-139,haul_truck,8007.0,88.45,7.03,196.11,436.25,78.42,21,3,medium,day,0
EQ-HAUL-TRUCK-110,haul_truck,2635.0,80.27,4.8,146.52,400.3,73.92,46,1,low,day,1
EQ-CONVEYOR-BELT-085,conveyor_belt,1659.9,60.96,2.7,105.51,184.62,72.96,35,1,medium,night,0
EQ-DRILL-RIG-105,drill_rig,3873.4,87.5,7.3,239.68,347.12,69.81,23,1,medium,day,0
EQ-CONVEYOR-BELT-061,conveyor_belt,5413.5,56.29,3.84,65.88,198.36,65.86,24,0,medium,night,0
EQ-DRILL-RIG-038,drill_rig,6395.1,86.3,3.64,283.98,298.55,67.94,11,2,medium,day,0
EQ-CONVEYOR-BELT-142,conveyor_belt,3399.4,67.04,2.64,85.17,191.22,64.91,63,2,medium,day,0
EQ-DRILL-RIG-149,drill_rig,2910.1,86.12,6.76,213.3,376.25,82.34,56,1,low,day,0
EQ-BALL-MILL-033,ball_mill,4805.4,92.34,6.89,169.99,574.33,95.43,4,0,low,day,0
EQ-CRUSHER-121,crusher,3632.3,92.62,5.78,185.59,565.23,95.2,55,1,high,day,1
EQ-HAUL-TRUCK-067,haul_truck,4098.4,74.91,5.68,141.13,500.57,86.6,104,1,medium,day,0
EQ-HAUL-TRUCK-107,haul_truck,5104.1,92.76,4.78,137.47,370.76,64.26,57,3,low,day,0
EQ-CONVEYOR-BELT-017,conveyor_belt,3737.0,67.04,1.98,35.09,158.56,67.06,21,2,low,day,0
EQ-CRUSHER-072,crusher,2056.2,88.01,6.9,162.8,492.45,66.27,40,1,medium,day,0
EQ-HAUL-TRUCK-019,haul_truck,2946.5,83.21,3.82,131.86,467.67,64.2,7,4,low,day,0
EQ-BALL-MILL-123,ball_mill,3015.3,86.72,5.95,163.11,630.46,108.27,16,0,medium,day,1
EQ-BALL-MILL-060,ball_mill,3029.4,98.7,7.7,151.95,544.83,97.87,55,0,medium,day,0
EQ-EXCAVATOR-040,excavator,1523.7,57.9,6.1,259.92,412.46,79.66,15,2,low,night,0
EQ-HAUL-TRUCK-105,haul_truck,8543.2,86.31,3.91,160.58,477.37,78.62,28,0,medium,night,0
EQ-HAUL-TRUCK-144,haul_truck,2380.0,71.89,4.66,145.87,335.34,65.77,31,0,low,day,0
EQ-CRUSHER-051,crusher,5548.5,99.0,7.84,186.56,505.53,90.02,54,3,medium,day,0
EQ-DRILL-RIG-108,drill_rig,2745.3,84.58,4.9,244.69,473.6,98.84,28,1,low,night,0
EQ-CONVEYOR-BELT-104,conveyor_belt,3384.9,58.66,5.42,101.35,218.83,72.16,16,1,high,night,0
EQ-HAUL-TRUCK-074,haul_truck,4050.8,82.87,1.45,173.04,510.99,92.3,41,0,medium,night,0
EQ-CRUSHER-121,crusher,3102.7,94.58,7.45,170.44,465.51,73.82,11,1,low,night,0
EQ-HAUL-TRUCK-020,haul_truck,7357.8,78.01,6.71,147.08,435.24,74.46,77,1,low,night,0
EQ-CRUSHER-132,crusher,13671.8,85.28,5.97,200.9,529.12,90.73,11,1,medium,day,1
EQ-CRUSHER-061,crusher,1609.2,80.2,8.52,191.31,505.93,79.82,57,0,medium,day,0
EQ-CONVEYOR-BELT-007,conveyor_belt,6217.0,64.25,3.66,104.79,129.73,56.73,47,4,medium,night,0
EQ-CRUSHER-149,crusher,4338.9,90.67,8.95,196.48,588.09,91.34,57,3,low,night,1
EQ-DRILL-RIG-117,drill_rig,3465.9,79.61,10.06,224.99,367.97,67.46,15,0,medium,night,0
EQ-HAUL-TRUCK-123,haul_truck,5762.4,84.52,7.05,135.51,345.7,62.77,20,1,medium,night,0
EQ-DRILL-RIG-023,drill_rig,6466.0,65.41,5.86,178.81,344.41,78.61,22,2,low,day,0
EQ-HAUL-TRUCK-113,haul_truck,3869.3,70.49,4.54,181.36,403.91,76.37,28,1,medium,day,0
EQ-EXCAVATOR-105,excavator,6960.1,85.61,10.02,222.69,328.95,65.52,11,0,high,night,0
EQ-DRILL-RIG-136,drill_rig,1427.4,82.77,5.71,258.94,453.03,76.91,31,1,medium,night,0
EQ-CONVEYOR-BELT-056,conveyor_belt,5398.4,56.53,1.81,104.08,139.14,59.25,32,1,low,night,0
EQ-HAUL-TRUCK-140,haul_truck,4103.6,84.04,7.31,159.23,433.14,97.7,56,2,low,night,0
EQ-CRUSHER-107,crusher,4455.9,92.3,7.49,186.28,546.37,96.01,30,1,medium,night,1
EQ-CONVEYOR-BELT-039,conveyor_belt,6156.9,70.19,3.7,134.26,251.31,80.65,6,0,medium,day,0
EQ-BALL-MILL-033,ball_mill,5151.4,83.64,7.93,163.68,588.79,96.41,8,0,medium,day,0
EQ-CONVEYOR-BELT-136,conveyor_belt,8642.5,68.85,3.42,100.09,126.65,70.72,17,0,medium,day,0
EQ-HAUL-TRUCK-097,haul_truck,9309.3,89.46,4.04,178.85,435.79,68.4,27,1,medium,day,0
EQ-CRUSHER-018,crusher,3725.1,85.93,4.16,182.09,478.17,54.37,87,2,medium,night,0
EQ-HAUL-TRUCK-019,haul_truck,2225.7,82.8,4.02,149.14,528.71,71.29,64,0,high,day,1
EQ-HAUL-TRUCK-125,haul_truck,4011.5,90.05,5.33,198.42,448.79,84.22,25,4,high,night,0
EQ-CONVEYOR-BELT-026,conveyor_belt,2630.8,61.78,2.65,91.97,121.89,39.57,18,1,medium,day,0
EQ-DRILL-RIG-033,drill_rig,3306.0,94.16,9.53,225.41,449.55,97.38,32,2,medium,night,0
EQ-HAUL-TRUCK-093,haul_truck,4275.3,74.38,5.94,168.16,439.62,93.56,32,0,low,day,0
EQ-DRILL-RIG-130,drill_rig,1881.9,82.16,5.59,259.72,339.87,71.17,30,2,low,night,1
EQ-CONVEYOR-BELT-051,conveyor_belt,5027.2,60.8,3.36,93.88,122.96,75.38,11,1,medium,day,0
EQ-DRILL-RIG-100,drill_rig,3876.6,80.35,5.37,249.1,525.03,94.8,22,1,high,day,1
EQ-EXCAVATOR-106,excavator,2860.8,76.16,4.55,232.56,360.03,85.83,22,0,high,day,0
EQ-CRUSHER-091,crusher,1136.3,86.36,8.38,189.08,497.59,75.19,39,0,medium,night,0
EQ-HAUL-TRUCK-103,haul_truck,6068.4,95.42,3.55,135.83,412.84,67.13,64,0,medium,day,0
EQ-EXCAVATOR-035,excavator,6486.0,76.92,5.43,205.09,317.91,74.27,22,3,low,night,0
EQ-EXCAVATOR-094,excavator,6184.3,80.95,4.75,211.12,387.56,76.01,37,0,high,night,0
EQ-EXCAVATOR-001,excavator,2622.1,89.14,5.26,208.58,369.25,69.66,1,0,low,day,0
EQ-HAUL-TRUCK-110,haul_truck,4823.2,79.5,5.25,124.14,413.02,69.75,36,1,high,day,1
EQ-HAUL-TRUCK-119,haul_truck,6596.0,80.33,5.03,166.85,431.32,61.04,3,1,low,day,0
EQ-BALL-MILL-120,ball_mill,4625.7,87.44,5.84,174.7,549.33,81.03,14,2,low,day,1
EQ-DRILL-RIG-005,drill_rig,4446.2,68.7,7.79,248.73,378.19,55.79,19,1,medium,day,0
EQ-EXCAVATOR-137,excavator,8139.7,73.68,5.84,231.35,354.9,58.12,39,0,low,night,0
EQ-BALL-MILL-066,ball_mill,7880.7,77.83,7.89,166.44,564.55,61.47,32,2,low,night,1
EQ-EXCAVATOR-013,excavator,3306.7,74.93,4.17,231.1,505.14,74.88,6,1,medium,day,0
EQ-CRUSHER-081,crusher,3050.0,94.34,8.06,243.15,521.25,83.98,39,0,medium,night,0
EQ-DRILL-RIG-086,drill_rig,2764.3,71.01,9.46,223.07,384.46,68.99,85,0,medium,night,1
EQ-CRUSHER-061,crusher,1564.2,105.43,9.48,173.7,543.36,78.26,10,5,medium,day,0
EQ-EXCAVATOR-113,excavator,7348.1,72.65,5.9,212.94,467.96,80.74,21,0,medium,night,0
EQ-EXCAVATOR-082,excavator,4594.9,70.26,4.09,191.35,362.23,72.07,27,2,low,night,0
EQ-CRUSHER-033,crusher,3337.7,100.94,5.84,199.19,350.64,65.51,25,2,medium,night,0
EQ-CONVEYOR-BELT-094,conveyor_belt,4209.4,68.73,2.99,76.93,232.35,70.58,55,0,medium,night,0
EQ-CRUSHER-040,crusher,7643.9,87.39,10.15,199.04,615.38,85.09,46,0,high,day,1
EQ-CRUSHER-018,crusher,1942.6,90.5,6.65,236.93,498.95,68.79,36,0,medium,day,0
EQ-EXCAVATOR-041,excavator,7234.4,76.91,4.47,240.35,321.68,63.61,28,0,medium,night,0
EQ-CRUSHER-136,crusher,4036.7,92.73,11.05,211.22,514.69,97.87,46,1,medium,day,1
EQ-HAUL-TRUCK-086,haul_truck,4968.2,78.02,1.77,169.69,412.48,77.87,5,0,medium,day,1
EQ-DRILL-RIG-048,drill_rig,5096.5,81.65,6.4,218.89,445.39,85.38,93,1,high,day,0
EQ-CONVEYOR-BELT-055,conveyor_belt,7842.6,63.99,3.89,135.9,200.97,72.09,56,2,medium,day,0
EQ-CRUSHER-129,crusher,2698.7,92.07,6.55,146.07,465.08,78.56,61,0,low,day,0
EQ-CONVEYOR-BELT-100,conveyor_belt,10096.8,65.28,3.17,129.38,252.26,69.74,110,0,high,night,1
EQ-HAUL-TRUCK-117,haul_truck,2158.3,77.11,4.59,175.84,282.54,80.78,55,0,medium,day,0
EQ-EXCAVATOR-092,excavator,2941.0,74.6,6.34,212.96,427.34,69.47,12,0,medium,day,1
EQ-CRUSHER-149,crusher,5467.0,101.89,8.13,177.45,532.16,78.73,34,0,medium,day,1
EQ-CRUSHER-099,crusher,7418.1,87.65,5.4,137.44,405.28,96.25,54,0,low,night,0
EQ-CONVEYOR-BELT-061,conveyor_belt,2761.1,51.49,3.83,77.82,298.05,88.54,34,1,medium,night,0
EQ-BALL-MILL-038,ball_mill,2020.1,84.44,4.78,133.56,547.44,80.75,36,0,medium,night,1
EQ-EXCAVATOR-007,excavator,7599.3,81.42,4.87,170.41,423.17,80.08,66,1,medium,night,1
EQ-EXCAVATOR-116,excavator,3378.4,64.47,5.24,264.79,405.52,83.1,27,2,low,day,0
EQ-CONVEYOR-BELT-140,conveyor_belt,3491.2,61.62,3.83,64.57,184.81,69.7,75,1,high,night,0
EQ-EXCAVATOR-100,excavator,4322.0,71.12,6.95,218.41,428.33,84.41,20,1,medium,night,1
EQ-HAUL-TRUCK-074,haul_truck,3942.6,96.27,4.8,120.84,463.11,88.09,36,3,medium,night,1
EQ-BALL-MILL-020,ball_mill,5546.6,98.5,5.78,190.14,564.49,80.32,6,1,low,night,1
EQ-DRILL-RIG-097,drill_rig,2212.4,79.86,5.83,277.88,272.99,52.6,6,1,medium,day,0
EQ-BALL-MILL-031,ball_mill,1896.5,82.83,8.2,113.71,553.18,79.59,126,3,low,day,0
EQ-HAUL-TRUCK-094,haul_truck,4937.5,95.52,4.16,121.47,430.06,82.77,33,0,medium,night,0
EQ-HAUL-TRUCK-046,haul_truck,5064.3,80.25,4.1,120.4,378.83,79.22,27,1,medium,day,0
EQ-CRUSHER-130,crusher,5537.1,85.25,7.08,192.88,579.74,70.08,39,1,medium,night,0
EQ-BALL-MILL-141,ball_mill,5399.9,88.8,7.91,128.91,562.29,76.76,47,0,high,day,1
EQ-HAUL-TRUCK-036,haul_truck,1914.4,109.22,5.66,139.69,428.33,80.92,14,1,medium,night,0
EQ-HAUL-TRUCK-049,haul_truck,5360.9,93.04,2.82,173.5,518.32,84.63,55,3,medium,night,1
EQ-HAUL-TRUCK-139,haul_truck,5257.5,90.95,6.22,160.49,361.79,65.06,23,0,medium,day,0
EQ-DRILL-RIG-003,drill_rig,2075.3,76.23,4.52,239.41,313.61,72.89,120,1,medium,day,0
EQ-DRILL-RIG-078,drill_rig,6474.1,87.3,8.04,277.11,328.52,60.71,37,1,medium,night,0
EQ-CONVEYOR-BELT-022,conveyor_belt,2717.2,75.1,2.68,91.52,55.52,44.38,4,1,high,day,0
EQ-HAUL-TRUCK-065,haul_truck,2559.7,83.9,4.81,122.68,435.91,80.86,22,2,medium,day,0
EQ-CONVEYOR-BELT-005,conveyor_belt,5599.7,74.94,4.52,89.02,187.57,85.51,36,5,low,night,0
EQ-CRUSHER-022,crusher,2310.5,89.17,7.16,190.63,466.29,70.44,10,2,low,day,0
EQ-HAUL-TRUCK-061,haul_truck,3688.2,96.69,6.34,126.7,374.48,59.79,42,1,high,night,0
EQ-EXCAVATOR-010,excavator,3427.6,77.96,8.47,212.33,337.24,84.94,47,0,low,day,0
EQ-CRUSHER-120,crusher,3147.7,83.85,8.21,178.04,608.65,82.97,28,1,medium,day,0
EQ-EXCAVATOR-087,excavator,2819.8,72.0,6.53,169.47,389.83,62.42,3,1,high,day,0
EQ-BALL-MILL-068,ball_mill,9450.5,99.07,8.27,180.94,625.43,85.64,96,3,high,night,1
EQ-CRUSHER-071,crusher,5452.2,89.95,7.23,191.35,581.39,88.67,8,0,low,night,0
EQ-EXCAVATOR-126,excavator,2978.7,77.2,5.4,228.16,348.83,78.7,23,0,medium,day,0
EQ-CONVEYOR-BELT-127,conveyor_belt,1017.0,61.29,5.28,91.53,172.47,81.34,53,1,medium,day,0
EQ-CONVEYOR-BELT-008,conveyor_belt,3017.7,69.89,2.72,94.47,272.4,62.6,45,1,high,night,0
EQ-HAUL-TRUCK-103,haul_truck,4723.0,86.24,4.28,167.53,387.22,90.62,17,1,medium,night,0
EQ-CONVEYOR-BELT-071,conveyor_belt,3419.2,62.14,2.36,52.03,192.25,64.19,17,2,medium,day,0
EQ-EXCAVATOR-118,excavator,4859.4,77.58,4.17,179.67,366.34,76.26,34,0,low,day,0
EQ-EXCAVATOR-119,excavator,2403.6,74.49,4.15,249.84,401.9,70.3,13,4,low,day,0
EQ-CONVEYOR-BELT-107,conveyor_belt,4314.5,61.44,1.51,84.84,243.31,80.46,34,2,medium,night,0
EQ-CONVEYOR-BELT-102,conveyor_belt,5758.9,61.02,4.73,93.07,329.76,99.64,56,1,medium,night,1
EQ-EXCAVATOR-032,excavator,4206.8,77.39,3.45,160.98,378.1,54.28,21,2,medium,night,0
EQ-HAUL-TRUCK-128,haul_truck,3535.6,81.46,6.65,185.31,492.67,97.9,29,1,high,night,0
EQ-CRUSHER-106,crusher,5084.5,83.42,7.25,200.91,516.67,75.67,41,3,low,day,1
EQ-EXCAVATOR-042,excavator,1375.8,80.54,4.23,228.69,244.28,69.54,73,4,medium,night,0
EQ-BALL-MILL-035,ball_mill,5750.9,83.95,7.54,163.85,449.54,75.19,44,1,medium,night,1
EQ-CRUSHER-076,crusher,1494.7,94.96,8.86,172.97,538.23,63.38,20,1,medium,day,0
EQ-DRILL-RIG-052,drill_rig,6183.2,78.47,5.46,231.83,418.14,60.82,62,0,medium,night,1
EQ-CRUSHER-102,crusher,3472.0,99.39,6.68,162.22,501.9,82.8,53,1,medium,day,0
EQ-DRILL-RIG-061,drill_rig,1181.5,72.42,5.51,241.35,407.01,94.85,60,2,low,night,0
EQ-HAUL-TRUCK-026,haul_truck,5965.3,85.22,5.59,171.39,419.94,71.64,25,0,medium,night,1
EQ-EXCAVATOR-060,excavator,6571.4,76.27,5.57,243.7,497.79,93.39,68,1,high,night,1
EQ-HAUL-TRUCK-123,haul_truck,3579.4,83.77,2.5,194.33,568.61,81.54,22,2,high,day,0
EQ-HAUL-TRUCK-125,haul_truck,6346.7,76.74,4.84,168.93,494.49,86.97,17,0,medium,night,1
EQ-BALL-MILL-047,ball_mill,4579.1,87.85,6.76,186.37,600.96,72.99,69,1,medium,day,1
EQ-CONVEYOR-BELT-120,conveyor_belt,5066.7,55.14,3.11,67.58,228.09,75.96,33,1,high,day,0
EQ-CONVEYOR-BELT-014,conveyor_belt,7029.2,68.27,1.47,117.17,181.13,62.09,33,4,high,night,0
EQ-CRUSHER-148,crusher,4808.8,80.22,7.03,172.42,519.86,82.45,13,1,low,day,0
EQ-CONVEYOR-BELT-115,conveyor_belt,5971.6,67.54,2.6,77.16,251.4,77.15,15,0,medium,night,0
EQ-CONVEYOR-BELT-007,conveyor_belt,9100.0,64.35,3.7,84.26,60.55,62.21,17,0,high,day,0
EQ-DRILL-RIG-106,drill_rig,5948.8,92.6,8.01,245.14,404.01,86.99,23,1,high,night,1
EQ-CONVEYOR-BELT-075,conveyor_belt,3428.8,73.09,4.17,127.8,98.89,61.42,24,1,medium,night,0
EQ-CONVEYOR-BELT-133,conveyor_belt,4647.5,57.0,3.96,53.73,187.67,68.01,6,2,medium,day,0
EQ-EXCAVATOR-036,excavator,3008.2,95.61,5.03,215.62,429.34,77.78,53,3,high,night,0
EQ-BALL-MILL-134,ball_mill,4744.7,83.64,5.95,165.24,582.62,79.68,95,0,low,day,0
EQ-HAUL-TRUCK-131,haul_truck,3646.2,90.47,8.8,193.9,517.87,95.2,13,2,low,night,1
EQ-CRUSHER-042,crusher,4958.3,84.43,8.15,195.61,629.68,79.42,31,1,medium,night,1
EQ-BALL-MILL-065,ball_mill,6006.3,91.71,6.66,202.3,553.41,80.85,59,1,medium,night,1
EQ-HAUL-TRUCK-097,haul_truck,2958.8,86.62,6.1,213.44,387.96,76.63,66,1,medium,night,0
EQ-HAUL-TRUCK-037,haul_truck,4256.8,84.92,3.26,155.67,461.53,70.33,23,2,medium,night,0
EQ-EXCAVATOR-150,excavator,2608.3,74.41,4.88,213.01,319.66,71.89,61,2,medium,night,0
EQ-CRUSHER-029,crusher,3031.4,82.43,7.78,184.9,573.92,84.02,11,3,low,night,1
EQ-BALL-MILL-037,ball_mill,4561.8,92.42,9.45,149.21,570.45,76.39,2,0,medium,day,1
EQ-DRILL-RIG-076,drill_rig,3522.5,81.8,4.18,257.06,515.74,77.82,23,1,medium,day,0
EQ-CRUSHER-071,crusher,7594.9,92.26,7.62,203.87,606.85,94.01,100,0,high,night,1
EQ-BALL-MILL-008,ball_mill,1748.4,91.92,9.94,180.38,639.04,96.71,32,0,high,day,1
EQ-CONVEYOR-BELT-137,conveyor_belt,8298.8,56.11,3.31,87.88,254.74,78.75,125,1,low,day,0
EQ-DRILL-RIG-037,drill_rig,5954.2,81.15,7.29,181.8,342.25,89.92,12,0,medium,night,0
EQ-EXCAVATOR-016,excavator,5425.1,89.22,5.73,217.0,326.6,64.38,20,1,high,night,0
EQ-CRUSHER-078,crusher,5781.8,94.42,7.73,156.0,536.7,83.48,52,0,low,day,0
EQ-HAUL-TRUCK-140,haul_truck,5728.1,96.18,4.38,175.85,478.25,83.24,69,1,medium,day,0
EQ-HAUL-TRUCK-001,haul_truck,3399.8,85.11,6.37,112.67,334.41,92.59,44,1,medium,day,0
EQ-CONVEYOR-BELT-074,conveyor_belt,6093.3,54.88,4.44,67.7,208.11,81.2,22,1,medium,day,0
EQ-HAUL-TRUCK-137,haul_truck,4731.2,90.61,5.43,176.17,500.92,78.93,122,2,low,day,1
EQ-CRUSHER-134,crusher,1897.8,81.08,5.82,204.34,497.49,87.65,29,1,medium,night,1
EQ-CONVEYOR-BELT-026,conveyor_belt,3054.1,74.66,3.1,98.22,157.62,55.06,22,0,medium,day,0
EQ-HAUL-TRUCK-094,haul_truck,2621.5,78.09,3.09,136.68,462.03,92.93,41,1,medium,night,0
EQ-CRUSHER-126,crusher,3845.2,91.56,10.46,212.98,538.34,87.69,55,0,low,night,0
EQ-CONVEYOR-BELT-101,conveyor_belt,1505.0,58.14,3.38,100.09,65.91,62.86,20,1,medium,day,0
EQ-BALL-MILL-099,ball_mill,5656.8,75.27,6.68,200.99,650.41,87.27,13,0,medium,night,0
EQ-EXCAVATOR-116,excavator,6102.3,81.15,6.1,171.43,396.68,81.14,60,0,low,day,0
EQ-BALL-MILL-068,ball_mill,3352.0,88.75,9.68,179.26,588.33,90.09,2,2,medium,night,1
EQ-DRILL-RIG-011,drill_rig,4998.6,74.47,3.36,222.5,462.42,81.31,14,1,low,night,0
EQ-CONVEYOR-BELT-096,conveyor_belt,7725.6,67.65,1.78,90.95,207.14,51.55,14,0,high,night,0
EQ-CRUSHER-095,crusher,3498.3,99.69,6.95,227.43,478.93,86.25,20,0,low,day,0
EQ-CONVEYOR-BELT-128,conveyor_belt,3499.3,57.54,4.95,69.68,300.16,81.72,57,2,medium,day,0
EQ-DRILL-RIG-139,drill_rig,3740.4,72.85,7.42,244.39,360.3,86.64,63,1,medium,day,0
EQ-EXCAVATOR-051,excavator,5453.7,65.08,5.89,198.05,386.88,92.08,31,1,medium,night,0
EQ-BALL-MILL-144,ball_mill,3467.8,86.59,10.96,190.11,685.87,92.47,76,0,high,day,1
EQ-BALL-MILL-002,ball_mill,3771.8,78.6,5.07,177.74,667.48,77.29,92,4,medium,day,1
EQ-CRUSHER-146,crusher,5365.1,83.74,6.29,191.5,447.62,79.46,27,3,medium,day,0
EQ-CONVEYOR-BELT-021,conveyor_belt,5226.2,67.58,4.25,69.84,115.28,74.1,48,2,low,day,0
EQ-CRUSHER-097,crusher,3270.6,85.51,8.01,188.34,546.54,86.15,17,0,medium,day,0
EQ-DRILL-RIG-103,drill_rig,2570.2,71.82,6.22,265.56,460.79,79.13,5,0,medium,day,0
EQ-DRILL-RIG-095,drill_rig,3571.6,83.01,7.37,252.05,351.56,71.6,31,4,medium,night,0
EQ-HAUL-TRUCK-149,haul_truck,3946.5,81.45,2.68,173.66,410.73,89.18,36,1,high,day,0
EQ-HAUL-TRUCK-083,haul_truck,4596.7,83.99,6.09,150.27,448.21,86.16,45,0,medium,day,0
EQ-EXCAVATOR-020,excavator,4226.5,69.6,6.16,216.52,311.84,80.64,31,1,medium,day,0
EQ-BALL-MILL-092,ball_mill,2287.2,65.14,7.28,188.14,632.72,101.4,8,2,low,day,0
EQ-CRUSHER-044,crusher,3430.8,87.13,6.23,202.02,521.89,95.59,23,3,medium,night,1
EQ-BALL-MILL-092,ball_mill,1553.6,80.16,5.8,144.95,709.54,90.34,67,2,low,day,1
EQ-CRUSHER-058,crusher,4585.9,100.23,6.97,184.17,547.33,76.17,9,3,medium,day,1
EQ-EXCAVATOR-007,excavator,2510.9,83.49,9.1,229.24,293.69,60.89,30,2,high,day,0
EQ-BALL-MILL-096,ball_mill,1998.7,98.07,9.66,176.27,524.34,87.79,21,1,medium,day,0
EQ-CONVEYOR-BELT-014,conveyor_belt,3646.1,68.39,2.78,77.27,86.06,74.19,25,0,low,night,0
EQ-EXCAVATOR-050,excavator,4902.9,94.71,5.88,229.52,384.47,63.46,61,1,medium,night,0
EQ-HAUL-TRUCK-093,haul_truck,4176.3,84.67,4.54,170.06,402.1,77.74,107,1,medium,day,1
EQ-HAUL-TRUCK-133,haul_truck,8098.3,84.07,6.39,134.07,449.91,75.38,19,3,low,day,0
EQ-HAUL-TRUCK-048,haul_truck,1751.6,94.01,5.76,152.29,454.77,96.96,11,0,high,day,1
EQ-EXCAVATOR-045,excavator,1705.0,84.92,6.54,187.96,284.93,61.33,15,2,medium,night,0
EQ-CONVEYOR-BELT-046,conveyor_belt,3156.4,64.16,4.77,68.04,225.55,70.07,14,0,medium,day,0
EQ-EXCAVATOR-087,excavator,5987.8,88.73,6.82,227.24,415.21,97.27,32,2,medium,night,1
EQ-HAUL-TRUCK-030,haul_truck,3282.8,107.33,3.63,176.73,511.16,68.46,60,0,low,day,0
EQ-EXCAVATOR-080,excavator,2718.7,75.74,4.91,225.76,400.59,76.94,24,1,low,night,0
EQ-CRUSHER-121,crusher,5046.4,90.88,9.08,166.73,472.41,68.25,16,0,medium,day,0
EQ-BALL-MILL-013,ball_mill,3439.8,88.47,5.4,165.05,502.77,69.05,61,4,low,day,1
EQ-CRUSHER-145,crusher,6946.2,94.1,7.81,153.12,455.52,91.01,10,1,low,day,1
EQ-HAUL-TRUCK-080,haul_truck,3699.0,75.7,4.99,167.99,543.48,83.73,32,0,high,day,0
EQ-CONVEYOR-BELT-095,conveyor_belt,6031.0,68.47,1.51,100.12,240.27,72.86,45,3,high,night,0
EQ-BALL-MILL-093,ball_mill,3837.2,91.71,6.44,162.97,621.2,71.87,13,0,low,day,0
EQ-DRILL-RIG-142,drill_rig,4915.2,86.22,4.26,222.97,377.81,68.11,32,0,high,day,0
EQ-DRILL-RIG-100,drill_rig,6428.1,73.69,5.99,241.81,347.16,73.41,61,3,low,night,0
EQ-BALL-MILL-133,ball_mill,1699.5,91.5,7.59,127.12,696.58,87.9,23,0,high,day,1
EQ-CONVEYOR-BELT-043,conveyor_belt,1444.8,65.93,2.18,77.59,40.0,73.13,46,3,medium,day,0
EQ-BALL-MILL-033,ball_mill,1805.1,97.69,6.73,187.42,505.4,70.55,7,1,medium,day,0
EQ-HAUL-TRUCK-097,haul_truck,2572.4,79.71,4.44,117.48,461.18,82.95,17,0,medium,day,0
EQ-DRILL-RIG-024,drill_rig,6553.8,76.23,4.5,291.64,287.8,57.97,12,2,low,night,0
EQ-DRILL-RIG-017,drill_rig,8599.9,81.04,4.42,237.36,343.78,77.25,27,2,high,day,0
EQ-BALL-MILL-032,ball_mill,3960.9,88.73,5.41,187.05,623.62,76.74,16,0,low,night,1
EQ-CRUSHER-041,crusher,3374.2,88.79,6.47,168.69,561.13,76.21,84,1,high,day,1
EQ-DRILL-RIG-015,drill_rig,4806.0,74.69,7.2,227.32,428.29,92.68,40,1,low,day,0
EQ-HAUL-TRUCK-110,haul_truck,2946.5,86.3,5.42,156.92,476.34,81.86,12,0,low,night,0
EQ-CONVEYOR-BELT-088,conveyor_belt,4685.0,65.27,1.59,93.21,216.67,73.76,21,2,low,night,0
EQ-EXCAVATOR-031,excavator,6439.9,90.71,6.72,165.12,401.1,81.96,22,0,medium,night,0
EQ-CONVEYOR-BELT-043,conveyor_belt,4824.9,69.54,2.5,77.89,145.69,60.77,62,1,medium,day,0
EQ-CONVEYOR-BELT-140,conveyor_belt,2422.5,56.38,2.38,117.17,168.66,79.76,43,4,medium,day,0
EQ-EXCAVATOR-137,excavator,3898.6,90.93,4.4,176.27,358.67,78.1,31,2,high,night,1
EQ-HAUL-TRUCK-019,haul_truck,9055.4,99.16,3.47,146.2,504.89,66.12,44,1,medium,night,0
EQ-EXCAVATOR-093,excavator,5065.2,55.28,3.72,230.7,346.03,78.77,67,2,medium,day,0
EQ-CONVEYOR-BELT-049,conveyor_belt,3239.9,70.1,4.79,111.43,126.21,83.45,119,4,medium,day,0
EQ-CONVEYOR-BELT-054,conveyor_belt,2908.7,59.04,3.46,88.21,201.53,72.73,95,1,medium,night,0
EQ-CONVEYOR-BELT-090,conveyor_belt,3194.9,66.98,2.8,100.38,140.56,67.51,35,0,high,day,0
EQ-HAUL-TRUCK-148,haul_truck,5723.7,83.91,2.83,138.16,420.66,78.88,25,1,medium,night,0
EQ-DRILL-RIG-088,drill_rig,4519.9,76.53,7.33,249.35,352.91,66.58,40,1,medium,night,0
EQ-CONVEYOR-BELT-143,conveyor_belt,2533.8,58.15,4.2,111.5,207.74,90.93,54,1,medium,day,0
EQ-HAUL-TRUCK-124,haul_truck,6276.1,81.84,4.62,144.39,414.95,72.18,19,2,low,day,0
EQ-EXCAVATOR-117,excavator,8928.9,76.29,6.67,210.22,291.57,65.87,36,4,medium,night,0
EQ-CRUSHER-119,crusher,4623.6,95.77,6.12,216.83,586.67,89.92,41,1,low,night,1
EQ-EXCAVATOR-119,excavator,6800.6,77.91,8.04,235.14,365.63,63.05,86,3,high,night,1
EQ-HAUL-TRUCK-039,haul_truck,2368.3,80.62,3.93,177.03,491.76,88.29,16,2,low,night,0
EQ-HAUL-TRUCK-147,haul_truck,3781.1,85.69,6.32,194.45,439.84,80.83,8,0,low,day,0
EQ-HAUL-TRUCK-138,haul_truck,2239.5,81.78,4.9,173.59,485.86,94.36,7,0,low,day,0
EQ-HAUL-TRUCK-091,haul_truck,5831.3,91.2,5.59,146.09,451.79,93.84,62,1,medium,night,0
EQ-EXCAVATOR-107,excavator,4109.2,73.4,4.45,253.22,293.34,61.26,75,0,high,day,0
EQ-DRILL-RIG-133,drill_rig,1446.0,87.86,2.73,228.52,333.7,74.66,23,2,high,night,0
EQ-CRUSHER-023,crusher,2387.6,89.14,7.82,191.84,531.95,67.05,54,0,medium,day,1
EQ-CRUSHER-010,crusher,3888.0,99.89,6.23,154.06,500.67,76.23,69,0,low,day,0
EQ-CONVEYOR-BELT-150,conveyor_belt,1818.4,63.62,4.47,89.86,309.79,78.11,42,0,medium,day,0
EQ-CRUSHER-084,crusher,2459.4,97.52,6.37,186.24,609.44,86.86,107,0,medium,night,1
EQ-HAUL-TRUCK-109,haul_truck,6558.1,94.06,4.34,161.09,373.55,73.67,29,0,medium,night,0
EQ-EXCAVATOR-076,excavator,2854.9,81.0,6.13,238.32,482.21,73.82,53,1,medium,night,0
EQ-EXCAVATOR-078,excavator,4597.1,88.98,3.25,199.21,344.7,68.68,1,0,medium,day,0
EQ-CONVEYOR-BELT-006,conveyor_belt,6128.0,64.94,4.73,73.89,243.48,52.2,91,2,low,night,0
EQ-CRUSHER-044,crusher,5636.4,103.17,8.04,196.13,523.62,79.76,37,3,medium,night,1
EQ-CRUSHER-014,crusher,7860.7,100.71,8.92,205.79,553.94,88.41,40,2,high,day,0
EQ-CONVEYOR-BELT-065,conveyor_belt,6339.6,68.58,3.24,104.44,254.28,77.24,54,1,low,night,0
EQ-BALL-MILL-004,ball_mill,4524.2,92.64,5.96,194.31,673.55,83.82,66,0,medium,night,1
EQ-EXCAVATOR-121,excavator,1940.3,74.76,7.8,200.97,371.09,68.27,31,1,low,day,1
EQ-CRUSHER-045,crusher,3973.2,81.95,6.77,167.82,584.4,92.24,62,0,low,day,1
EQ-CRUSHER-112,crusher,5658.1,106.15,5.45,182.61,465.68,81.61,27,0,high,night,1
EQ-CONVEYOR-BELT-009,conveyor_belt,2657.7,71.07,3.44,87.05,161.6,82.57,77,1,low,day,0
EQ-CONVEYOR-BELT-005,conveyor_belt,6601.2,66.9,1.77,54.05,144.78,68.17,56,3,medium,night,0
EQ-CONVEYOR-BELT-064,conveyor_belt,4113.3,60.47,3.24,80.53,144.24,55.81,14,2,high,night,0
EQ-HAUL-TRUCK-119,haul_truck,5644.4,79.32,5.45,160.99,414.43,93.84,14,1,low,day,0
EQ-CRUSHER-122,crusher,5627.3,99.6,7.08,148.94,533.98,81.55,65,3,low,day,0
EQ-DRILL-RIG-082,drill_rig,5748.4,78.05,7.38,238.43,374.68,52.41,6,0,medium,night,0
EQ-CRUSHER-093,crusher,3273.4,78.57,8.44,196.31,526.48,80.22,27,1,low,day,0
EQ-BALL-MILL-104,ball_mill,7909.8,84.45,6.01,160.23,541.04,78.27,58,1,low,day,0
EQ-EXCAVATOR-102,excavator,7162.1,73.05,4.92,208.05,335.11,75.15,21,4,medium,day,0
EQ-CRUSHER-112,crusher,4343.9,89.04,8.05,135.56,559.84,80.16,37,0,low,night,1
EQ-CRUSHER-005,crusher,2314.5,84.6,6.84,178.71,579.23,93.07,20,0,medium,day,0
EQ-CRUSHER-065,crusher,3338.9,95.65,8.25,172.12,614.71,88.55,13,4,high,day,1
EQ-DRILL-RIG-126,drill_rig,3268.4,81.69,8.29,243.63,298.04,76.95,73,2,low,night,0
EQ-HAUL-TRUCK-066,haul_truck,1876.1,88.67,5.67,180.17,488.1,71.26,16,0,low,day,0
EQ-CONVEYOR-BELT-022,conveyor_belt,2958.5,58.47,3.84,116.02,269.22,83.66,19,0,low,night,0
EQ-CONVEYOR-BELT-100,conveyor_belt,600.0,56.09,2.51,93.12,117.45,73.37,26,0,low,day,0
EQ-DRILL-RIG-046,drill_rig,5182.4,80.73,9.73,219.78,478.23,108.44,27,0,medium,night,1
EQ-CONVEYOR-BELT-077,conveyor_belt,3789.4,70.31,3.54,51.43,169.46,83.6,29,1,medium,day,0
EQ-BALL-MILL-078,ball_mill,5789.6,85.93,5.52,147.89,546.48,90.47,71,0,low,day,1
EQ-DRILL-RIG-105,drill_rig,3547.7,79.68,3.43,220.03,377.02,77.91,39,2,medium,day,0
EQ-EXCAVATOR-140,excavator,1819.5,79.39,5.3,223.06,366.9,55.88,22,0,low,night,0
EQ-DRILL-RIG-105,drill_rig,2266.1,77.93,8.35,274.49,454.08,86.83,29,1,medium,night,1
EQ-BALL-MILL-150,ball_mill,4027.6,86.26,8.13,190.82,618.17,92.56,48,0,medium,day,1
EQ-EXCAVATOR-003,excavator,4011.4,80.75,4.68,237.0,235.69,60.53,4,0,medium,day,0
EQ-CONVEYOR-BELT-118,conveyor_belt,2949.8,49.07,2.95,75.33,195.37,72.5,26,0,medium,day,0
EQ-EXCAVATOR-063,excavator,2891.8,80.33,5.36,172.66,417.69,86.27,81,5,medium,day,1
EQ-CONVEYOR-BELT-110,conveyor_belt,5923.7,63.23,3.4,80.57,124.5,51.39,32,5,medium,day,0
EQ-HAUL-TRUCK-013,haul_truck,1542.7,78.22,5.54,160.59,489.36,92.72,35,0,low,night,0
EQ-CONVEYOR-BELT-080,conveyor_belt,4750.5,63.18,3.07,66.75,150.8,78.15,29,1,medium,day,0
EQ-CRUSHER-005,crusher,3594.8,92.8,6.56,222.54,613.23,77.96,71,2,medium,night,0
EQ-CONVEYOR-BELT-100,conveyor_belt,5915.1,70.86,3.65,59.21,208.03,77.65,87,2,medium,day,0
EQ-HAUL-TRUCK-033,haul_truck,9281.2,87.02,2.42,173.55,459.86,65.12,2,1,medium,night,1
EQ-CONVEYOR-BELT-022,conveyor_belt,2115.8,61.49,2.28,45.5,89.4,59.47,101,2,medium,day,0
EQ-CRUSHER-012,crusher,5463.4,93.61,6.39,214.21,554.05,99.14,11,0,medium,day,0
EQ-CONVEYOR-BELT-041,conveyor_belt,5341.3,59.83,4.8,86.81,228.64,97.9,59,1,low,night,0
EQ-EXCAVATOR-144,excavator,2730.8,68.9,3.41,213.16,386.99,88.92,60,5,medium,day,0
EQ-HAUL-TRUCK-148,haul_truck,3224.0,78.77,4.62,161.45,421.82,94.4,13,0,low,night,0
EQ-CRUSHER-013,crusher,3721.4,85.14,9.99,164.07,469.83,101.13,27,2,low,night,0
EQ-BALL-MILL-147,ball_mill,5240.1,93.11,7.6,156.68,519.68,70.55,39,0,low,night,1
EQ-EXCAVATOR-089,excavator,4257.3,88.4,4.38,230.8,556.01,91.07,105,1,medium,night,0
EQ-CONVEYOR-BELT-049,conveyor_belt,7322.4,68.97,3.72,97.83,75.66,59.94,38,0,medium,day,0
EQ-HAUL-TRUCK-142,haul_truck,2604.3,75.35,7.66,171.79,446.33,70.28,42,2,high,day,0
EQ-CONVEYOR-BELT-037,conveyor_belt,3972.5,68.16,4.59,40.52,203.94,62.05,68,0,medium,night,0
EQ-EXCAVATOR-028,excavator,4669.8,66.87,5.24,238.5,359.28,70.87,20,2,medium,day,0
EQ-CRUSHER-035,crusher,3495.0,84.19,9.28,178.56,422.91,83.7,18,0,high,night,1
EQ-EXCAVATOR-022,excavator,2415.0,68.25,5.79,238.36,323.29,73.15,53,1,low,day,1
EQ-HAUL-TRUCK-073,haul_truck,6669.4,91.92,5.4,179.8,462.71,74.31,44,2,medium,night,1
EQ-EXCAVATOR-022,excavator,4581.9,83.41,6.96,172.66,446.67,86.18,26,1,medium,day,0
EQ-EXCAVATOR-034,excavator,1543.1,86.99,5.06,172.04,342.5,56.67,66,0,medium,day,0
EQ-CRUSHER-056,crusher,3022.6,86.41,6.13,141.51,574.25,71.63,89,2,high,night,1
EQ-BALL-MILL-098,ball_mill,2676.9,94.02,6.37,158.9,452.72,77.43,65,2,low,night,1
EQ-CRUSHER-129,crusher,8116.1,98.08,8.25,163.54,469.76,77.94,25,1,high,day,1
EQ-BALL-MILL-012,ball_mill,3627.4,92.82,6.56,176.51,627.68,78.83,36,0,high,day,1
EQ-CRUSHER-095,crusher,7462.5,88.66,5.69,161.59,515.93,81.35,20,0,high,night,0
EQ-HAUL-TRUCK-016,haul_truck,5027.5,76.81,4.28,136.16,397.56,76.14,82,1,medium,day,0
EQ-EXCAVATOR-149,excavator,4898.2,76.1,8.55,221.08,285.85,71.66,35,0,medium,night,0
EQ-CRUSHER-042,crusher,2968.6,80.93,9.73,192.2,601.56,86.73,8,0,medium,night,1
EQ-EXCAVATOR-129,excavator,3604.3,73.66,6.12,248.75,471.17,78.68,52,1,medium,day,1
EQ-DRILL-RIG-117,drill_rig,2071.6,72.0,6.39,208.33,467.81,70.62,36,0,high,day,1
EQ-CONVEYOR-BELT-049,conveyor_belt,6260.9,73.7,3.69,133.15,118.57,87.31,32,0,medium,day,0
EQ-CONVEYOR-BELT-049,conveyor_belt,6288.4,62.03,2.87,66.35,55.41,55.33,9,1,medium,day,0
EQ-CRUSHER-048,crusher,4899.1,88.45,8.86,198.28,587.49,101.15,20,1,high,night,0
EQ-CRUSHER-071,crusher,4245.8,96.07,8.24,161.32,695.27,100.38,38,2,medium,day,1
EQ-CONVEYOR-BELT-067,conveyor_belt,3841.7,64.9,1.22,97.55,133.64,68.99,59,3,high,night,0
EQ-HAUL-TRUCK-099,haul_truck,8089.9,80.3,4.11,156.52,396.72,71.48,47,2,medium,night,0
EQ-HAUL-TRUCK-070,haul_truck,6720.8,79.46,7.18,154.53,549.04,93.02,18,3,low,day,0
EQ-EXCAVATOR-119,excavator,4593.2,75.12,6.18,216.3,293.68,70.99,23,1,medium,night,0
EQ-HAUL-TRUCK-070,haul_truck,3252.4,97.29,5.35,176.97,386.38,59.26,16,3,medium,day,0
EQ-CONVEYOR-BELT-047,conveyor_belt,3102.6,62.16,4.28,100.68,77.75,62.49,28,1,high,day,0
EQ-HAUL-TRUCK-050,haul_truck,7797.5,94.86,3.28,159.6,488.29,83.67,57,0,low,night,1
EQ-HAUL-TRUCK-110,haul_truck,2792.1,70.23,7.86,143.73,405.34,84.66,24,2,low,day,0
EQ-BALL-MILL-022,ball_mill,3968.9,95.79,6.32,148.49,580.8,79.56,28,1,high,day,1
EQ-BALL-MILL-043,ball_mill,5324.9,87.45,5.16,154.85,564.43,85.8,33,1,medium,day,0
EQ-CRUSHER-047,crusher,6037.0,83.65,5.82,213.7,595.64,87.06,10,1,medium,day,1
EQ-CRUSHER-097,crusher,4769.9,92.75,8.62,227.36,444.12,53.32,39,2,low,night,1
EQ-DRILL-RIG-020,drill_rig,4313.8,81.29,5.94,210.32,382.64,82.59,37,0,high,night,0
EQ-HAUL-TRUCK-068,haul_truck,4189.5,79.83,5.13,150.58,492.25,66.5,37,1,high,night,0
EQ-CRUSHER-102,crusher,3744.0,91.6,7.86,170.34,475.39,70.15,16,1,medium,night,0
EQ-HAUL-TRUCK-139,haul_truck,2426.3,96.63,5.22,163.14,406.0,73.06,99,1,low,night,0
EQ-CRUSHER-066,crusher,5703.9,93.87,8.1,168.53,559.16,69.01,104,1,high,day,1
EQ-BALL-MILL-148,ball_mill,3288.3,95.71,6.53,167.92,569.51,54.07,27,6,high,night,1
EQ-DRILL-RIG-092,drill_rig,2208.6,78.98,8.67,234.91,368.07,69.15,6,5,medium,day,1
EQ-BALL-MILL-117,ball_mill,2543.7,91.04,7.69,197.63,581.78,81.68,2,0,medium,day,0
EQ-CONVEYOR-BELT-037,conveyor_belt,4570.1,69.34,3.32,58.56,162.76,69.85,14,0,medium,night,0
EQ-CONVEYOR-BELT-138,conveyor_belt,5571.2,73.74,2.68,84.23,127.65,59.05,15,1,low,night,0
EQ-DRILL-RIG-039,drill_rig,4496.9,80.55,6.12,212.11,437.0,78.29,29,0,medium,night,1
EQ-CONVEYOR-BELT-021,conveyor_belt,3907.7,51.81,4.75,111.17,247.81,92.09,20,0,medium,day,0
EQ-CRUSHER-012,crusher,4065.4,94.21,9.54,205.33,549.94,97.56,23,0,medium,night,1
EQ-EXCAVATOR-099,excavator,2834.7,73.11,4.51,209.9,371.93,86.06,66,1,high,day,0
EQ-CRUSHER-095,crusher,6339.4,79.71,8.27,181.21,552.17,71.74,22,1,medium,day,0
EQ-EXCAVATOR-030,excavator,2566.6,78.35,6.82,184.07,388.75,75.11,82,0,high,night,1
EQ-CRUSHER-132,crusher,4829.5,89.91,5.54,184.6,595.72,63.71,34,3,low,day,0
EQ-HAUL-TRUCK-042,haul_truck,6145.4,103.8,6.82,173.25,405.64,67.06,35,0,high,night,0
EQ-CONVEYOR-BELT-092,conveyor_belt,4641.7,66.86,4.1,64.99,136.51,60.16,59,2,low,night,0
EQ-EXCAVATOR-079,excavator,5387.6,70.99,5.81,194.83,346.68,60.59,66,4,low,night,0
EQ-EXCAVATOR-089,excavator,2958.9,71.49,7.32,190.01,407.44,69.62,45,0,medium,day,0
EQ-CRUSHER-112,crusher,4757.7,85.22,9.58,188.33,513.02,103.53,34,0,low,day,1
EQ-HAUL-TRUCK-140,haul_truck,5979.4,86.85,5.11,144.64,456.0,74.48,24,0,low,night,0
EQ-BALL-MILL-109,ball_mill,5722.6,81.64,4.56,154.27,591.44,55.1,6,0,medium,night,0
EQ-CRUSHER-137,crusher,6010.0,87.49,6.47,195.01,471.83,78.76,62,1,medium,day,0
EQ-EXCAVATOR-131,excavator,3633.8,78.64,3.19,204.64,275.28,64.12,51,2,high,day,0
EQ-HAUL-TRUCK-054,haul_truck,6494.2,82.96,5.72,147.68,612.35,88.0,23,2,low,day,0
EQ-DRILL-RIG-084,drill_rig,4407.8,75.39,5.89,245.32,365.6,57.39,22,2,medium,night,0
EQ-CONVEYOR-BELT-030,conveyor_belt,3544.5,63.14,2.82,118.9,217.38,78.19,68,3,medium,day,0
EQ-CRUSHER-139,crusher,7856.4,88.08,7.24,239.78,461.99,85.45,2,0,medium,night,0
EQ-EXCAVATOR-146,excavator,1569.2,78.68,2.13,196.4,382.7,85.54,34,1,medium,day,1
EQ-CONVEYOR-BELT-134,conveyor_belt,4258.6,64.32,3.39,31.17,133.81,54.16,30,2,medium,day,0
EQ-BALL-MILL-112,ball_mill,3041.4,75.04,6.01,162.85,629.54,87.91,62,2,medium,night,0
EQ-CRUSHER-128,crusher,5707.3,87.48,7.23,176.83,470.23,87.29,51,1,low,night,1
EQ-HAUL-TRUCK-120,haul_truck,2928.0,83.56,2.74,146.81,401.78,73.84,13,1,medium,day,0
EQ-HAUL-TRUCK-035,haul_truck,1898.8,82.46,4.88,147.73,446.71,81.16,21,1,medium,day,0
EQ-HAUL-TRUCK-040,haul_truck,3434.6,76.76,3.16,150.74,504.81,76.88,37,2,medium,night,0
EQ-CONVEYOR-BELT-080,conveyor_belt,3602.1,71.13,3.24,89.39,307.0,68.08,22,1,low,day,0
EQ-BALL-MILL-064,ball_mill,3188.0,98.46,8.97,203.02,517.31,76.85,11,0,high,day,0
EQ-BALL-MILL-111,ball_mill,2232.8,87.34,8.01,172.05,647.99,83.75,15,2,low,night,0
EQ-DRILL-RIG-111,drill_rig,3890.6,77.7,4.04,238.44,469.55,88.32,90,1,high,day,1
EQ-HAUL-TRUCK-147,haul_truck,1709.7,89.29,4.62,168.44,491.55,100.09,24,1,low,night,0
EQ-BALL-MILL-119,ball_mill,3887.8,89.97,6.96,177.04,639.31,79.14,43,1,high,day,0
EQ-EXCAVATOR-002,excavator,3961.7,84.71,5.56,223.43,341.74,82.87,5,0,medium,night,0
EQ-EXCAVATOR-052,excavator,7493.2,79.03,6.43,238.4,421.19,82.3,57,1,medium,night,1
EQ-CONVEYOR-BELT-050,conveyor_belt,4558.2,72.07,5.07,101.91,138.47,84.7,44,0,medium,night,0
EQ-HAUL-TRUCK-096,haul_truck,1754.8,81.9,5.32,180.5,446.08,79.44,60,3,high,night,0
EQ-DRILL-RIG-052,drill_rig,5076.1,87.37,3.69,248.78,369.0,81.43,10,2,medium,night,0
EQ-BALL-MILL-147,ball_mill,8014.2,85.13,7.32,183.94,600.46,92.23,103,2,medium,day,1
EQ-DRILL-RIG-044,drill_rig,2942.7,68.99,6.51,257.87,448.38,83.88,72,2,low,day,0
EQ-DRILL-RIG-066,drill_rig,3968.8,86.76,8.91,241.39,400.18,71.29,10,1,medium,day,1
EQ-CRUSHER-123,crusher,3621.7,93.83,5.92,195.29,513.21,91.36,21,1,medium,night,0
EQ-HAUL-TRUCK-056,haul_truck,4070.4,88.57,1.64,147.23,535.94,68.57,44,0,medium,day,0
EQ-DRILL-RIG-007,drill_rig,985.3,72.8,7.83,257.96,431.16,81.27,11,0,medium,day,0
EQ-CONVEYOR-BELT-050,conveyor_belt,4009.6,74.34,1.83,78.83,95.42,71.69,88,2,high,day,0
EQ-BALL-MILL-054,ball_mill,3938.6,87.67,6.62,157.31,664.58,74.07,55,4,medium,night,1
EQ-HAUL-TRUCK-092,haul_truck,3086.9,82.24,5.45,121.95,516.15,80.65,22,0,low,day,0
EQ-EXCAVATOR-107,excavator,3745.3,77.86,6.76,204.03,438.33,82.25,50,0,medium,day,0
EQ-EXCAVATOR-083,excavator,4262.3,77.54,5.56,198.82,372.03,83.95,23,0,medium,night,0
EQ-CONVEYOR-BELT-062,conveyor_belt,4462.0,68.33,5.32,107.75,210.18,84.66,92,1,medium,night,0
EQ-DRILL-RIG-076,drill_rig,4790.8,85.62,7.86,192.56,410.61,92.14,37,4,medium,night,1
EQ-BALL-MILL-022,ball_mill,1711.1,91.82,8.38,200.42,596.01,79.0,43,1,low,day,1
EQ-EXCAVATOR-028,excavator,6840.0,76.16,8.79,197.41,415.56,99.56,14,0,high,night,0
EQ-CRUSHER-092,crusher,5371.9,95.23,6.23,156.27,484.75,65.9,26,1,medium,day,0
EQ-HAUL-TRUCK-130,haul_truck,4469.3,91.66,6.26,166.32,576.62,85.68,68,1,medium,day,1
EQ-EXCAVATOR-079,excavator,3569.5,80.08,5.04,249.17,334.81,71.25,27,0,high,day,0
EQ-EXCAVATOR-010,excavator,9563.7,84.55,5.23,185.82,310.29,74.19,14,0,high,day,0
EQ-CONVEYOR-BELT-148,conveyor_belt,1723.9,65.3,4.64,76.46,110.03,67.94,10,2,low,night,0
EQ-CRUSHER-049,crusher,4765.6,97.56,5.85,142.04,481.01,69.23,40,1,medium,night,0
EQ-EXCAVATOR-113,excavator,5807.7,82.76,5.77,213.75,403.3,74.16,7,1,medium,night,0
EQ-CONVEYOR-BELT-135,conveyor_belt,4279.2,70.09,2.79,91.4,182.72,77.29,6,0,medium,night,0
EQ-DRILL-RIG-148,drill_rig,3004.5,81.56,4.04,231.56,365.65,67.73,4,1,medium,day,0
EQ-EXCAVATOR-018,excavator,5047.3,74.71,3.93,185.52,322.24,77.1,41,1,medium,night,0
EQ-EXCAVATOR-028,excavator,2535.9,76.6,5.37,168.24,375.37,77.65,3,1,low,night,0
EQ-CONVEYOR-BELT-097,conveyor_belt,5823.7,79.46,2.52,108.78,248.86,72.25,37,1,low,day,0
EQ-DRILL-RIG-115,drill_rig,2418.8,60.94,7.19,192.25,365.06,84.35,33,0,medium,day,0
EQ-DRILL-RIG-126,drill_rig,7152.8,94.37,7.78,239.39,431.36,75.86,21,1,low,night,0
EQ-HAUL-TRUCK-083,haul_truck,5055.0,80.7,2.27,125.14,394.66,72.06,32,1,medium,night,0
EQ-CRUSHER-024,crusher,4369.9,111.81,6.47,209.13,582.69,99.77,48,1,low,day,1
EQ-BALL-MILL-107,ball_mill,3839.0,83.66,6.24,181.8,634.83,88.52,79,3,low,night,0
EQ-CRUSHER-101,crusher,4036.8,93.48,7.28,173.62,499.2,72.1,28,0,high,day,0
EQ-CRUSHER-071,crusher,2670.2,98.52,8.73,199.11,586.69,82.11,37,2,medium,day,1
EQ-BALL-MILL-096,ball_mill,4238.4,91.46,6.67,170.09,633.5,104.92,13,3,high,night,1
EQ-HAUL-TRUCK-032,haul_truck,3434.9,79.57,4.25,189.31,518.51,92.19,37,2,high,night,0
EQ-CONVEYOR-BELT-122,conveyor_belt,3298.2,66.22,3.57,61.51,175.76,59.42,29,0,medium,night,0
EQ-DRILL-RIG-007,drill_rig,9284.9,95.22,7.07,261.72,440.09,93.13,44,0,high,day,0
EQ-HAUL-TRUCK-126,haul_truck,3466.1,76.42,2.5,158.07,406.71,60.2,12,2,low,night,0
EQ-CONVEYOR-BELT-126,conveyor_belt,3691.4,65.91,1.57,100.22,247.13,82.87,107,2,medium,day,0
EQ-CRUSHER-104,crusher,6347.1,85.9,10.63,196.15,748.98,103.19,24,1,medium,day,1
EQ-DRILL-RIG-123,drill_rig,2662.7,71.51,3.57,203.62,387.42,68.01,39,1,medium,night,0
EQ-BALL-MILL-137,ball_mill,7071.6,82.06,6.45,163.41,472.64,73.75,2,2,low,day,0
EQ-DRILL-RIG-025,drill_rig,3633.7,89.93,8.69,189.19,338.57,70.19,33,2,high,night,1
EQ-HAUL-TRUCK-082,haul_truck,2856.9,85.35,5.59,164.3,425.09,73.31,41,2,medium,night,0
EQ-DRILL-RIG-097,drill_rig,1704.3,79.48,6.95,216.33,452.0,86.78,64,3,high,day,1
EQ-BALL-MILL-142,ball_mill,6682.2,100.79,7.69,149.36,666.01,94.24,43,1,high,day,1
EQ-CONVEYOR-BELT-111,conveyor_belt,3206.3,62.31,3.37,77.6,126.5,61.04,85,1,high,day,0
EQ-CONVEYOR-BELT-090,conveyor_belt,3589.4,51.99,3.54,104.23,151.83,75.21,67,1,medium,day,0
EQ-HAUL-TRUCK-084,haul_truck,3616.2,84.41,4.24,182.57,441.01,78.23,9,3,medium,night,0
EQ-DRILL-RIG-022,drill_rig,3201.8,72.27,4.24,249.89,333.47,74.2,87,1,medium,night,0
EQ-HAUL-TRUCK-048,haul_truck,5036.2,76.52,6.71,154.07,503.38,88.77,26,1,medium,night,1
EQ-EXCAVATOR-065,excavator,5997.8,85.01,4.75,200.88,438.47,91.11,32,0,medium,night,0
EQ-BALL-MILL-133,ball_mill,9532.0,93.69,8.88,170.32,563.13,68.45,8,1,medium,day,1
EQ-BALL-MILL-130,ball_mill,7332.8,106.91,4.37,171.78,500.32,73.6,61,3,high,day,0
EQ-BALL-MILL-097,ball_mill,4326.7,87.97,7.24,161.59,651.24,99.9,28,0,medium,day,0
EQ-CRUSHER-016,crusher,5848.1,83.11,8.75,201.48,568.11,101.8,29,0,low,night,1
EQ-HAUL-TRUCK-109,haul_truck,8237.0,80.27,3.39,168.26,476.11,93.54,35,2,medium,day,1
EQ-CRUSHER-069,crusher,6238.4,86.54,10.11,173.99,524.26,89.64,56,3,medium,day,1
EQ-HAUL-TRUCK-098,haul_truck,4432.9,87.55,5.49,168.48,426.93,93.28,80,1,high,day,0
EQ-DRILL-RIG-065,drill_rig,5074.5,73.1,8.68,236.2,447.54,81.44,7,0,medium,day,1
EQ-CONVEYOR-BELT-109,conveyor_belt,7110.8,74.11,3.89,70.2,222.45,68.16,25,1,medium,night,0
EQ-CRUSHER-033,crusher,1481.4,85.51,5.87,198.11,480.31,77.39,15,0,medium,night,0
EQ-HAUL-TRUCK-022,haul_truck,3825.4,91.95,3.81,197.2,399.35,79.77,63,0,high,day,0
EQ-CRUSHER-033,crusher,1285.3,99.35,10.19,222.02,457.01,87.68,52,2,medium,night,1
EQ-DRILL-RIG-139,drill_rig,2350.3,78.99,6.09,219.3,331.08,84.36,43,0,low,day,0
EQ-CONVEYOR-BELT-012,conveyor_belt,1038.4,62.51,2.35,111.4,99.8,73.54,30,0,medium,day,0
EQ-HAUL-TRUCK-043,haul_truck,3680.9,81.84,5.19,205.06,403.78,90.47,56,1,low,day,1
EQ-HAUL-TRUCK-052,haul_truck,7912.8,93.41,4.62,158.76,456.63,85.32,37,0,high,night,0
EQ-CRUSHER-126,crusher,6733.1,101.86,7.0,188.5,481.19,72.34,47,1,low,night,1
EQ-HAUL-TRUCK-054,haul_truck,2856.9,85.8,5.95,192.87,478.82,79.44,75,2,medium,night,0
EQ-BALL-MILL-135,ball_mill,5056.2,91.79,5.63,192.17,615.54,84.07,47,2,high,night,0
EQ-CONVEYOR-BELT-149,conveyor_belt,2590.8,66.48,6.61,20.0,192.84,70.49,29,3,low,day,0
EQ-HAUL-TRUCK-098,haul_truck,4336.4,83.84,5.25,113.76,490.56,72.51,18,3,low,night,0
EQ-DRILL-RIG-052,drill_rig,7472.0,79.12,7.24,236.59,511.18,78.34,18,0,low,night,0
EQ-EXCAVATOR-090,excavator,2204.7,83.23,6.43,211.88,321.93,90.94,23,1,high,day,0
EQ-EXCAVATOR-101,excavator,4720.5,75.99,5.03,190.05,383.29,76.75,43,1,high,day,1
EQ-CONVEYOR-BELT-017,conveyor_belt,5760.2,66.14,3.88,66.84,206.86,92.82,80,0,medium,day,0
EQ-HAUL-TRUCK-125,haul_truck,3132.6,87.5,6.6,154.31,473.08,80.59,16,0,medium,day,0
EQ-CRUSHER-066,crusher,4701.3,94.39,10.9,208.57,561.68,91.45,73,0,medium,day,0
EQ-DRILL-RIG-127,drill_rig,2808.4,83.01,5.06,198.78,516.18,57.12,21,1,low,day,0
EQ-BALL-MILL-092,ball_mill,4441.8,92.38,8.31,171.53,596.17,82.27,80,1,low,night,1
EQ-EXCAVATOR-130,excavator,4441.9,73.4,5.29,188.21,330.82,83.86,21,0,high,night,0
EQ-CONVEYOR-BELT-013,conveyor_belt,2039.6,73.7,5.0,133.9,154.82,77.94,20,1,low,night,0
EQ-EXCAVATOR-007,excavator,1853.7,61.93,4.54,183.34,355.05,57.71,8,2,medium,night,0
EQ-CONVEYOR-BELT-017,conveyor_belt,1701.5,61.34,3.73,101.95,157.13,66.03,25,0,low,night,0
EQ-EXCAVATOR-132,excavator,5202.1,87.24,5.96,204.15,386.41,80.75,22,2,medium,day,1
EQ-CONVEYOR-BELT-150,conveyor_belt,4818.6,53.92,4.37,67.7,155.17,67.83,48,0,low,night,0
EQ-HAUL-TRUCK-150,haul_truck,4242.5,75.16,5.06,173.9,483.31,91.93,17,2,low,night,0
EQ-BALL-MILL-050,ball_mill,3730.9,81.13,5.49,183.5,569.09,77.75,38,1,low,night,1
EQ-BALL-MILL-040,ball_mill,5966.8,99.19,9.01,167.76,578.62,75.81,22,1,high,night,1
EQ-EXCAVATOR-053,excavator,3527.8,92.07,7.58,205.98,373.91,95.16,59,1,low,day,0
EQ-DRILL-RIG-123,drill_rig,2931.4,85.62,5.13,235.52,466.5,83.33,53,2,medium,night,1
EQ-HAUL-TRUCK-038,haul_truck,2320.1,97.21,3.68,128.75,506.41,78.97,50,1,medium,day,1
EQ-CONVEYOR-BELT-083,conveyor_belt,4120.3,73.43,1.59,65.72,204.89,70.07,3,2,medium,day,0
EQ-EXCAVATOR-097,excavator,4534.8,87.67,3.55,241.82,313.2,39.99,17,0,high,night,0
EQ-HAUL-TRUCK-055,haul_truck,1246.1,86.04,5.73,207.31,355.11,73.83,62,0,medium,night,0
EQ-CONVEYOR-BELT-071,conveyor_belt,4022.1,66.0,5.6,78.43,179.17,65.57,20,1,medium,day,0
EQ-CRUSHER-100,crusher,5623.3,89.81,6.43,176.68,548.97,91.29,58,0,medium,day,1
EQ-CRUSHER-119,crusher,3582.8,94.96,8.9,180.05,605.41,70.14,9,2,high,night,1
EQ-CRUSHER-029,crusher,10585.6,95.52,6.44,213.85,619.39,110.0,46,3,high,day,0
EQ-HAUL-TRUCK-077,haul_truck,4129.5,82.88,5.07,192.51,496.43,90.73,42,3,low,night,0
EQ-HAUL-TRUCK-024,haul_truck,3287.5,88.74,4.48,151.98,454.63,73.17,43,1,high,day,0
EQ-CONVEYOR-BELT-003,conveyor_belt,3430.0,69.35,3.69,86.3,96.64,56.03,86,1,high,night,0
EQ-CONVEYOR-BELT-097,conveyor_belt,4862.8,52.04,4.26,84.5,294.35,92.73,15,2,high,day,0
EQ-HAUL-TRUCK-073,haul_truck,9468.3,96.47,5.53,207.33,388.9,84.14,59,1,high,night,1
EQ-EXCAVATOR-039,excavator,2950.4,73.48,5.5,229.44,416.67,83.36,38,0,medium,night,0
EQ-CONVEYOR-BELT-009,conveyor_belt,5390.4,68.06,4.22,116.08,280.46,80.3,99,1,medium,day,0
EQ-CONVEYOR-BELT-142,conveyor_belt,4720.7,53.11,3.74,135.95,179.01,62.81,24,0,medium,night,0
EQ-DRILL-RIG-125,drill_rig,7572.1,88.75,7.28,216.12,384.05,68.79,67,3,high,night,0
EQ-CRUSHER-141,crusher,2877.1,105.39,6.2,173.8,620.86,91.41,92,0,high,day,1
EQ-CRUSHER-018,crusher,5076.8,96.44,10.65,175.54,500.81,76.65,16,1,low,night,1
EQ-CONVEYOR-BELT-003,conveyor_belt,6318.5,71.72,3.51,86.6,238.64,72.37,22,1,medium,night,0
EQ-EXCAVATOR-033,excavator,5350.6,73.78,6.58,208.81,324.61,84.92,59,0,low,day,0
EQ-HAUL-TRUCK-016,haul_truck,6013.7,88.41,3.96,177.31,346.54,82.29,48,1,medium,night,0
EQ-HAUL-TRUCK-069,haul_truck,3510.9,88.46,7.62,165.26,457.79,87.96,29,2,medium,day,0
EQ-DRILL-RIG-097,drill_rig,4591.7,90.65,4.07,249.64,324.02,59.57,39,1,medium,night,0
EQ-HAUL-TRUCK-030,haul_truck,6902.3,86.12,6.58,169.8,495.66,86.88,28,0,medium,night,1
EQ-CONVEYOR-BELT-060,conveyor_belt,1885.0,59.77,3.14,96.53,207.22,83.94,28,0,low,day,0
EQ-CONVEYOR-BELT-081,conveyor_belt,3543.6,67.62,1.62,82.44,117.01,65.22,20,0,medium,day,0
EQ-CRUSHER-048,crusher,2778.4,104.56,6.76,173.83,488.79,100.83,52,0,medium,night,1
EQ-DRILL-RIG-070,drill_rig,2718.3,86.19,9.05,200.15,392.54,95.11,22,1,high,night,0
EQ-CONVEYOR-BELT-089,conveyor_belt,4777.6,62.1,5.23,68.19,173.74,50.2,8,0,low,day,0
EQ-HAUL-TRUCK-143,haul_truck,4738.4,76.43,5.59,143.25,381.04,85.32,34,0,medium,day,0
EQ-DRILL-RIG-047,drill_rig,3614.9,79.75,6.33,233.29,415.45,88.79,43,3,medium,night,0
EQ-CRUSHER-014,crusher,4450.4,88.27,8.01,165.38,584.47,84.52,13,1,medium,day,0
EQ-EXCAVATOR-131,excavator,4011.0,75.05,5.82,181.63,372.82,73.09,38,2,medium,night,0
EQ-CONVEYOR-BELT-087,conveyor_belt,1728.5,63.12,1.66,105.28,158.28,60.91,13,0,medium,night,0
EQ-CONVEYOR-BELT-071,conveyor_belt,2302.1,62.98,4.4,91.45,160.53,57.05,17,1,high,night,0
EQ-EXCAVATOR-109,excavator,5398.5,75.75,7.51,183.63,348.45,82.62,19,1,medium,day,1
EQ-BALL-MILL-148,ball_mill,2555.3,88.67,7.63,187.53,554.52,76.55,50,2,low,night,0
EQ-CONVEYOR-BELT-020,conveyor_belt,3587.2,54.08,3.86,117.09,173.12,69.44,14,1,high,night,0
EQ-CONVEYOR-BELT-130,conveyor_belt,4946.2,67.04,2.04,74.23,200.29,55.69,65,1,high,night,0
EQ-HAUL-TRUCK-096,haul_truck,4711.9,63.83,5.24,163.67,396.52,74.44,71,2,low,day,0
EQ-EXCAVATOR-088,excavator,3038.1,84.7,2.45,221.08,400.79,70.2,18,1,high,night,0
EQ-CRUSHER-130,crusher,4140.8,90.58,5.99,197.54,585.64,82.92,48,0,medium,night,0
EQ-CONVEYOR-BELT-046,conveyor_belt,3523.9,70.33,4.39,89.17,192.08,79.37,43,1,high,night,0
EQ-CRUSHER-119,crusher,3898.5,92.34,7.58,182.54,468.61,77.16,41,0,medium,day,0
EQ-DRILL-RIG-086,drill_rig,7453.6,81.81,6.0,224.67,410.98,62.74,74,1,medium,day,0
EQ-EXCAVATOR-141,excavator,5059.4,84.19,4.77,259.9,286.03,94.17,26,2,high,day,0
EQ-CONVEYOR-BELT-071,conveyor_belt,3896.8,69.75,2.69,57.68,186.04,72.15,38,0,high,day,0
EQ-DRILL-RIG-109,drill_rig,4189.2,93.56,5.73,254.61,346.28,50.27,46,1,low,night,0
EQ-DRILL-RIG-075,drill_rig,1274.2,82.95,6.87,214.39,568.95,73.39,5,1,medium,night,0
EQ-DRILL-RIG-060,drill_rig,11636.0,78.17,5.31,187.21,418.33,94.41,56,1,high,night,1
EQ-BALL-MILL-057,ball_mill,6863.3,94.43,9.37,168.26,624.46,95.11,96,0,medium,day,1
EQ-HAUL-TRUCK-139,haul_truck,3416.7,89.81,4.9,142.11,424.47,72.34,6,1,medium,day,0
EQ-CONVEYOR-BELT-126,conveyor_belt,1692.7,67.45,5.97,89.78,240.74,77.51,40,3,low,day,0
EQ-BALL-MILL-034,ball_mill,3495.7,86.51,6.76,181.78,537.54,70.99,30,2,high,day,0
EQ-CONVEYOR-BELT-130,conveyor_belt,6349.0,68.24,3.26,96.67,298.16,76.59,43,1,medium,night,0
EQ-HAUL-TRUCK-088,haul_truck,6025.9,91.06,4.28,160.03,503.7,81.58,56,0,medium,day,1
EQ-BALL-MILL-016,ball_mill,4110.8,86.39,6.08,133.43,524.74,69.32,20,3,medium,day,0
EQ-HAUL-TRUCK-115,haul_truck,8629.6,75.11,5.7,162.3,468.54,80.63,43,0,low,night,0
EQ-EXCAVATOR-025,excavator,3759.1,69.32,5.37,205.0,416.8,85.66,74,2,low,day,1
EQ-HAUL-TRUCK-131,haul_truck,3594.1,72.78,4.84,164.75,519.18,105.24,61,1,low,day,0
EQ-CRUSHER-069,crusher,4934.1,82.23,10.68,192.75,453.3,94.11,52,3,low,day,1
EQ-CRUSHER-138,crusher,2899.6,99.37,8.35,165.08,480.61,100.55,27,0,high,day,0
EQ-CRUSHER-073,crusher,3223.8,85.42,6.87,172.44,589.99,82.17,24,2,low,night,0
EQ-BALL-MILL-013,ball_mill,5444.5,88.23,7.49,161.14,541.78,72.44,40,2,low,day,0
EQ-CRUSHER-116,crusher,2753.1,82.62,7.13,199.45,549.31,85.7,41,1,medium,night,1
EQ-CRUSHER-109,crusher,4933.2,108.78,7.33,173.24,515.0,75.68,62,1,high,day,0
EQ-BALL-MILL-046,ball_mill,6151.8,88.45,6.84,167.62,630.84,78.17,40,1,low,day,1
EQ-DRILL-RIG-031,drill_rig,3433.4,77.51,5.93,244.96,360.39,65.19,56,4,low,night,0
EQ-EXCAVATOR-130,excavator,3728.5,80.26,6.1,171.86,306.64,78.71,8,0,medium,day,0
EQ-HAUL-TRUCK-117,haul_truck,4336.9,75.8,7.31,159.72,432.21,81.94,51,2,medium,day,0
EQ-CONVEYOR-BELT-045,conveyor_belt,2749.7,77.78,4.2,75.78,140.82,57.99,53,2,medium,day,0
EQ-DRILL-RIG-106,drill_rig,3377.0,75.11,9.01,203.38,384.23,71.1,71,1,low,day,0
EQ-CONVEYOR-BELT-037,conveyor_belt,1978.6,63.38,2.12,91.89,243.29,45.49,6,1,high,day,0
EQ-HAUL-TRUCK-028,haul_truck,2489.2,81.01,6.97,211.75,523.91,79.04,84,0,medium,night,0
EQ-CONVEYOR-BELT-100,conveyor_belt,3950.4,79.31,2.13,96.45,261.15,79.27,31,2,high,day,0
EQ-CONVEYOR-BELT-125,conveyor_belt,4780.9,69.74,3.0,50.12,188.71,62.22,25,0,high,night,0
EQ-CONVEYOR-BELT-138,conveyor_belt,4797.6,68.42,5.5,61.51,239.85,77.68,58,1,medium,day,0
EQ-DRILL-RIG-070,drill_rig,3040.2,84.96,7.09,228.21,392.36,63.98,28,0,low,day,0
EQ-DRILL-RIG-022,drill_rig,3065.8,76.5,5.62,239.59,370.4,79.61,3,2,medium,night,1
EQ-CONVEYOR-BELT-082,conveyor_belt,3251.9,72.22,1.06,87.13,272.54,68.58,46,2,medium,night,0
EQ-CONVEYOR-BELT-103,conveyor_belt,4108.7,39.73,2.44,77.91,174.67,72.2,46,1,low,night,0
EQ-CONVEYOR-BELT-146,conveyor_belt,2480.8,75.65,3.33,112.69,95.24,80.37,136,2,medium,day,1
EQ-CRUSHER-017,crusher,1831.0,97.36,7.66,199.99,571.91,80.59,125,0,low,day,1
EQ-CRUSHER-099,crusher,4393.9,98.42,8.35,182.69,540.92,91.44,68,2,high,night,1
EQ-CONVEYOR-BELT-077,conveyor_belt,3122.5,70.67,1.83,99.19,80.78,61.4,19,0,high,day,0
EQ-CONVEYOR-BELT-089,conveyor_belt,4811.2,59.0,1.52,93.57,112.81,61.98,48,2,medium,day,0
EQ-CRUSHER-014,crusher,8817.2,99.29,8.96,191.99,468.31,94.9,15,0,high,day,1
EQ-HAUL-TRUCK-003,haul_truck,3174.4,77.32,5.14,124.52,448.01,71.82,34,0,medium,day,0
EQ-CONVEYOR-BELT-091,conveyor_belt,4979.2,65.22,4.75,104.06,245.93,84.81,28,0,high,night,0
EQ-CONVEYOR-BELT-030,conveyor_belt,1442.5,69.26,2.47,105.02,197.39,80.21,100,1,low,night,0
EQ-EXCAVATOR-093,excavator,3444.1,60.74,4.72,224.93,313.84,60.06,31,0,medium,night,0
EQ-EXCAVATOR-004,excavator,4279.1,88.14,4.74,235.68,429.06,67.0,64,0,medium,day,0
EQ-EXCAVATOR-121,excavator,1312.0,72.89,4.69,217.27,236.35,50.3,38,1,high,night,0
EQ-BALL-MILL-050,ball_mill,7095.8,89.82,6.57,185.84,519.02,60.1,64,1,high,night,1
EQ-DRILL-RIG-068,drill_rig,2798.1,86.28,4.88,181.46,447.08,74.85,5,0,high,night,0
EQ-CONVEYOR-BELT-052,conveyor_belt,5766.6,64.59,2.25,75.21,287.96,74.57,33,1,high,day,0
EQ-CRUSHER-063,crusher,5159.5,95.1,6.74,234.26,502.63,82.38,63,3,low,night,0
EQ-CONVEYOR-BELT-080,conveyor_belt,7810.1,57.33,2.14,102.54,199.07,55.15,64,1,low,day,0
EQ-CRUSHER-097,crusher,1452.7,90.68,8.45,203.46,691.76,81.9,54,0,medium,night,1
EQ-BALL-MILL-104,ball_mill,4578.3,96.43,8.72,166.48,565.54,70.28,25,3,medium,night,1
EQ-HAUL-TRUCK-149,haul_truck,3887.3,86.03,6.04,120.34,385.0,66.84,55,2,medium,night,1
EQ-HAUL-TRUCK-027,haul_truck,1251.8,84.27,2.54,140.7,380.12,61.46,50,1,low,night,0
EQ-CONVEYOR-BELT-131,conveyor_belt,3742.0,62.62,2.91,128.06,179.44,67.67,40,1,medium,day,0
EQ-HAUL-TRUCK-091,haul_truck,3551.5,88.42,4.96,159.61,406.11,66.25,60,1,high,night,0
EQ-CONVEYOR-BELT-047,conveyor_belt,2201.7,55.67,3.66,106.93,155.44,58.57,17,3,low,day,0
EQ-DRILL-RIG-138,drill_rig,3630.1,86.3,3.86,206.12,292.53,67.33,33,1,medium,night,0
EQ-HAUL-TRUCK-107,haul_truck,3475.6,79.88,2.43,151.26,416.09,74.87,10,3,medium,day,0
EQ-CRUSHER-028,crusher,3184.0,102.1,5.3,215.43,606.62,83.63,12,4,medium,day,1
EQ-CONVEYOR-BELT-027,conveyor_belt,4644.5,56.69,1.52,82.62,146.77,63.02,19,1,medium,night,0
EQ-DRILL-RIG-099,drill_rig,5510.0,89.48,6.95,254.68,443.93,59.57,92,0,low,night,0
EQ-CRUSHER-110,crusher,2815.4,99.78,7.81,163.26,545.28,77.4,63,1,medium,day,1
EQ-HAUL-TRUCK-007,haul_truck,3801.3,77.15,5.28,128.88,366.86,88.68,21,2,medium,day,0
EQ-CONVEYOR-BELT-095,conveyor_belt,7717.1,63.53,2.75,47.26,143.99,61.03,29,2,medium,day,0
EQ-CRUSHER-080,crusher,3781.8,98.8,6.76,194.6,518.7,92.91,26,2,high,day,1
EQ-DRILL-RIG-146,drill_rig,2773.3,81.74,4.93,251.93,418.2,78.61,50,1,high,day,0
EQ-CONVEYOR-BELT-112,conveyor_belt,2362.0,46.96,2.17,59.2,160.29,58.41,18,0,medium,night,0
EQ-EXCAVATOR-137,excavator,5051.5,76.42,4.84,208.66,381.4,74.3,101,0,low,day,0
EQ-DRILL-RIG-006,drill_rig,2879.1,86.85,7.64,228.41,397.43,85.45,105,2,medium,day,0
EQ-CRUSHER-115,crusher,2621.6,81.59,7.47,218.32,571.49,87.29,44,1,medium,night,1
EQ-HAUL-TRUCK-051,haul_truck,4904.8,73.14,3.9,201.98,418.3,82.67,26,1,medium,day,0
EQ-CONVEYOR-BELT-084,conveyor_belt,2045.9,67.02,1.5,93.3,103.49,69.81,77,2,medium,day,0
EQ-BALL-MILL-132,ball_mill,4778.6,93.14,5.72,159.65,510.89,85.42,61,2,high,day,1
EQ-CONVEYOR-BELT-131,conveyor_belt,2419.7,54.49,2.36,70.44,74.97,60.22,16,1,low,day,0
EQ-EXCAVATOR-034,excavator,2632.9,83.02,7.16,193.16,320.13,78.22,35,1,medium,night,0
EQ-CONVEYOR-BELT-037,conveyor_belt,2017.2,79.57,4.27,62.59,160.33,64.81,34,3,medium,night,0
EQ-EXCAVATOR-109,excavator,2694.8,79.5,5.77,189.9,437.33,71.6,4,0,medium,day,0
EQ-CRUSHER-132,crusher,6379.9,84.93,8.47,197.72,610.11,89.44,57,2,high,night,1
EQ-CRUSHER-092,crusher,11153.1,95.29,9.37,181.89,538.18,72.52,28,3,medium,night,1
EQ-EXCAVATOR-009,excavator,3651.7,83.1,5.02,219.74,383.27,71.31,43,1,medium,night,0
EQ-EXCAVATOR-025,excavator,3360.5,88.63,5.68,190.12,505.76,70.23,73,0,medium,night,0
EQ-BALL-MILL-113,ball_mill,5531.6,93.39,7.82,179.48,609.87,85.9,39,2,medium,night,1
EQ-EXCAVATOR-112,excavator,4814.8,75.21,3.35,217.41,357.92,65.13,60,4,medium,night,0
EQ-DRILL-RIG-135,drill_rig,6039.3,84.23,6.21,207.02,459.26,69.68,33,0,low,day,0
EQ-CONVEYOR-BELT-080,conveyor_belt,4611.3,65.71,3.45,107.46,169.98,60.67,9,0,low,day,0
EQ-CRUSHER-065,crusher,6408.1,98.76,7.46,181.05,562.48,94.87,86,0,low,night,1
EQ-HAUL-TRUCK-017,haul_truck,4498.9,78.95,6.02,171.87,441.04,67.27,89,3,low,night,1
EQ-HAUL-TRUCK-118,haul_truck,7723.0,89.37,4.94,152.68,380.78,71.38,15,1,medium,night,0
EQ-HAUL-TRUCK-143,haul_truck,5461.4,71.59,4.4,139.69,441.61,76.83,107,2,low,night,1
EQ-CONVEYOR-BELT-007,conveyor_belt,7410.2,69.5,4.4,115.38,199.7,84.39,30,3,low,night,0
EQ-BALL-MILL-074,ball_mill,3365.7,79.95,8.87,163.63,663.81,96.07,36,1,medium,night,1
EQ-DRILL-RIG-054,drill_rig,3579.0,73.63,6.6,288.85,441.32,83.03,56,3,medium,night,1
EQ-HAUL-TRUCK-112,haul_truck,4364.4,85.94,4.38,154.07,368.74,74.26,47,0,high,day,0
EQ-EXCAVATOR-115,excavator,1706.9,82.58,4.45,192.2,412.21,71.57,6,1,high,day,0
EQ-HAUL-TRUCK-033,haul_truck,4476.0,79.02,1.7,148.82,300.53,68.65,78,0,high,day,0
EQ-BALL-MILL-143,ball_mill,3879.1,76.63,6.57,197.86,620.64,84.77,32,2,medium,day,1
EQ-EXCAVATOR-021,excavator,4055.9,75.05,4.59,230.65,368.44,77.5,24,1,medium,night,0
EQ-HAUL-TRUCK-118,haul_truck,3530.2,72.32,5.69,168.45,364.13,50.96,54,0,low,day,1
EQ-CONVEYOR-BELT-112,conveyor_belt,4350.0,57.93,0.2,66.54,152.16,72.58,43,0,high,night,0
EQ-CONVEYOR-BELT-025,conveyor_belt,3219.6,73.82,2.38,123.65,265.55,75.51,87,0,high,day,0
EQ-EXCAVATOR-102,excavator,6300.2,87.45,6.53,201.06,434.4,55.84,82,3,medium,night,0
EQ-CONVEYOR-BELT-041,conveyor_belt,5327.8,51.94,3.79,77.01,214.89,68.52,24,5,medium,day,0
EQ-HAUL-TRUCK-042,haul_truck,4375.9,89.7,6.66,131.39,424.06,66.34,30,1,low,night,0
EQ-HAUL-TRUCK-013,haul_truck,1820.2,90.06,5.84,142.76,385.39,66.94,15,1,low,day,0
EQ-HAUL-TRUCK-112,haul_truck,1699.5,88.44,4.47,178.76,408.81,90.58,83,3,medium,night,1
EQ-EXCAVATOR-122,excavator,4063.1,76.44,7.54,207.57,410.1,91.28,68,2,low,night,1
EQ-BALL-MILL-076,ball_mill,2538.8,84.29,9.7,179.44,563.53,88.88,24,1,medium,night,0
EQ-CRUSHER-117,crusher,5031.5,86.92,8.01,166.53,504.23,76.5,63,0,high,night,1
EQ-DRILL-RIG-053,drill_rig,1296.0,85.2,5.82,238.19,354.64,75.25,19,3,high,night,0
EQ-EXCAVATOR-085,excavator,8298.1,81.6,4.3,219.93,433.63,70.24,45,0,high,night,0
EQ-CONVEYOR-BELT-119,conveyor_belt,2163.6,59.64,2.66,94.15,172.19,69.63,48,1,low,day,0
EQ-BALL-MILL-065,ball_mill,6058.8,93.91,4.98,170.88,629.7,95.77,43,1,medium,night,1
EQ-EXCAVATOR-093,excavator,3461.9,76.43,6.88,236.16,257.01,67.14,11,1,medium,day,0
EQ-BALL-MILL-022,ball_mill,1774.5,90.62,6.45,153.25,547.38,77.8,59,0,medium,day,0
EQ-CONVEYOR-BELT-077,conveyor_belt,3584.5,55.22,3.3,51.74,148.71,72.58,21,0,high,day,0
EQ-CONVEYOR-BELT-128,conveyor_belt,7067.3,62.21,3.57,108.78,166.23,86.67,12,3,medium,day,0
EQ-EXCAVATOR-116,excavator,3436.8,78.36,5.8,226.9,394.68,84.27,57,0,low,day,0
EQ-CONVEYOR-BELT-046,conveyor_belt,6793.3,67.68,1.38,54.77,247.46,82.14,89,0,medium,night,0
EQ-CRUSHER-082,crusher,3935.9,99.38,7.86,177.81,592.97,79.76,12,0,medium,night,1
EQ-BALL-MILL-093,ball_mill,5278.4,100.27,6.13,142.98,629.09,93.45,4,0,medium,night,0
EQ-BALL-MILL-141,ball_mill,2972.9,84.69,4.47,161.04,553.3,87.95,24,0,medium,day,1
EQ-CRUSHER-125,crusher,1370.4,87.68,4.99,171.05,520.68,74.38,46,1,medium,night,0
EQ-BALL-MILL-123,ball_mill,2682.4,89.28,8.16,182.29,643.24,79.84,19,2,medium,day,0
EQ-BALL-MILL-113,ball_mill,2237.3,81.18,9.13,181.83,675.4,90.88,47,3,medium,day,1
EQ-CONVEYOR-BELT-054,conveyor_belt,4389.5,59.98,2.63,56.13,133.05,71.14,23,1,low,day,0
EQ-HAUL-TRUCK-057,haul_truck,4892.1,79.63,4.01,146.68,504.57,93.4,14,0,high,night,0
EQ-HAUL-TRUCK-070,haul_truck,3545.7,90.81,2.23,173.87,391.96,57.39,5,0,medium,night,0
EQ-HAUL-TRUCK-064,haul_truck,2846.4,86.66,4.55,158.42,489.83,86.31,76,3,low,day,0
EQ-HAUL-TRUCK-144,haul_truck,7634.2,95.46,1.95,154.14,569.61,91.42,50,2,low,day,1
EQ-BALL-MILL-132,ball_mill,3945.2,94.09,7.59,180.06,543.5,66.14,58,1,low,day,0
EQ-HAUL-TRUCK-135,haul_truck,4688.7,77.74,1.8,144.45,444.79,69.56,2,1,low,day,0
EQ-CONVEYOR-BELT-092,conveyor_belt,3199.9,60.06,1.77,93.77,233.83,59.67,29,0,medium,night,0
EQ-CONVEYOR-BELT-029,conveyor_belt,1814.5,71.7,3.73,54.71,230.33,77.46,84,0,high,day,0
EQ-CONVEYOR-BELT-022,conveyor_belt,2642.2,63.4,2.57,86.34,158.9,64.78,141,1,low,night,0
EQ-HAUL-TRUCK-042,haul_truck,3819.5,87.61,5.98,161.5,425.47,60.12,66,2,medium,night,0
EQ-CONVEYOR-BELT-098,conveyor_belt,1987.5,65.96,1.45,59.57,129.03,65.15,36,1,high,day,0
EQ-CONVEYOR-BELT-055,conveyor_belt,5047.6,67.63,3.02,111.0,198.13,67.94,20,3,medium,night,0
EQ-CONVEYOR-BELT-099,conveyor_belt,3869.7,57.61,5.19,107.7,169.09,71.61,48,1,medium,night,0
EQ-HAUL-TRUCK-132,haul_truck,3670.5,77.25,7.51,155.43,435.46,96.06,7,0,medium,day,1
EQ-CONVEYOR-BELT-051,conveyor_belt,1378.6,69.39,1.09,71.23,177.89,80.69,16,0,low,night,0
EQ-HAUL-TRUCK-140,haul_truck,3804.7,68.19,4.04,107.06,431.28,75.94,31,2,low,day,0
EQ-CONVEYOR-BELT-077,conveyor_belt,4197.1,74.47,4.34,104.67,124.56,59.12,66,0,high,night,0
EQ-CRUSHER-121,crusher,2481.8,94.69,7.9,169.73,514.7,77.47,39,1,medium,night,0
EQ-EXCAVATOR-009,excavator,3086.8,78.84,5.21,212.1,371.02,87.15,55,0,medium,night,0
EQ-DRILL-RIG-042,drill_rig,4159.8,85.59,5.72,249.71,415.77,98.07,46,1,high,night,0
EQ-HAUL-TRUCK-140,haul_truck,2581.2,72.17,5.86,184.57,398.41,92.04,25,1,medium,night,0
EQ-BALL-MILL-134,ball_mill,3057.5,82.44,8.35,165.5,549.36,80.97,9,3,low,day,1
EQ-BALL-MILL-086,ball_mill,2755.7,98.64,7.13,190.43,500.87,80.68,20,1,high,night,0
EQ-EXCAVATOR-005,excavator,4937.5,78.82,4.92,211.17,451.65,94.19,42,1,medium,night,0
EQ-EXCAVATOR-009,excavator,6152.9,79.75,5.22,185.53,469.27,89.73,20,0,high,night,0
EQ-HAUL-TRUCK-064,haul_truck,4208.3,83.41,4.27,167.16,384.33,78.94,41,2,low,night,0
EQ-BALL-MILL-135,ball_mill,3375.3,88.83,5.15,160.75,737.49,92.29,101,1,medium,day,1
EQ-CONVEYOR-BELT-057,conveyor_belt,5283.4,64.19,2.37,72.9,206.11,75.99,8,0,high,day,0
EQ-HAUL-TRUCK-133,haul_truck,1785.2,77.82,6.88,128.45,486.95,94.22,56,0,low,night,0
EQ-CRUSHER-081,crusher,3765.8,93.51,10.48,197.78,526.66,82.39,8,2,high,night,1
EQ-HAUL-TRUCK-021,haul_truck,1895.5,91.66,5.35,155.87,430.98,83.1,48,2,high,night,0
EQ-CONVEYOR-BELT-085,conveyor_belt,6302.6,66.01,3.09,107.58,134.45,66.67,55,1,medium,day,0
EQ-CRUSHER-055,crusher,2877.4,90.26,8.93,176.02,501.54,81.13,21,2,high,day,1
EQ-HAUL-TRUCK-034,haul_truck,4676.9,92.54,5.74,152.44,396.25,74.05,73,1,high,night,0
EQ-DRILL-RIG-102,drill_rig,5446.8,102.32,5.47,216.67,402.35,91.03,49,1,high,day,1
EQ-EXCAVATOR-031,excavator,4137.0,77.63,4.82,204.45,443.83,59.97,112,1,medium,night,0
EQ-CRUSHER-136,crusher,2605.8,90.36,6.99,197.75,537.18,77.72,24,0,medium,night,1
EQ-CONVEYOR-BELT-121,conveyor_belt,3064.6,65.17,1.59,92.54,255.59,103.59,25,0,medium,day,0
EQ-BALL-MILL-118,ball_mill,4970.0,82.48,6.27,146.64,611.72,82.58,10,1,low,day,0
EQ-CRUSHER-012,crusher,4922.5,98.45,7.35,186.81,475.36,99.56,135,1,high,night,1
EQ-BALL-MILL-145,ball_mill,4009.5,85.37,7.08,154.16,581.42,86.68,76,1,high,night,1
EQ-EXCAVATOR-074,excavator,1527.7,76.64,3.42,241.72,314.34,79.01,14,4,low,day,0
EQ-DRILL-RIG-110,drill_rig,2087.2,87.36,6.97,207.29,440.65,80.76,55,2,medium,day,0
EQ-EXCAVATOR-029,excavator,3712.4,88.05,5.18,212.82,456.86,85.01,95,2,high,day,0
EQ-CONVEYOR-BELT-116,conveyor_belt,2819.9,71.44,3.5,117.5,236.37,68.52,25,0,medium,day,0
EQ-HAUL-TRUCK-048,haul_truck,2300.5,83.15,2.3,138.94,432.57,72.71,22,1,low,night,0
EQ-BALL-MILL-107,ball_mill,12533.1,89.96,6.61,173.94,581.47,92.23,8,1,low,day,0
EQ-BALL-MILL-042,ball_mill,1757.5,85.45,8.12,171.04,526.49,81.59,70,6,medium,day,1
EQ-CRUSHER-140,crusher,2314.7,103.19,7.03,231.43,526.35,93.12,20,0,high,day,1
EQ-CRUSHER-107,crusher,9232.5,86.2,8.68,180.66,512.09,90.67,11,0,medium,day,1
EQ-CONVEYOR-BELT-068,conveyor_belt,4325.8,83.26,3.84,75.51,170.9,81.81,52,0,medium,night,0
EQ-EXCAVATOR-069,excavator,4944.4,84.93,5.51,193.55,372.31,83.75,9,1,high,night,0
EQ-CONVEYOR-BELT-001,conveyor_belt,3464.9,76.65,5.94,87.65,164.94,89.16,44,0,high,day,0
EQ-CONVEYOR-BELT-045,conveyor_belt,5818.2,58.59,3.6,98.91,261.51,58.94,12,1,high,day,0
EQ-CRUSHER-119,crusher,4749.9,92.23,7.98,198.61,606.64,96.92,57,3,high,night,1
EQ-HAUL-TRUCK-125,haul_truck,4153.8,74.19,4.7,174.21,393.04,71.63,14,1,medium,night,0
EQ-BALL-MILL-150,ball_mill,4192.9,76.6,3.58,200.69,593.54,63.22,22,5,high,day,0
EQ-HAUL-TRUCK-013,haul_truck,2697.3,76.65,4.17,191.03,418.13,75.79,37,3,medium,day,0
EQ-CONVEYOR-BELT-038,conveyor_belt,2621.0,71.6,0.69,123.94,167.22,69.82,24,0,medium,night,0
EQ-HAUL-TRUCK-115,haul_truck,4287.3,83.2,6.85,149.98,451.24,77.27,138,2,low,day,1
EQ-HAUL-TRUCK-055,haul_truck,5529.4,87.41,4.25,150.69,419.55,82.05,16,1,medium,night,0
EQ-HAUL-TRUCK-038,haul_truck,6450.6,85.51,4.52,139.19,375.8,73.67,11,1,low,night,0
EQ-EXCAVATOR-043,excavator,5143.3,77.6,3.23,226.82,407.36,58.17,100,2,high,day,0
EQ-CONVEYOR-BELT-138,conveyor_belt,6779.4,81.32,3.45,91.46,233.06,75.53,28,2,low,day,0
EQ-CRUSHER-129,crusher,6302.2,95.55,5.52,170.58,551.73,79.64,53,4,medium,night,0
EQ-CONVEYOR-BELT-001,conveyor_belt,3609.0,60.01,3.37,68.19,151.81,60.24,19,2,high,day,0
EQ-CONVEYOR-BELT-127,conveyor_belt,7490.9,78.55,1.22,51.4,151.6,65.57,26,3,high,night,0
EQ-HAUL-TRUCK-084,haul_truck,3916.7,92.62,2.69,111.03,546.19,97.36,44,2,high,day,0
EQ-HAUL-TRUCK-127,haul_truck,3799.8,83.37,5.48,169.26,580.81,95.79,41,2,medium,night,0
EQ-CONVEYOR-BELT-094,conveyor_belt,4959.0,68.22,0.2,83.39,220.94,66.86,76,2,low,night,0
EQ-CONVEYOR-BELT-104,conveyor_belt,6444.1,67.05,0.84,89.39,265.36,78.77,11,1,medium,night,0
EQ-CONVEYOR-BELT-087,conveyor_belt,2906.0,68.95,3.84,43.11,154.96,87.9,40,4,high,day,0
EQ-EXCAVATOR-111,excavator,3907.8,79.69,4.48,214.03,355.19,66.22,4,0,high,night,0
EQ-DRILL-RIG-123,drill_rig,3594.0,87.09,4.91,253.81,434.78,76.89,30,3,medium,night,0
EQ-HAUL-TRUCK-077,haul_truck,2492.0,85.03,5.15,201.81,443.45,81.17,68,2,medium,day,1
EQ-CONVEYOR-BELT-017,conveyor_belt,2902.0,61.1,2.79,90.36,55.82,67.94,177,1,low,night,0
EQ-HAUL-TRUCK-014,haul_truck,2546.8,88.97,4.91,156.53,470.44,98.4,47,2,medium,night,0
EQ-CONVEYOR-BELT-063,conveyor_belt,4852.3,53.62,4.31,107.11,192.56,59.49,71,2,medium,day,0
EQ-CRUSHER-072,crusher,3518.4,93.31,8.66,177.47,678.78,86.78,24,1,low,night,0
EQ-CONVEYOR-BELT-130,conveyor_belt,3265.6,71.09,5.43,59.14,302.69,93.9,24,2,medium,day,0
EQ-HAUL-TRUCK-005,haul_truck,4610.1,90.33,7.02,156.01,472.58,94.11,34,1,medium,day,1
EQ-CONVEYOR-BELT-134,conveyor_belt,4663.7,52.01,4.31,74.91,193.52,76.27,34,1,medium,day,0
EQ-HAUL-TRUCK-009,haul_truck,6304.3,83.47,4.91,158.5,391.93,74.81,43,0,medium,day,0
EQ-CONVEYOR-BELT-075,conveyor_belt,1490.3,62.54,4.44,39.36,180.72,78.72,12,0,medium,day,0
EQ-HAUL-TRUCK-064,haul_truck,5752.8,83.22,4.16,148.77,511.78,83.32,88,0,medium,day,0
EQ-HAUL-TRUCK-084,haul_truck,2425.3,87.22,3.81,134.77,487.71,77.47,38,2,medium,night,0
EQ-CONVEYOR-BELT-007,conveyor_belt,4465.5,65.7,4.44,78.23,143.22,51.57,57,1,medium,night,0
EQ-HAUL-TRUCK-115,haul_truck,2339.3,86.89,6.28,216.29,444.78,94.01,73,3,high,day,1
EQ-EXCAVATOR-021,excavator,5115.2,90.59,4.56,168.11,440.84,67.07,15,1,medium,night,1
EQ-DRILL-RIG-117,drill_rig,3004.0,75.21,5.48,226.54,383.89,77.23,83,2,high,night,0
EQ-DRILL-RIG-086,drill_rig,4781.7,78.08,5.04,235.87,410.52,76.09,48,0,medium,day,0
EQ-DRILL-RIG-134,drill_rig,2789.2,68.37,8.38,226.9,576.26,74.87,51,1,medium,night,1
EQ-EXCAVATOR-147,excavator,1720.0,67.25,3.56,191.15,352.22,83.21,33,1,medium,day,0
EQ-CRUSHER-127,crusher,2829.8,81.44,8.44,183.52,526.35,84.1,101,1,low,day,1
EQ-DRILL-RIG-068,drill_rig,4665.8,67.16,3.06,262.75,303.3,56.42,83,1,medium,day,0
EQ-HAUL-TRUCK-063,haul_truck,3480.7,79.65,2.51,170.25,398.96,68.61,21,1,low,day,0
EQ-CONVEYOR-BELT-100,conveyor_belt,5375.8,61.64,3.4,74.98,190.64,52.27,31,1,medium,day,0
EQ-HAUL-TRUCK-098,haul_truck,3700.0,82.12,3.74,172.99,425.38,62.54,44,0,high,day,0
EQ-BALL-MILL-119,ball_mill,4368.2,104.33,10.97,192.51,612.03,83.08,33,3,medium,night,1
EQ-CONVEYOR-BELT-073,conveyor_belt,1882.7,66.95,3.73,108.38,202.38,66.01,77,0,medium,night,0
EQ-CRUSHER-070,crusher,4674.1,74.98,7.28,190.13,536.71,63.09,83,2,medium,night,0
EQ-CRUSHER-018,crusher,5639.0,82.98,8.1,183.03,447.4,92.14,26,0,medium,night,0
EQ-HAUL-TRUCK-026,haul_truck,1482.7,73.04,4.77,209.68,501.42,77.92,22,2,medium,night,0
EQ-EXCAVATOR-124,excavator,2126.1,68.03,6.88,183.62,411.91,69.29,34,2,low,night,0
EQ-CONVEYOR-BELT-149,conveyor_belt,8005.5,75.56,0.55,86.43,141.06,76.43,45,0,low,day,0
EQ-CRUSHER-091,crusher,4290.4,84.19,6.4,168.05,529.94,80.11,45,1,low,day,0
EQ-CRUSHER-052,crusher,3511.4,87.66,9.79,203.36,507.65,85.21,16,1,low,day,1
EQ-HAUL-TRUCK-009,haul_truck,3308.2,90.3,4.2,164.42,441.53,68.75,12,2,high,day,0
EQ-CONVEYOR-BELT-007,conveyor_belt,1017.0,65.1,2.38,100.24,109.49,70.31,73,3,low,night,0
EQ-CRUSHER-102,crusher,5079.5,94.2,5.49,195.86,455.5,76.81,23,0,low,day,0
EQ-HAUL-TRUCK-097,haul_truck,3415.9,84.81,4.68,141.37,449.31,69.05,31,1,low,day,0
EQ-BALL-MILL-043,ball_mill,4005.3,89.43,5.88,145.98,532.13,69.83,65,0,low,day,0
EQ-CRUSHER-029,crusher,5667.2,81.74,7.57,207.5,549.71,83.37,40,2,medium,night,0
EQ-CRUSHER-011,crusher,3685.3,86.51,8.15,185.54,689.33,110.0,31,0,low,day,1
EQ-BALL-MILL-103,ball_mill,6133.5,91.42,8.48,157.23,611.42,83.48,15,2,low,day,0
EQ-EXCAVATOR-091,excavator,1742.4,70.67,5.42,187.23,315.71,80.91,23,0,low,day,0
EQ-BALL-MILL-050,ball_mill,4547.9,86.94,7.03,169.77,624.43,83.92,20,2,high,day,1
EQ-CONVEYOR-BELT-110,conveyor_belt,3048.2,67.48,1.56,107.58,76.69,63.22,28,0,medium,night,0
EQ-CONVEYOR-BELT-127,conveyor_belt,4630.8,71.02,4.67,138.72,159.94,57.76,18,3,medium,day,0
EQ-EXCAVATOR-078,excavator,3486.1,80.43,2.91,195.69,296.26,72.65,12,1,low,day,0
EQ-HAUL-TRUCK-040,haul_truck,6321.2,86.91,6.49,136.05,456.24,76.15,33,1,medium,night,0
EQ-CRUSHER-001,crusher,5225.9,103.74,6.63,215.05,501.72,56.67,49,1,high,day,1
EQ-HAUL-TRUCK-120,haul_truck,3097.9,85.93,4.48,202.25,438.37,73.26,7,1,low,night,0
EQ-HAUL-TRUCK-087,haul_truck,2982.7,83.9,3.49,177.53,451.59,74.92,16,0,medium,night,0
EQ-CONVEYOR-BELT-053,conveyor_belt,4520.8,67.61,1.98,92.69,284.37,79.35,54,0,medium,day,0
EQ-CONVEYOR-BELT-001,conveyor_belt,3594.4,62.91,1.88,68.38,61.95,75.69,42,3,low,day,0
EQ-HAUL-TRUCK-123,haul_truck,4239.5,96.66,7.06,157.79,476.22,75.82,45,1,medium,day,0
EQ-CONVEYOR-BELT-139,conveyor_belt,4899.4,61.69,2.57,69.27,112.18,62.95,53,1,medium,day,0
EQ-BALL-MILL-073,ball_mill,5730.9,79.94,6.03,142.35,632.72,96.24,61,3,medium,day,1
EQ-CONVEYOR-BELT-041,conveyor_belt,3362.8,66.27,5.21,98.04,231.03,69.12,29,0,medium,night,0
EQ-DRILL-RIG-093,drill_rig,2602.6,80.53,7.42,226.4,428.92,95.15,34,2,medium,day,0
EQ-CONVEYOR-BELT-131,conveyor_belt,6355.0,67.88,5.39,101.62,115.03,60.9,13,0,medium,day,0
EQ-EXCAVATOR-089,excavator,5662.9,76.25,6.31,223.86,323.16,83.36,32,1,high,night,0
EQ-EXCAVATOR-002,excavator,4665.8,71.54,4.35,188.79,366.75,77.52,51,1,medium,day,0
EQ-BALL-MILL-030,ball_mill,5040.6,86.79,6.81,159.5,686.27,82.31,28,1,medium,night,1
EQ-CONVEYOR-BELT-015,conveyor_belt,3788.0,65.84,2.82,96.07,194.72,60.63,28,2,low,day,0
EQ-DRILL-RIG-062,drill_rig,4971.5,75.82,8.95,242.41,407.55,63.04,15,1,medium,night,1
EQ-BALL-MILL-068,ball_mill,6824.8,96.55,7.3,180.52,563.48,79.72,25,0,low,night,1
EQ-EXCAVATOR-081,excavator,2451.9,89.17,3.5,180.58,367.05,78.84,32,3,high,night,1
EQ-EXCAVATOR-114,excavator,2730.3,72.27,4.79,226.23,353.67,54.36,58,3,high,night,0
EQ-CONVEYOR-BELT-017,conveyor_belt,5237.8,57.22,3.78,74.42,144.46,72.23,19,0,medium,day,0
EQ-HAUL-TRUCK-142,haul_truck,1324.9,92.77,4.61,147.95,461.78,81.17,22,0,high,day,0
EQ-CONVEYOR-BELT-040,conveyor_belt,7005.0,52.14,3.5,121.37,167.08,92.33,55,3,low,day,0
EQ-DRILL-RIG-079,drill_rig,7624.6,77.03,3.59,234.07,506.98,90.64,4,1,low,day,0
EQ-CONVEYOR-BELT-032,conveyor_belt,2612.7,72.2,4.03,88.06,215.35,73.32,62,2,high,night,1
EQ-EXCAVATOR-054,excavator,2630.6,85.83,7.56,207.25,366.36,65.3,26,1,high,day,0
EQ-CONVEYOR-BELT-125,conveyor_belt,972.1,58.47,0.59,69.97,123.96,76.42,24,2,medium,day,0
EQ-HAUL-TRUCK-007,haul_truck,2601.8,101.67,5.41,153.67,411.09,70.94,61,4,high,night,1
EQ-BALL-MILL-073,ball_mill,3889.8,79.33,10.58,179.62,491.01,75.27,39,1,low,day,0
EQ-HAUL-TRUCK-088,haul_truck,1670.8,80.45,6.9,168.7,554.43,71.98,34,1,medium,night,0
EQ-DRILL-RIG-086,drill_rig,5921.4,88.68,6.72,198.59,371.96,63.69,25,1,high,day,1
EQ-CRUSHER-058,crusher,5733.9,90.58,7.93,181.76,481.37,94.12,17,1,high,night,0
EQ-CRUSHER-057,crusher,4320.4,98.18,6.67,152.73,475.55,106.42,62,0,medium,day,1
EQ-CRUSHER-137,crusher,3030.1,97.71,6.49,187.87,505.64,63.08,44,2,medium,night,1
EQ-HAUL-TRUCK-037,haul_truck,2844.5,87.68,4.11,200.29,370.71,87.76,12,0,high,night,0
EQ-CRUSHER-073,crusher,5117.2,100.81,6.16,136.1,490.73,76.7,68,0,medium,night,0
EQ-DRILL-RIG-055,drill_rig,6488.1,77.76,4.88,212.14,293.49,71.26,6,0,high,night,0
EQ-DRILL-RIG-115,drill_rig,3019.6,84.74,7.4,237.0,487.06,77.05,19,2,medium,night,1
EQ-HAUL-TRUCK-121,haul_truck,6573.5,81.18,7.68,158.54,513.6,91.12,14,2,low,day,1
EQ-CONVEYOR-BELT-128,conveyor_belt,4707.7,62.75,4.76,119.06,165.53,67.08,7,2,low,day,0
EQ-DRILL-RIG-013,drill_rig,6652.7,85.73,4.48,221.42,470.36,77.11,33,1,medium,night,0
EQ-DRILL-RIG-015,drill_rig,3361.9,83.54,7.3,224.96,354.77,59.26,23,1,low,night,0
EQ-CRUSHER-057,crusher,2144.5,87.04,7.51,190.11,480.13,90.26,25,2,medium,night,1
EQ-HAUL-TRUCK-067,haul_truck,6655.9,98.24,7.8,141.13,452.39,97.82,44,1,high,night,0
EQ-BALL-MILL-010,ball_mill,2903.6,87.06,6.07,179.35,613.05,84.13,12,2,low,day,0
EQ-CRUSHER-135,crusher,5983.6,90.03,9.56,191.02,565.12,79.49,41,0,medium,day,1
EQ-EXCAVATOR-135,excavator,1332.1,86.63,5.4,228.75,377.66,82.79,110,0,medium,day,0
EQ-DRILL-RIG-064,drill_rig,3988.1,87.37,5.57,263.04,447.17,85.32,21,0,medium,night,0
EQ-EXCAVATOR-116,excavator,4730.0,83.09,4.37,212.86,383.38,71.82,122,0,medium,day,0
EQ-DRILL-RIG-085,drill_rig,4295.2,87.12,4.35,223.53,484.31,69.76,50,1,high,day,0
EQ-HAUL-TRUCK-099,haul_truck,4333.7,70.62,3.93,131.78,347.98,78.55,55,2,medium,night,0
EQ-CONVEYOR-BELT-131,conveyor_belt,3739.9,62.33,3.12,130.62,165.48,67.46,34,0,medium,day,0
EQ-BALL-MILL-014,ball_mill,3603.0,80.95,7.41,170.57,597.46,94.5,14,0,low,day,0
EQ-BALL-MILL-035,ball_mill,4534.4,85.39,5.75,200.42,559.91,69.84,28,1,medium,day,0
EQ-BALL-MILL-065,ball_mill,6401.3,95.23,7.99,140.63,630.14,87.96,49,2,low,day,1
EQ-DRILL-RIG-135,drill_rig,2896.6,81.94,6.22,278.35,421.4,82.23,17,2,medium,day,0
EQ-EXCAVATOR-089,excavator,5219.4,81.0,6.06,291.85,332.05,63.33,38,0,medium,night,0
EQ-BALL-MILL-060,ball_mill,2176.8,98.64,5.62,190.91,518.42,77.37,65,2,high,night,0
EQ-BALL-MILL-005,ball_mill,4886.5,93.22,7.5,180.03,499.17,79.65,19,0,medium,night,1
EQ-CRUSHER-089,crusher,3159.5,88.43,8.26,139.6,596.5,77.2,71,1,medium,night,0
EQ-CRUSHER-041,crusher,2686.8,96.83,6.02,142.2,467.91,91.63,18,2,low,day,1
EQ-HAUL-TRUCK-050,haul_truck,4492.3,87.9,4.37,173.86,351.47,90.55,91,3,medium,day,0
EQ-CONVEYOR-BELT-150,conveyor_belt,6856.3,63.67,2.55,125.56,293.26,76.63,50,1,high,day,0
EQ-CONVEYOR-BELT-080,conveyor_belt,2507.2,69.33,2.4,61.8,149.01,72.61,36,2,medium,night,0
EQ-CRUSHER-021,crusher,2276.6,88.0,6.81,162.51,537.37,57.19,73,2,low,day,0
EQ-CRUSHER-008,crusher,3967.0,91.51,7.76,183.44,518.59,92.36,56,0,medium,night,1
EQ-CONVEYOR-BELT-059,conveyor_belt,2738.6,64.15,3.83,129.91,158.98,75.93,45,1,low,night,0
EQ-HAUL-TRUCK-010,haul_truck,4026.6,86.62,5.92,183.8,420.03,74.74,19,2,medium,night,0
EQ-BALL-MILL-065,ball_mill,3343.2,90.09,5.59,174.43,612.45,73.38,38,1,low,day,0
EQ-EXCAVATOR-063,excavator,2291.1,84.47,3.9,206.54,370.23,59.02,45,1,medium,night,0
EQ-HAUL-TRUCK-132,haul_truck,2915.5,94.31,7.07,200.45,560.79,83.23,60,0,high,day,1
EQ-HAUL-TRUCK-051,haul_truck,6017.0,79.59,6.13,219.19,540.7,79.24,25,3,low,night,1
EQ-DRILL-RIG-042,drill_rig,3520.9,77.09,5.56,225.28,468.5,97.14,20,1,medium,night,0
EQ-DRILL-RIG-093,drill_rig,1601.7,76.01,2.87,217.36,417.22,75.61,23,1,medium,day,0
EQ-HAUL-TRUCK-096,haul_truck,3894.5,73.34,5.23,126.9,447.08,97.28,56,2,medium,night,0
EQ-HAUL-TRUCK-006,haul_truck,2688.3,98.75,5.57,160.69,390.23,71.27,23,1,medium,night,0
EQ-CRUSHER-013,crusher,4478.8,74.37,6.88,156.37,551.99,92.83,56,2,medium,night,1
EQ-HAUL-TRUCK-026,haul_truck,5320.5,86.92,5.78,151.4,396.99,69.08,44,2,high,day,0
EQ-CONVEYOR-BELT-117,conveyor_belt,4167.6,72.62,4.95,78.65,187.94,57.05,48,3,medium,day,0
EQ-HAUL-TRUCK-032,haul_truck,3448.0,88.69,5.4,155.82,450.13,78.61,96,0,low,day,0
EQ-CRUSHER-149,crusher,5729.5,80.28,7.24,212.9,622.4,96.22,61,1,medium,night,1
EQ-CRUSHER-067,crusher,3955.4,97.26,9.56,160.11,505.18,89.68,74,0,medium,day,1
EQ-CRUSHER-141,crusher,6333.7,98.04,5.45,203.8,553.61,93.6,23,0,medium,night,0
EQ-CRUSHER-038,crusher,5014.5,95.98,8.25,139.86,485.84,84.12,14,0,high,night,0
EQ-HAUL-TRUCK-064,haul_truck,3410.5,84.85,3.93,141.73,499.31,56.85,17,2,high,day,0
EQ-EXCAVATOR-021,excavator,1915.8,95.85,7.1,191.52,278.69,55.62,14,0,low,night,0
EQ-HAUL-TRUCK-127,haul_truck,5073.6,94.97,6.1,167.52,491.71,78.85,19,3,high,day,1
EQ-HAUL-TRUCK-090,haul_truck,6350.5,92.42,4.09,132.26,417.01,51.12,31,1,high,day,0
EQ-BALL-MILL-012,ball_mill,2467.4,80.22,6.98,170.35,573.08,70.66,28,1,low,day,1
EQ-EXCAVATOR-112,excavator,3787.3,79.76,5.26,215.41,408.6,79.75,51,1,medium,night,0
EQ-EXCAVATOR-134,excavator,5048.5,82.78,6.62,202.84,327.04,96.85,20,2,high,night,1
EQ-HAUL-TRUCK-103,haul_truck,3423.1,92.56,2.13,170.71,431.6,68.43,25,0,medium,day,0
EQ-DRILL-RIG-122,drill_rig,3980.9,60.91,4.41,264.12,363.84,78.38,48,1,low,day,0
EQ-BALL-MILL-042,ball_mill,7412.9,99.33,5.83,171.82,677.05,84.24,39,0,medium,day,0
EQ-DRILL-RIG-065,drill_rig,4450.1,93.05,7.93,236.89,356.73,63.52,27,2,medium,night,0
EQ-CONVEYOR-BELT-129,conveyor_belt,2739.0,72.52,5.04,74.72,195.07,68.69,86,1,high,day,0
EQ-DRILL-RIG-092,drill_rig,3952.6,102.02,5.88,261.04,465.84,76.38,67,3,high,night,1
EQ-CRUSHER-092,crusher,3982.1,113.98,4.76,215.09,516.6,64.63,113,3,high,night,1
EQ-DRILL-RIG-116,drill_rig,2486.3,78.14,6.85,204.47,342.51,62.87,98,2,medium,day,0
EQ-DRILL-RIG-093,drill_rig,8662.0,85.52,4.83,185.3,452.68,74.02,9,1,high,night,0
EQ-HAUL-TRUCK-019,haul_truck,1183.4,81.21,3.04,185.69,332.31,77.97,43,0,low,night,0
EQ-CRUSHER-032,crusher,1928.4,89.71,7.97,202.33,552.99,78.75,31,1,medium,night,1
EQ-EXCAVATOR-117,excavator,2457.6,97.42,2.56,217.32,417.49,55.85,54,2,high,night,0
EQ-HAUL-TRUCK-037,haul_truck,1937.2,96.49,6.43,148.74,293.4,59.9,108,0,high,day,0
EQ-DRILL-RIG-100,drill_rig,1613.1,88.52,7.06,172.62,402.07,79.71,54,0,medium,night,0
EQ-HAUL-TRUCK-072,haul_truck,7419.8,85.71,3.5,184.99,401.0,80.84,36,1,low,day,0
EQ-CONVEYOR-BELT-094,conveyor_belt,5187.6,57.34,2.2,97.22,137.64,69.9,32,0,low,night,0
EQ-BALL-MILL-036,ball_mill,5842.2,85.82,7.37,126.97,637.86,83.58,69,1,medium,day,0
EQ-CRUSHER-047,crusher,3321.6,95.23,6.4,148.27,454.04,81.59,60,0,medium,day,1
EQ-EXCAVATOR-104,excavator,6480.8,74.0,5.41,203.02,321.49,79.26,30,0,medium,day,0
EQ-CONVEYOR-BELT-026,conveyor_belt,5074.7,63.98,4.29,83.05,156.72,76.55,11,3,high,day,0
EQ-DRILL-RIG-047,drill_rig,3256.6,80.68,6.15,198.37,355.13,62.26,39,3,low,day,0
EQ-EXCAVATOR-150,excavator,4836.3,76.24,3.69,236.51,300.45,71.43,22,0,medium,day,0
EQ-EXCAVATOR-023,excavator,2044.2,90.33,4.83,237.66,447.28,73.16,20,2,low,night,0
EQ-CONVEYOR-BELT-087,conveyor_belt,4513.9,61.76,2.14,76.69,138.48,74.02,8,1,low,night,0
EQ-BALL-MILL-023,ball_mill,3637.5,92.6,5.46,163.09,595.55,80.24,91,0,low,day,1
EQ-EXCAVATOR-107,excavator,7380.6,84.21,5.62,196.85,345.97,77.19,117,1,low,night,0
EQ-EXCAVATOR-020,excavator,6036.8,70.76,4.35,225.65,409.34,57.95,28,1,medium,night,0
EQ-BALL-MILL-087,ball_mill,2026.0,101.2,10.1,185.97,526.97,86.47,32,0,medium,day,1
EQ-HAUL-TRUCK-066,haul_truck,2581.5,72.82,4.66,162.98,320.17,54.02,40,0,medium,night,0
EQ-HAUL-TRUCK-104,haul_truck,8833.3,96.57,6.72,180.82,344.36,77.22,28,0,high,day,0
EQ-CONVEYOR-BELT-001,conveyor_belt,3314.8,60.98,2.09,79.87,147.2,62.24,46,1,medium,night,0
EQ-HAUL-TRUCK-078,haul_truck,2002.2,89.57,5.34,166.93,507.39,86.12,49,3,medium,night,1
EQ-HAUL-TRUCK-082,haul_truck,5298.8,81.95,8.4,139.62,451.53,90.86,87,2,medium,day,0
EQ-CONVEYOR-BELT-037,conveyor_belt,6901.3,72.21,3.24,92.76,228.89,82.47,15,0,medium,day,0
EQ-CONVEYOR-BELT-045,conveyor_belt,3570.5,60.62,4.07,80.65,165.1,84.95,45,0,medium,day,0
EQ-CRUSHER-106,crusher,4763.0,98.71,8.5,187.04,487.97,81.24,29,2,high,night,0
EQ-CRUSHER-083,crusher,3802.4,97.31,10.26,197.04,600.06,76.02,27,0,medium,day,1
EQ-CONVEYOR-BELT-087,conveyor_belt,5330.0,65.38,3.79,106.35,130.51,63.69,5,1,medium,night,0
EQ-CONVEYOR-BELT-141,conveyor_belt,2733.7,68.16,3.29,86.05,237.4,59.23,20,3,medium,night,0
EQ-DRILL-RIG-061,drill_rig,4362.0,83.21,7.91,200.19,481.48,65.96,50,1,high,day,0
EQ-DRILL-RIG-131,drill_rig,5967.0,85.03,6.46,242.14,419.41,82.99,21,2,medium,night,0
EQ-CONVEYOR-BELT-147,conveyor_belt,3260.8,56.07,1.04,70.98,153.3,62.41,39,0,medium,day,0
EQ-BALL-MILL-087,ball_mill,5772.2,84.56,6.73,138.48,661.93,67.45,31,0,medium,night,0
EQ-DRILL-RIG-032,drill_rig,5213.9,97.4,5.84,225.69,320.99,73.22,38,2,high,day,0
EQ-HAUL-TRUCK-063,haul_truck,2266.1,83.11,5.12,159.48,425.74,94.84,19,1,medium,day,0
EQ-BALL-MILL-007,ball_mill,2778.5,82.39,4.15,193.93,480.03,84.53,29,2,high,day,1
EQ-BALL-MILL-105,ball_mill,5500.0,93.35,9.22,180.14,594.71,87.97,43,3,high,day,1
EQ-EXCAVATOR-042,excavator,2763.8,78.33,4.63,229.6,375.19,75.62,25,1,low,night,0
EQ-HAUL-TRUCK-139,haul_truck,1203.2,78.48,3.62,150.3,346.12,68.32,48,2,medium,night,0
EQ-CONVEYOR-BELT-098,conveyor_belt,4210.5,67.17,3.88,63.13,205.89,62.67,23,1,high,day,0
EQ-CRUSHER-074,crusher,4072.4,95.75,7.48,217.42,560.69,78.55,59,0,medium,day,1
EQ-CONVEYOR-BELT-028,conveyor_belt,5371.2,76.87,6.16,99.2,191.95,69.89,10,1,medium,night,0
EQ-CRUSHER-015,crusher,6670.9,80.16,9.65,151.8,565.16,91.26,33,2,low,day,0
EQ-HAUL-TRUCK-101,haul_truck,4084.0,83.07,2.85,178.55,468.22,73.53,48,1,low,day,0
EQ-EXCAVATOR-115,excavator,4566.1,84.62,7.59,232.99,321.38,94.13,34,1,medium,night,0
EQ-BALL-MILL-040,ball_mill,1952.5,91.57,5.92,207.11,509.63,74.04,58,0,high,day,0
EQ-HAUL-TRUCK-002,haul_truck,3353.0,89.41,2.22,154.8,417.85,70.39,27,1,medium,night,0
EQ-CONVEYOR-BELT-048,conveyor_belt,9888.2,62.44,4.25,92.5,200.08,81.57,28,1,low,day,0
EQ-EXCAVATOR-115,excavator,4994.3,78.99,2.17,179.6,363.89,77.87,7,2,medium,night,0
EQ-CRUSHER-088,crusher,6788.2,82.73,8.67,222.24,599.15,86.77,57,3,medium,day,1
EQ-CRUSHER-013,crusher,3340.0,89.47,8.12,179.62,474.82,74.38,65,0,medium,day,0
EQ-EXCAVATOR-018,excavator,3111.0,77.19,6.38,219.23,244.76,76.2,61,0,medium,day,1
EQ-CONVEYOR-BELT-016,conveyor_belt,3071.6,66.23,4.82,99.1,229.16,68.97,24,2,high,night,0
EQ-CONVEYOR-BELT-114,conveyor_belt,5886.7,74.25,4.36,91.67,189.92,83.2,9,0,high,night,0
EQ-HAUL-TRUCK-118,haul_truck,3628.3,84.83,7.28,183.22,375.39,87.42,94,2,medium,day,1
EQ-EXCAVATOR-062,excavator,1921.9,70.33,4.99,187.09,398.57,76.38,32,1,medium,night,0
EQ-CONVEYOR-BELT-104,conveyor_belt,3773.3,69.57,4.73,99.51,226.34,88.27,11,0,medium,day,0
EQ-CONVEYOR-BELT-004,conveyor_belt,3145.3,47.76,1.45,74.46,132.44,81.27,77,0,medium,day,0
EQ-CRUSHER-085,crusher,6046.8,97.98,6.31,234.69,533.81,90.94,6,1,high,day,0
EQ-DRILL-RIG-041,drill_rig,8597.0,85.08,5.78,222.9,403.8,73.27,89,1,high,night,0
EQ-HAUL-TRUCK-124,haul_truck,1950.9,88.65,3.43,171.37,416.95,80.29,10,1,high,day,0
EQ-HAUL-TRUCK-074,haul_truck,5067.6,80.21,2.69,164.43,540.03,77.88,31,1,medium,day,0
EQ-CONVEYOR-BELT-128,conveyor_belt,6427.3,64.53,2.26,85.76,135.37,80.8,31,0,medium,night,0
EQ-CONVEYOR-BELT-085,conveyor_belt,5502.0,68.14,5.05,125.65,138.22,79.87,40,0,medium,night,0
EQ-DRILL-RIG-069,drill_rig,3127.3,81.63,6.21,201.41,327.11,90.84,49,0,low,day,0
EQ-HAUL-TRUCK-143,haul_truck,3463.9,79.08,4.43,165.46,492.14,77.31,23,0,medium,night,0
EQ-CRUSHER-150,crusher,4019.3,106.27,9.24,221.02,493.46,85.92,28,0,high,day,1
EQ-CONVEYOR-BELT-069,conveyor_belt,2888.7,72.93,4.43,95.92,109.65,70.74,22,0,high,day,0
EQ-EXCAVATOR-054,excavator,4383.5,85.55,4.32,198.77,414.44,72.99,69,0,high,day,0
EQ-CRUSHER-097,crusher,6992.2,96.7,7.95,110.7,420.29,67.4,45,2,medium,night,0
EQ-CONVEYOR-BELT-026,conveyor_belt,5037.2,73.66,2.57,113.9,226.19,57.99,67,1,medium,night,0
EQ-HAUL-TRUCK-058,haul_truck,1706.1,84.26,4.24,181.67,453.23,84.25,26,1,medium,day,0
EQ-EXCAVATOR-127,excavator,3809.3,92.68,4.67,212.1,420.54,83.6,26,1,medium,day,0
EQ-HAUL-TRUCK-135,haul_truck,8198.1,83.84,3.85,174.67,437.83,68.59,12,1,low,day,0
EQ-BALL-MILL-063,ball_mill,2724.6,92.64,9.22,164.3,590.61,83.53,57,1,medium,night,0
EQ-EXCAVATOR-059,excavator,5495.4,82.35,5.88,196.38,357.25,87.88,36,1,medium,night,0
EQ-HAUL-TRUCK-132,haul_truck,2272.7,82.65,6.92,181.02,430.74,86.72,32,1,medium,night,0
EQ-HAUL-TRUCK-031,haul_truck,5017.1,91.84,5.33,137.29,429.64,81.63,23,4,high,night,1
EQ-HAUL-TRUCK-010,haul_truck,3465.4,91.58,6.38,148.04,398.58,89.51,27,1,medium,night,0
EQ-HAUL-TRUCK-011,haul_truck,7389.4,92.35,8.09,160.13,390.96,74.05,45,1,medium,night,0
EQ-CONVEYOR-BELT-017,conveyor_belt,7368.4,63.64,3.72,60.97,162.25,82.64,54,0,medium,night,0
EQ-HAUL-TRUCK-132,haul_truck,1985.8,80.61,3.85,154.17,465.0,78.57,20,2,medium,day,0
EQ-EXCAVATOR-007,excavator,3759.5,86.25,5.93,210.27,374.58,71.8,53,2,medium,night,0
EQ-HAUL-TRUCK-050,haul_truck,3307.7,70.39,5.49,139.36,540.75,90.06,34,6,low,day,1
EQ-CRUSHER-091,crusher,5428.5,87.52,6.22,199.64,501.33,85.39,43,0,medium,day,0
EQ-HAUL-TRUCK-092,haul_truck,10145.1,90.05,2.77,187.57,429.48,65.33,29,1,high,day,0
EQ-CONVEYOR-BELT-125,conveyor_belt,3659.8,62.24,4.72,78.68,185.92,79.45,26,2,low,day,0
EQ-CONVEYOR-BELT-148,conveyor_belt,7027.8,60.85,3.38,72.51,192.4,54.54,29,0,medium,night,0
EQ-CONVEYOR-BELT-061,conveyor_belt,3541.1,75.53,4.56,63.39,255.91,67.87,12,2,high,day,0
EQ-EXCAVATOR-035,excavator,4270.9,74.89,4.13,228.79,262.73,58.99,25,1,high,day,0
EQ-DRILL-RIG-014,drill_rig,3689.5,82.32,6.64,249.55,435.63,63.12,7,2,high,night,1
EQ-CONVEYOR-BELT-134,conveyor_belt,5444.9,53.52,2.74,88.73,169.0,69.93,55,3,high,night,0
EQ-HAUL-TRUCK-057,haul_truck,7601.6,82.01,7.34,134.9,518.52,91.38,11,1,medium,day,1
EQ-CRUSHER-135,crusher,5948.7,88.89,6.47,180.88,548.63,90.06,47,2,medium,day,0
EQ-DRILL-RIG-053,drill_rig,3424.3,79.08,6.6,245.52,281.54,61.11,16,3,low,day,0
EQ-EXCAVATOR-114,excavator,2256.0,70.07,5.85,216.71,421.66,85.56,75,3,low,night,1
EQ-CRUSHER-097,crusher,2882.5,96.24,6.7,204.98,550.59,74.43,6,1,medium,day,0
EQ-CONVEYOR-BELT-108,conveyor_belt,6759.7,55.66,4.67,79.53,160.76,65.64,30,1,medium,night,0
EQ-HAUL-TRUCK-098,haul_truck,4338.5,84.19,4.61,181.53,317.81,75.16,77,0,medium,day,1
EQ-BALL-MILL-047,ball_mill,4533.9,88.11,6.27,170.33,614.91,90.96,49,0,high,night,0
EQ-HAUL-TRUCK-016,haul_truck,5795.8,78.64,0.79,199.18,481.39,86.61,25,3,low,day,0
EQ-HAUL-TRUCK-002,haul_truck,4060.9,95.46,3.24,148.91,474.19,86.95,105,0,medium,day,0
EQ-HAUL-TRUCK-064,haul_truck,6135.6,81.1,7.0,111.27,390.11,76.05,30,0,medium,day,1
EQ-CRUSHER-134,crusher,3706.5,85.97,6.46,197.61,608.96,85.45,29,1,low,day,0
EQ-BALL-MILL-097,ball_mill,3349.8,86.57,4.75,163.98,522.48,73.16,62,1,medium,night,0
EQ-DRILL-RIG-102,drill_rig,2390.5,86.96,4.6,194.7,368.66,79.15,28,1,low,night,0
EQ-BALL-MILL-039,ball_mill,1345.0,88.41,6.55,141.39,540.06,88.54,29,1,high,day,1
EQ-CRUSHER-073,crusher,4382.5,96.62,7.25,191.82,520.5,72.76,22,0,medium,night,0
EQ-CRUSHER-062,crusher,5629.0,76.3,8.32,200.8,556.86,76.41,46,0,medium,day,1
EQ-CRUSHER-021,crusher,5611.1,81.58,7.4,162.97,596.42,87.48,51,0,low,night,1
EQ-HAUL-TRUCK-093,haul_truck,6878.0,97.13,2.4,149.5,434.06,78.37,21,1,medium,day,0
EQ-BALL-MILL-055,ball_mill,3929.8,94.35,7.22,174.48,560.2,80.62,71,1,medium,day,1
EQ-CRUSHER-061,crusher,6832.2,93.71,8.24,144.41,624.87,99.62,22,2,medium,day,1
EQ-CRUSHER-090,crusher,4153.7,103.19,6.01,198.92,516.81,89.4,18,0,low,day,0
EQ-CRUSHER-005,crusher,2371.9,85.43,8.95,191.56,483.15,75.2,14,0,low,night,0
EQ-DRILL-RIG-141,drill_rig,4964.0,78.67,8.6,221.81,551.3,99.4,65,0,low,day,1
EQ-EXCAVATOR-034,excavator,2445.2,70.5,2.43,199.7,400.83,73.57,15,0,low,day,0
EQ-CONVEYOR-BELT-102,conveyor_belt,3927.9,74.62,3.85,85.56,130.76,80.56,95,2,low,night,0
EQ-CONVEYOR-BELT-117,conveyor_belt,6331.6,61.66,2.04,91.74,97.33,78.95,13,2,low,day,0
EQ-DRILL-RIG-024,drill_rig,1075.6,77.93,4.77,212.17,402.64,82.14,30,3,high,day,0
EQ-HAUL-TRUCK-038,haul_truck,1615.5,90.97,4.54,143.09,478.92,63.13,15,0,medium,night,0
EQ-HAUL-TRUCK-062,haul_truck,4250.0,91.38,5.28,129.04,418.83,58.3,23,3,medium,day,0
EQ-CRUSHER-123,crusher,2923.0,95.65,8.99,211.36,553.24,90.09,32,3,medium,night,1
EQ-DRILL-RIG-096,drill_rig,6347.1,68.91,5.89,268.54,443.35,75.12,92,0,low,night,0
EQ-BALL-MILL-071,ball_mill,7913.7,96.24,4.97,183.71,600.67,87.8,56,0,high,day,0
EQ-CONVEYOR-BELT-128,conveyor_belt,3579.6,58.91,6.08,81.02,250.88,77.87,4,0,low,day,0
EQ-HAUL-TRUCK-071,haul_truck,5318.9,86.1,5.76,169.22,421.27,79.18,31,3,high,day,0
EQ-HAUL-TRUCK-133,haul_truck,1999.4,79.69,8.76,169.69,564.97,90.93,32,1,medium,night,0
EQ-CONVEYOR-BELT-116,conveyor_belt,4627.6,72.52,6.06,99.85,170.06,67.86,24,0,medium,night,0
EQ-HAUL-TRUCK-026,haul_truck,2552.0,90.42,4.8,170.19,434.05,76.04,39,0,medium,night,0
EQ-CONVEYOR-BELT-058,conveyor_belt,2705.4,55.17,2.33,110.13,193.17,61.81,119,0,high,day,0
EQ-DRILL-RIG-004,drill_rig,3804.4,79.11,6.1,234.86,390.82,79.03,22,2,high,night,0
EQ-CRUSHER-036,crusher,2722.0,100.03,10.56,197.84,649.72,82.41,48,0,medium,day,1
EQ-EXCAVATOR-004,excavator,4714.6,79.62,6.59,213.95,330.05,72.36,11,1,low,night,0
EQ-HAUL-TRUCK-016,haul_truck,4068.3,86.42,3.18,139.57,472.21,55.14,6,1,medium,day,0
EQ-EXCAVATOR-001,excavator,3018.0,78.35,5.78,214.76,349.93,85.32,30,0,low,night,0
EQ-CONVEYOR-BELT-101,conveyor_belt,2908.9,65.61,2.93,49.58,229.68,83.85,55,4,medium,day,0
EQ-EXCAVATOR-062,excavator,5061.7,66.68,3.21,222.62,309.52,72.63,29,1,medium,day,0
EQ-HAUL-TRUCK-071,haul_truck,5591.8,80.49,3.62,183.79,404.57,72.8,52,1,medium,day,0
EQ-HAUL-TRUCK-115,haul_truck,4245.7,93.49,6.48,145.55,427.42,72.54,52,2,high,night,0
EQ-HAUL-TRUCK-122,haul_truck,5395.4,92.63,1.44,136.86,510.25,74.11,162,2,high,night,1
EQ-CONVEYOR-BELT-080,conveyor_belt,2416.3,68.57,4.03,79.88,105.56,60.12,44,0,low,night,0
EQ-CONVEYOR-BELT-069,conveyor_belt,2592.3,62.48,2.74,107.94,97.62,54.24,31,1,low,day,0
EQ-CRUSHER-098,crusher,3072.5,94.82,6.4,174.9,614.11,95.47,46,1,medium,night,1
EQ-CRUSHER-063,crusher,2320.2,88.09,6.09,192.02,522.34,86.73,20,2,low,day,0
EQ-HAUL-TRUCK-067,haul_truck,1136.5,71.46,5.07,136.05,359.41,66.76,51,0,low,night,0
EQ-CRUSHER-045,crusher,3625.7,102.96,5.58,215.09,514.04,71.48,47,1,high,day,1
EQ-HAUL-TRUCK-029,haul_truck,2827.3,87.85,7.1,143.66,550.36,70.03,80,1,low,night,1
EQ-BALL-MILL-030,ball_mill,3349.9,88.39,7.13,214.85,615.67,82.11,17,1,low,night,1
EQ-HAUL-TRUCK-099,haul_truck,2693.0,90.76,4.77,162.44,361.06,61.54,37,0,medium,day,0
EQ-CRUSHER-125,crusher,3272.3,81.14,9.37,189.3,554.76,84.01,94,2,low,night,0
EQ-HAUL-TRUCK-064,haul_truck,4052.7,76.36,7.2,136.85,521.31,100.63,22,2,high,day,1
EQ-DRILL-RIG-015,drill_rig,5284.2,94.37,5.88,229.76,419.82,71.36,3,2,high,day,0
EQ-HAUL-TRUCK-092,haul_truck,6626.4,97.69,2.28,142.09,505.05,96.41,36,3,medium,day,1
EQ-BALL-MILL-136,ball_mill,3548.7,105.59,6.83,167.56,584.21,69.16,33,2,low,day,0
EQ-HAUL-TRUCK-080,haul_truck,2802.7,96.82,6.54,194.92,352.9,67.45,33,1,high,day,1
EQ-DRILL-RIG-005,drill_rig,1701.6,81.19,6.58,234.64,382.34,89.19,41,2,medium,night,0
EQ-CONVEYOR-BELT-013,conveyor_belt,9160.2,41.87,3.14,74.56,202.29,68.01,54,0,medium,night,0
EQ-EXCAVATOR-079,excavator,5540.2,75.57,7.07,189.01,480.59,87.18,175,4,medium,day,0
EQ-HAUL-TRUCK-130,haul_truck,4324.7,73.48,5.24,145.85,353.87,78.54,22,2,medium,night,0
EQ-EXCAVATOR-009,excavator,2068.0,77.84,6.04,203.93,358.83,89.02,20,0,low,night,0
EQ-DRILL-RIG-114,drill_rig,1236.2,68.61,4.75,234.22,371.06,66.7,53,1,medium,day,0
EQ-DRILL-RIG-117,drill_rig,1667.8,68.23,6.29,236.02,319.22,72.27,18,3,medium,day,0
EQ-HAUL-TRUCK-008,haul_truck,3124.8,83.0,4.07,179.37,352.7,71.44,25,1,medium,night,0
EQ-EXCAVATOR-032,excavator,2866.2,80.42,5.8,210.38,461.68,87.13,27,0,medium,day,0
EQ-EXCAVATOR-001,excavator,2764.7,78.5,4.19,244.82,371.5,79.77,76,0,medium,day,0
EQ-HAUL-TRUCK-085,haul_truck,2957.0,82.25,4.18,161.83,422.15,76.27,83,0,high,night,0
EQ-CONVEYOR-BELT-027,conveyor_belt,5936.7,62.83,5.11,124.26,194.5,68.27,6,0,medium,night,0
EQ-EXCAVATOR-138,excavator,2059.6,83.69,3.62,192.81,292.1,75.08,7,0,low,night,0
EQ-EXCAVATOR-014,excavator,1608.6,69.94,4.07,216.02,322.22,70.41,34,2,medium,night,0
EQ-DRILL-RIG-098,drill_rig,2365.2,87.17,6.04,183.29,450.78,93.11,66,1,high,day,0
EQ-CONVEYOR-BELT-119,conveyor_belt,2406.3,56.61,1.56,125.39,242.15,72.56,97,2,low,night,0
EQ-DRILL-RIG-027,drill_rig,3084.8,73.15,8.28,230.05,450.18,77.29,36,0,high,night,0
EQ-HAUL-TRUCK-038,haul_truck,1690.6,78.7,7.46,180.99,483.81,82.38,82,2,high,day,1
EQ-BALL-MILL-120,ball_mill,4904.5,97.3,5.3,149.61,549.88,77.63,20,2,medium,day,1
EQ-CONVEYOR-BELT-014,conveyor_belt,2788.1,74.71,2.55,67.67,155.44,79.11,28,0,low,day,0
EQ-CRUSHER-067,crusher,3655.1,76.97,5.68,139.13,471.36,83.57,39,0,medium,night,1
EQ-HAUL-TRUCK-038,haul_truck,3960.7,87.7,3.82,164.64,425.71,80.1,25,0,medium,night,0
EQ-BALL-MILL-002,ball_mill,3332.6,84.2,4.85,164.54,543.0,81.31,93,0,medium,night,0
EQ-CRUSHER-068,crusher,979.3,78.41,6.66,216.65,454.07,63.28,26,1,low,day,0
EQ-DRILL-RIG-074,drill_rig,5583.1,72.66,6.0,294.47,424.86,84.2,42,3,medium,night,0
EQ-CONVEYOR-BELT-053,conveyor_belt,6542.7,71.64,3.39,80.8,150.0,80.35,23,1,medium,day,0
EQ-DRILL-RIG-122,drill_rig,2159.6,85.03,8.19,208.93,395.47,65.57,23,2,medium,night,0
EQ-CONVEYOR-BELT-015,conveyor_belt,2725.8,63.48,3.53,97.95,202.93,77.49,16,0,medium,night,0
EQ-BALL-MILL-065,ball_mill,2476.1,88.32,6.7,161.21,628.01,65.14,61,0,medium,night,1
EQ-EXCAVATOR-028,excavator,1917.2,90.85,9.01,199.06,335.58,63.57,53,1,medium,day,1
EQ-HAUL-TRUCK-114,haul_truck,5193.5,85.05,4.05,160.25,429.63,88.81,56,2,medium,day,0
EQ-CONVEYOR-BELT-084,conveyor_belt,4709.6,49.37,5.11,124.9,241.31,64.22,24,2,low,day,1
EQ-CRUSHER-106,crusher,2766.5,79.42,5.51,161.82,571.91,87.55,28,2,medium,night,0
EQ-CONVEYOR-BELT-017,conveyor_belt,2716.1,61.99,4.6,100.34,262.18,70.94,49,2,low,day,0
EQ-CONVEYOR-BELT-069,conveyor_belt,4270.3,60.25,2.27,96.48,121.57,69.72,16,0,high,night,0
EQ-CRUSHER-008,crusher,3437.8,83.93,8.23,171.9,633.8,110.0,30,1,medium,day,0
EQ-DRILL-RIG-049,drill_rig,4307.7,95.19,6.52,250.46,327.4,68.58,49,3,high,night,0
EQ-EXCAVATOR-142,excavator,2973.2,63.89,5.01,187.53,365.85,89.22,20,0,medium,day,0
EQ-DRILL-RIG-109,drill_rig,4116.3,84.26,5.73,243.4,460.5,76.29,105,1,low,day,0
EQ-HAUL-TRUCK-012,haul_truck,5705.4,79.13,7.1,152.78,389.79,72.39,46,1,medium,night,1
EQ-CONVEYOR-BELT-056,conveyor_belt,3664.8,65.56,4.08,95.27,218.23,87.12,32,3,low,day,0
EQ-BALL-MILL-131,ball_mill,7293.0,101.24,9.13,208.36,555.31,106.28,26,2,medium,day,1
EQ-EXCAVATOR-026,excavator,4349.4,90.1,6.23,219.01,410.44,75.54,51,1,high,night,0
EQ-EXCAVATOR-114,excavator,1329.9,85.46,6.23,197.31,330.6,68.9,21,2,low,day,0
EQ-EXCAVATOR-049,excavator,3526.1,72.68,7.89,231.93,387.89,81.21,52,0,medium,night,0
EQ-CONVEYOR-BELT-072,conveyor_belt,5023.7,65.71,2.18,100.14,227.91,59.33,14,1,low,night,0
EQ-CRUSHER-132,crusher,4570.2,89.02,7.85,162.02,518.92,78.01,32,2,medium,day,0
EQ-HAUL-TRUCK-101,haul_truck,4984.5,78.44,5.37,142.54,425.69,78.14,59,3,medium,day,1
EQ-BALL-MILL-043,ball_mill,4055.6,82.67,6.48,155.29,619.27,78.81,20,0,low,day,0
EQ-HAUL-TRUCK-002,haul_truck,7124.6,82.08,5.15,165.61,360.79,50.81,20,0,low,day,0
EQ-CRUSHER-036,crusher,5272.6,86.11,7.74,189.27,448.33,52.58,34,2,medium,day,0
EQ-CONVEYOR-BELT-063,conveyor_belt,3909.9,62.79,5.09,90.66,205.46,64.36,38,1,medium,night,0
EQ-HAUL-TRUCK-021,haul_truck,4355.9,86.88,3.53,147.98,415.26,79.76,66,1,medium,day,0
EQ-HAUL-TRUCK-133,haul_truck,8789.2,79.72,3.07,117.16,332.33,55.05,52,1,medium,night,0
EQ-BALL-MILL-009,ball_mill,6852.8,107.5,7.85,191.26,545.84,82.27,29,3,low,night,1
EQ-CONVEYOR-BELT-082,conveyor_belt,3482.2,69.53,3.06,90.54,138.37,90.82,30,1,high,day,0
EQ-HAUL-TRUCK-147,haul_truck,4401.6,88.99,7.16,167.62,362.14,64.09,55,1,high,night,1
EQ-DRILL-RIG-051,drill_rig,7094.7,71.22,8.34,227.83,455.35,77.84,13,1,medium,day,0
EQ-CRUSHER-081,crusher,2361.0,73.0,7.42,176.44,548.9,78.78,17,1,medium,day,0
EQ-HAUL-TRUCK-012,haul_truck,3160.1,89.37,5.66,157.66,511.85,91.99,24,1,medium,night,0
EQ-CONVEYOR-BELT-110,conveyor_belt,5872.5,85.04,2.1,86.11,260.72,85.12,9,0,high,day,0
EQ-CRUSHER-147,crusher,2671.4,86.18,6.52,199.4,539.03,109.84,63,1,low,day,1
EQ-HAUL-TRUCK-116,haul_truck,3465.3,91.92,5.16,168.32,428.5,92.12,13,3,medium,night,0
EQ-DRILL-RIG-023,drill_rig,4289.8,87.05,8.61,209.33,431.27,72.44,124,0,medium,night,0
EQ-EXCAVATOR-053,excavator,5502.2,95.96,6.25,192.29,386.51,90.77,48,0,high,night,0
EQ-EXCAVATOR-109,excavator,2048.9,81.53,3.58,207.93,355.62,76.57,24,1,high,night,0
EQ-EXCAVATOR-120,excavator,5674.1,78.33,4.94,215.72,361.86,86.02,29,2,medium,night,0
EQ-DRILL-RIG-061,drill_rig,4113.7,91.24,5.33,241.91,301.24,60.22,86,4,medium,night,0
EQ-CONVEYOR-BELT-145,conveyor_belt,4240.2,52.44,4.75,89.02,138.26,70.47,26,2,medium,day,0
EQ-BALL-MILL-031,ball_mill,1727.1,91.35,6.69,176.86,592.45,78.6,23,0,medium,night,0
EQ-EXCAVATOR-112,excavator,3792.9,83.84,4.44,209.84,376.61,87.28,28,1,low,night,0
EQ-DRILL-RIG-075,drill_rig,2196.6,74.03,6.57,221.64,466.04,79.71,27,3,medium,day,0
EQ-CONVEYOR-BELT-107,conveyor_belt,7404.2,55.94,0.63,85.45,194.08,68.03,36,0,medium,day,0
EQ-EXCAVATOR-090,excavator,3341.7,81.95,5.92,179.04,443.29,75.91,27,2,high,day,1
EQ-HAUL-TRUCK-065,haul_truck,6673.4,86.07,4.28,160.0,458.32,66.93,78,0,medium,day,0
EQ-DRILL-RIG-123,drill_rig,4192.5,83.78,7.28,227.75,432.29,77.21,32,0,medium,day,0
EQ-EXCAVATOR-127,excavator,6722.0,72.75,6.36,180.86,355.78,71.7,18,0,low,day,0
EQ-CONVEYOR-BELT-123,conveyor_belt,1427.8,65.31,2.62,120.9,225.43,80.22,11,0,low,night,0
EQ-CRUSHER-014,crusher,2594.6,89.49,8.15,204.55,464.79,72.28,14,2,medium,day,0
EQ-HAUL-TRUCK-064,haul_truck,6502.3,85.12,5.06,177.25,482.78,96.88,55,2,medium,day,0
EQ-BALL-MILL-113,ball_mill,8083.0,98.21,7.11,195.71,638.02,72.16,47,1,high,night,1
EQ-DRILL-RIG-131,drill_rig,3555.6,89.0,6.59,239.68,408.13,87.32,40,1,medium,day,0
EQ-CRUSHER-055,crusher,3000.5,94.3,7.98,149.89,727.34,97.27,55,1,low,night,1
EQ-CONVEYOR-BELT-112,conveyor_belt,1977.8,57.66,0.2,105.56,246.43,81.84,55,3,low,night,0
EQ-CRUSHER-085,crusher,1605.3,99.3,7.57,136.59,479.5,75.84,48,2,medium,night,0
EQ-CONVEYOR-BELT-034,conveyor_belt,1535.3,66.74,3.95,90.25,175.66,69.98,10,1,medium,day,0
EQ-HAUL-TRUCK-134,haul_truck,3941.3,80.33,3.98,169.92,558.79,85.97,8,1,low,day,0
EQ-CRUSHER-067,crusher,3831.0,94.19,6.48,171.56,594.4,87.34,31,2,low,night,1
EQ-EXCAVATOR-091,excavator,2190.1,75.69,6.61,220.75,418.58,85.09,69,1,medium,day,1
EQ-CRUSHER-044,crusher,2792.3,71.24,8.2,205.25,516.83,83.27,30,1,medium,day,1
EQ-CRUSHER-004,crusher,3375.1,87.98,8.63,192.91,551.51,73.63,33,0,high,day,1
EQ-HAUL-TRUCK-068,haul_truck,1384.3,85.65,5.58,157.19,456.38,83.28,51,0,high,night,0
EQ-BALL-MILL-109,ball_mill,4289.2,86.46,8.93,162.08,590.26,84.79,3,2,low,day,1
EQ-HAUL-TRUCK-050,haul_truck,4536.5,89.75,3.77,168.78,441.9,65.23,33,0,high,night,0
EQ-HAUL-TRUCK-140,haul_truck,5044.5,86.17,4.7,189.08,420.76,98.02,29,0,medium,night,0
EQ-EXCAVATOR-113,excavator,4837.4,82.48,6.53,237.53,412.2,77.86,34,4,high,day,1
EQ-CONVEYOR-BELT-097,conveyor_belt,3666.0,56.41,2.28,132.8,242.45,91.47,95,0,medium,night,0
EQ-HAUL-TRUCK-121,haul_truck,7367.5,86.4,5.73,141.28,377.98,86.03,26,0,low,night,0
EQ-CRUSHER-130,crusher,3064.3,84.38,6.29,201.37,568.73,73.39,52,3,low,day,1
EQ-CONVEYOR-BELT-109,conveyor_belt,4793.8,67.39,5.0,49.67,176.25,68.49,27,2,high,day,0
EQ-HAUL-TRUCK-124,haul_truck,2127.8,81.65,6.75,116.19,523.09,69.27,19,1,high,day,1
EQ-BALL-MILL-107,ball_mill,2099.8,79.26,7.06,144.16,619.87,83.54,29,1,medium,night,1
EQ-EXCAVATOR-130,excavator,2151.5,73.89,8.43,182.49,319.88,77.58,73,4,medium,day,1
EQ-CONVEYOR-BELT-016,conveyor_belt,4627.9,63.86,4.82,82.02,192.09,72.11,62,2,medium,day,0
EQ-HAUL-TRUCK-052,haul_truck,2433.6,92.99,6.2,180.93,433.47,52.47,26,2,high,night,1
EQ-CONVEYOR-BELT-134,conveyor_belt,4603.4,70.03,2.73,90.92,290.79,86.62,13,0,medium,night,0
EQ-DRILL-RIG-072,drill_rig,4718.5,84.48,5.39,209.07,366.88,57.31,59,1,low,day,0
EQ-HAUL-TRUCK-003,haul_truck,7716.0,74.87,3.78,173.53,338.97,65.2,57,0,medium,night,0
EQ-HAUL-TRUCK-128,haul_truck,2057.0,90.28,4.66,221.23,476.08,79.73,33,1,medium,night,1
EQ-EXCAVATOR-099,excavator,1894.5,81.83,6.69,158.18,305.14,73.87,13,2,medium,day,0
EQ-HAUL-TRUCK-137,haul_truck,4036.5,87.02,2.51,162.42,472.66,75.65,61,2,high,night,0
EQ-BALL-MILL-003,ball_mill,6416.0,98.9,7.11,213.22,540.58,56.44,37,1,high,night,1
EQ-CONVEYOR-BELT-023,conveyor_belt,3946.9,60.6,6.25,88.43,195.91,68.53,36,2,low,day,0
EQ-CONVEYOR-BELT-077,conveyor_belt,722.0,75.58,2.28,102.56,171.04,89.98,88,1,high,night,1
EQ-BALL-MILL-028,ball_mill,11388.0,83.81,4.51,180.74,593.55,79.2,37,1,medium,day,0
EQ-DRILL-RIG-079,drill_rig,4559.3,69.37,5.4,221.84,342.24,63.75,59,1,medium,night,1
EQ-DRILL-RIG-053,drill_rig,4409.7,75.18,8.19,245.67,387.8,68.07,77,0,low,night,0
EQ-EXCAVATOR-032,excavator,3363.4,74.54,3.3,219.1,293.31,77.39,24,1,medium,day,0
EQ-EXCAVATOR-116,excavator,4881.4,77.91,4.25,222.57,313.67,69.47,17,0,high,day,0
EQ-EXCAVATOR-006,excavator,6321.3,76.54,7.62,228.19,393.4,69.4,43,1,medium,night,0
EQ-EXCAVATOR-132,excavator,4200.8,65.65,5.11,218.68,321.19,98.62,113,0,medium,night,0
EQ-EXCAVATOR-024,excavator,6044.5,74.04,5.64,225.18,389.47,73.82,33,2,low,day,0
EQ-HAUL-TRUCK-088,haul_truck,4179.2,76.09,6.09,154.33,559.93,94.46,17,0,medium,day,1
EQ-EXCAVATOR-149,excavator,1978.4,80.94,4.66,252.91,336.62,82.76,19,0,medium,day,0
EQ-CRUSHER-017,crusher,1773.3,82.09,5.99,157.72,479.18,96.26,27,1,medium,day,1
EQ-EXCAVATOR-140,excavator,5322.1,92.73,3.39,195.99,391.25,71.02,33,1,high,day,0
EQ-HAUL-TRUCK-046,haul_truck,4254.2,77.63,5.74,169.94,364.97,66.25,52,3,medium,night,1
EQ-EXCAVATOR-112,excavator,6221.1,88.64,6.02,235.61,367.89,89.48,46,1,medium,day,1
EQ-CRUSHER-129,crusher,5410.2,102.56,8.96,157.83,565.33,98.61,81,0,medium,night,0
